{"content":[{"id":"fad63a3","settings":{"padding":{"unit":"px","top":"16","right":"16","bottom":"20","left":"16","isLinked":false}},"elements":[{"id":"5069d9d6","settings":[],"elements":[],"isInner":false,"widgetType":"motta-wc-breadcrumb","elType":"widget"}],"isInner":false,"elType":"container"},{"id":"3d15a80f","settings":{"margin":{"unit":"px","top":"0","right":"0","bottom":"0","left":"0","isLinked":false},"padding":{"unit":"px","top":"0","right":"16","bottom":"0","left":"16","isLinked":false}},"elements":[{"id":"1237cd9b","settings":{"image":{"url":"http:\/\/localhost\/dev\/motta\/wp-content\/uploads\/sites\/12\/2024\/01\/homev2-fashion.jpg","id":22068,"size":"","alt":"","source":"library"},"height":{"unit":"px","size":260,"sizes":[]},"title_typography_typography":"custom","text_color":"#B96459","height_mobile":{"unit":"px","size":130,"sizes":[]},"type":"minimal","align":"center","_margin":{"unit":"px","top":"0","right":"0","bottom":"40","left":"0","isLinked":false}},"elements":[],"isInner":false,"widgetType":"motta-archive-page-header","elType":"widget"},{"id":"3059a209","settings":{"order_by":"counts","thumbnail_new_typography_typography":"custom","thumbnail_shop_typography_font_size":{"unit":"px","size":1,"sizes":[]},"name_typography_typography":"custom","slides_to_show":10,"slides_to_show_tablet":7,"slides_to_show_mobile":4,"_padding":{"unit":"px","top":"0","right":"0","bottom":"35","left":"0","isLinked":false},"_padding_tablet":{"unit":"px","top":"0","right":"0","bottom":"20","left":"0","isLinked":false},"_border_border":"solid","_border_width":{"unit":"px","top":"0","right":"0","bottom":"1","left":"0","isLinked":false},"_border_color":"#ECF0F4"},"elements":[],"isInner":false,"widgetType":"motta-archive-product-categories","elType":"widget"}],"isInner":false,"elType":"container"},{"id":"4d849df0","settings":{"flex_direction":"row","flex_gap":{"unit":"px","size":0,"column":"0","row":"0"},"boxed_width":{"unit":"px","size":1170,"sizes":[]},"flex_justify_content":"flex-start","flex_align_items":"flex-start","flex_direction_tablet":"column","padding":{"unit":"px","top":"0","right":"0","bottom":"0","left":"0","isLinked":true}},"elements":[{"id":"3279a350","settings":{"flex_direction":"column","content_width":"full","width":{"unit":"%","size":24.5},"_flex_size":"none","_element_width":"initial","flex_gap":{"column":"0","row":"0","isLinked":true,"unit":"px","size":0},"width_tablet":{"unit":"%","size":100,"sizes":[]},"width_mobile":{"unit":"%","size":"","sizes":[]},"flex_direction_tablet":"row","flex_justify_content_tablet":"space-between","flex_align_items_tablet":"center","padding_tablet":{"unit":"px","top":"16","right":"16","bottom":"0","left":"16","isLinked":false},"padding":{"unit":"px","top":"10","right":"16","bottom":"16","left":"16","isLinked":false}},"elements":[{"id":"49a183fc","settings":{"tabs":[{"_id":"7089861"},{"_id":"09563d2"},{"_id":"130a78d"},{"_id":"8b3d2b2"},{"_id":"740795d"},{"_id":"b6dd449"},{"_id":"19cd15b"},{"_id":"f9812ea"},{"_id":"3fce23b"},{"_id":"f1b3a46"},{"_id":"d961c22"},{"_id":"8595655"},{"_id":"b0589bd"},{"_id":"53f0e0c"},{"_id":"072e35c"},{"_id":"092958b"},{"_id":"b9c1456"},{"_id":"8166066"}],"filters":[{"_id":"a3de042","attribute":"color","name":"Product Categories","source":"product_cat","display_attribute":"dropdown","display_default":"list","show_children_only":"yes","hide_empty_cats":"yes","show_view_more":"yes","multiple":"0"},{"_id":"47cd6d7","name":"Price","source":"price","ranges":"10-20\n20-50\n50-100"},{"_id":"751d9f0","name":"Filter By Color","source":"attribute","attribute":"color"},{"_id":"5e069dc","name":"Brands","source":"product_brand","searchable":"yes","scrollable":"yes"},{"_id":"ac1cca2","name":"Rating","source":"rating"},{"_id":"b50fb71","name":"Filter By Size","source":"attribute","attribute":"size"},{"_id":"81ad8d0","name":"Show Only","source":"product_status"}],"title":"Filters","instant":"yes","filter_name_typography_typography":"custom","filter_swatch_label_typography_typography":"custom","filter_swatch_color_typography_typography":"custom","filter_dropdown_typography_typography":"custom","icon":{"value":{"url":"http:\/\/localhost\/dev\/motta\/wp-content\/uploads\/sites\/12\/2024\/03\/filter.svg","id":23460},"library":"svg"},"filter_title_typography_typography":"custom","filter_title_padding":{"unit":"px","top":"10","right":"0","bottom":"18","left":"0","isLinked":false},"filter_title_padding_tablet":{"unit":"px","top":"10","right":"10","bottom":"10","left":"10","isLinked":true},"_padding_tablet":{"unit":"px","top":"0","right":"8","bottom":"0","left":"0","isLinked":false},"_element_width_tablet":"initial","_element_custom_width_tablet":{"unit":"%","size":50,"sizes":[]},"_element_custom_width_mobile":{"unit":"%","size":"","sizes":[]},"filter_title_spacing_tablet":{"unit":"px","size":0,"sizes":[]},"filter_button_width_tablet":{"unit":"%","size":100,"sizes":[]},"filter_button_width_mobile":{"unit":"%","size":"","sizes":[]}},"elements":[],"isInner":false,"widgetType":"motta-wc-products-filter","elType":"widget"},{"id":"580b5af2","settings":{"_padding_tablet":{"unit":"px","top":"0","right":"0","bottom":"0","left":"8","isLinked":false},"_element_width_tablet":"initial","_element_custom_width_tablet":{"unit":"%","size":50,"sizes":[]},"_element_custom_width_mobile":{"unit":"%","size":"","sizes":[]},"type":"modal","sort_by_button_width_tablet":{"unit":"%","size":100,"sizes":[]},"sort_by_button_width_mobile":{"unit":"%","size":"","sizes":[]},"sort_by_button_height_tablet":{"unit":"px","size":45,"sizes":[]},"sort_by_button_typography_typography":"custom","hide_desktop":"hidden-desktop"},"elements":[],"isInner":false,"widgetType":"motta-archive-product-ordering","elType":"widget"}],"isInner":true,"elType":"container"},{"id":"d5dda69","settings":{"flex_direction":"row","content_width":"full","width":{"unit":"%","size":75.5},"flex_justify_content":"flex-start","flex_align_items":"flex-start","flex_gap":{"column":"0","row":"0","isLinked":true,"unit":"px","size":0},"flex_wrap":"wrap","width_tablet":{"unit":"%","size":100,"sizes":[]},"width_mobile":{"unit":"%","size":"","sizes":[]},"padding_mobile":{"unit":"px","top":"20","right":"16","bottom":"0","left":"16","isLinked":false},"padding":{"unit":"px","top":"16","right":"16","bottom":"16","left":"16","isLinked":false}},"elements":[{"id":"32349bab","settings":{"flex_direction":"row","flex_justify_content":"center","border_border":"solid","border_width":{"unit":"px","top":"0","right":"0","bottom":"1","left":"0","isLinked":false},"border_color":"#ECF0F4","flex_gap":{"column":"0","row":"0","isLinked":true,"unit":"px","size":0},"padding":{"unit":"px","top":"0","right":"0","bottom":"10","left":"0","isLinked":false},"flex_justify_content_mobile":"flex-start","flex_align_items_mobile":"center"},"elements":[{"id":"13fe8afc","settings":{"content_width":"full","width":{"unit":"%","size":30,"sizes":[]},"boxed_width":{"unit":"%","size":30,"sizes":[]},"boxed_width_tablet":{"unit":"%","size":"","sizes":[]},"boxed_width_mobile":{"unit":"%","size":"","sizes":[]},"presetTitle":"Container","presetIcon":"eicon-container","padding":{"unit":"px","top":"0","right":"0","bottom":"0","left":"0","isLinked":true},"flex_justify_content":"center","flex_align_items":"flex-start","width_mobile":{"unit":"%","size":50,"sizes":[]},"flex_direction_mobile":"row","flex_justify_content_mobile":"flex-start"},"elements":[{"id":"541d0eae","settings":{"typography_typography":"custom","_element_custom_width_mobile":{"unit":"%","size":50,"sizes":[]}},"elements":[],"isInner":false,"widgetType":"motta-archive-result-count","elType":"widget"}],"isInner":true,"elType":"container"},{"id":"3dceffd0","settings":{"content_width":"full","width":{"unit":"%","size":70,"sizes":[]},"padding":{"unit":"px","top":"0","right":"0","bottom":"0","left":"0","isLinked":true},"flex_direction":"row","flex_justify_content":"flex-end","flex_align_items":"center","width_mobile":{"unit":"%","size":50,"sizes":[]}},"elements":[{"id":"195e5091","settings":{"label_typography_font_size":{"unit":"px","size":11,"sizes":[]},"_margin":{"unit":"px","top":"0","right":"0","bottom":"0","left":"0","isLinked":false},"_padding":{"unit":"px","top":"0","right":"20","bottom":"0","left":"0","isLinked":false},"_border_border":"solid","_border_width":{"unit":"px","top":"0","right":"1","bottom":"0","left":"0","isLinked":false},"_border_color":"#ECF0F4","hide_tablet":"hidden-tablet","hide_mobile":"hidden-mobile"},"elements":[],"isInner":false,"widgetType":"motta-archive-product-ordering","elType":"widget"},{"id":"63376c1d","settings":{"list":["grid_2","grid_3","grid_4","grid_5","list"],"_border_width":{"unit":"px","top":"0","right":"0","bottom":"0","left":"1","isLinked":false},"_border_color":"#ECF0F4","padding":{"unit":"px","top":"0","right":"0","bottom":"0","left":"20","isLinked":false},"margin":{"unit":"px","top":"0","right":"0","bottom":"0","left":"20","isLinked":false},"border_border":"solid","border_width":{"unit":"px","top":"0","right":"0","bottom":"0","left":"1","isLinked":false},"border_color":"#ECF0F4"},"elements":[],"isInner":false,"widgetType":"motta-archive-product-view","elType":"widget"}],"isInner":true,"elType":"container"}],"isInner":true,"elType":"container"},{"id":"7ccd9e85","settings":{"boxed_width":{"unit":"%","size":100,"sizes":[]},"boxed_width_tablet":{"unit":"%","size":"","sizes":[]},"boxed_width_mobile":{"unit":"%","size":"","sizes":[]},"border_width":{"unit":"px","top":"1","right":"0","bottom":"0","left":"0","isLinked":false},"padding":{"unit":"px","top":"10","right":"0","bottom":"0","left":"0","isLinked":false}},"elements":[{"id":"393ee059","settings":{"paginate":"yes","nothing_found_message":"It seems we can&#039;t find what you&#039;re looking for.","grid_border":"border","pagination":"loadmore"},"elements":[],"isInner":false,"widgetType":"motta-archive-products","elType":"widget"}],"isInner":true,"elType":"container"}],"isInner":true,"elType":"container"}],"isInner":false,"elType":"container"}],"page_settings":[],"version":"0.4","title":"Product Archive v2.","type":"page"}