{"content":[{"id":"2b18d7e1","settings":{"gap":"no","stretch_section":"section-stretched","background_background":"classic","background_color":"#FFDDD6","background_image":{"id":19848,"url":"https:\/\/motta.uix.store\/wp-content\/uploads\/2023\/05\/head.png","alt":"","source":"library","size":""},"background_position":"initial","background_repeat":"no-repeat","background_xpos":{"unit":"%","size":88,"sizes":[]},"background_xpos_tablet":{"unit":"%","size":-100,"sizes":[]},"background_xpos_mobile":{"unit":"%","size":-8,"sizes":[]},"margin_tablet":{"unit":"px","top":"30","right":0,"bottom":"0","left":0,"isLinked":false},"margin_mobile":{"unit":"px","top":"","right":0,"bottom":"","left":0,"isLinked":true}},"elements":[{"id":"fda9879","settings":{"_column_size":100,"_inline_size":null},"elements":[{"id":"3db778b6","settings":{"title":"Millions of shoppers<br\/> \ncan\u2019t wait to see what <br\/>\nyou have in store","primary_button_text":"Get Started","youtube_url":"https:\/\/www.youtube.com\/watch?v=XHOmBV4js_E","image":{"url":"","id":"","size":"","alt":"","source":"library"},"background_size":"contain","height":{"unit":"px","size":600,"sizes":[]},"sale_type":"icon","sale_icon":{"value":{"url":"https:\/\/motta.uix.store\/wp-content\/uploads\/2023\/05\/badge.svg","id":19849},"library":"svg"},"banner_vertical_position":"middle","title_spacing":{"unit":"px","size":41,"sizes":[]},"title_typography_typography":"custom","title_typography_font_size":{"unit":"px","size":48,"sizes":[]},"title_typography_line_height":{"unit":"px","size":60,"sizes":[]},"primary_button_size":"large","primary_button_options":"yes","primary_button_background_color":"#1D2128","sale_position_x":{"unit":"px","size":50,"sizes":[]},"sale_position_x_tablet":{"unit":"%","size":"","sizes":[]},"sale_position_x_mobile":{"unit":"%","size":100,"sizes":[]},"sale_position_y":{"unit":"%","size":82,"sizes":[]},"sale_position_y_tablet":{"unit":"%","size":"","sizes":[]},"sale_position_y_mobile":{"unit":"%","size":"","sizes":[]},"sale_width":{"unit":"px","size":160,"sizes":[]},"sale_height":{"unit":"px","size":160,"sizes":[]},"height_mobile":{"unit":"px","size":450,"sizes":[]},"title_typography_font_size_tablet":{"unit":"px","size":36,"sizes":[]},"title_typography_font_size_mobile":{"unit":"px","size":24,"sizes":[]},"title_typography_line_height_tablet":{"unit":"px","size":48,"sizes":[]},"title_typography_line_height_mobile":{"unit":"px","size":29,"sizes":[]},"primary_button_link":{"url":"https:\/\/motta.uix.store\/my-account\/","is_external":"","nofollow":"","custom_attributes":""}},"elements":[],"isInner":false,"widgetType":"motta-banner","elType":"widget"}],"isInner":false,"elType":"column"}],"isInner":false,"elType":"section"},{"id":"1f76f3be","settings":{"padding":{"unit":"px","top":"63","right":"0","bottom":"13","left":"0","isLinked":false}},"elements":[{"id":"78c9bbb9","settings":{"_column_size":100,"_inline_size":null},"elements":[{"id":"2fd89686","settings":{"title":"Learn the basics","title_size":"h5","align":"center","typography_typography":"custom","typography_font_weight":"500","spacing":{"unit":"px","size":27,"sizes":[]},"typography_font_size":{"unit":"px","size":16,"sizes":[]}},"elements":[],"isInner":false,"widgetType":"motta-heading","elType":"widget"},{"id":"8666742","settings":{"title":"Here's what you need to know <br class=\"hidden-xs\"\/>\nto start selling.","align":"center","typography_typography":"custom","typography_font_size":{"unit":"px","size":48,"sizes":[]},"typography_font_size_mobile":{"unit":"px","size":32,"sizes":[]},"typography_line_height_mobile":{"unit":"px","size":40,"sizes":[]}},"elements":[],"isInner":false,"widgetType":"motta-heading","elType":"widget"}],"isInner":false,"elType":"column"}],"isInner":false,"elType":"section"},{"id":"72ed2f64","settings":{"gap":"wide","structure":"30"},"elements":[{"id":"2bbf7187","settings":{"_column_size":33,"_inline_size":null},"elements":[{"id":"4e60421d","settings":{"icon":{"value":{"url":"https:\/\/motta.uix.store\/wp-content\/uploads\/2023\/05\/tag-icon.svg","id":19852},"library":"svg"},"title":"List your item","description":"You can list new or used items and pay a final value fee only when it sells. Learn more about fees.","alignment":"center","content_vertical_alignment":"middle","title_typography_typography":"custom","title_typography_font_size":{"unit":"px","size":24,"sizes":[]},"title_typography_font_weight":"500","title_spacing":{"unit":"px","size":19,"sizes":[]},"icon_spacing":{"unit":"px","size":22,"sizes":[]},"icon_size":{"unit":"px","size":60,"sizes":[]},"image":{"id":19843,"url":"https:\/\/motta.uix.store\/wp-content\/uploads\/2023\/05\/placeholder.png"}},"elements":[],"isInner":false,"widgetType":"motta-icon-box","elType":"widget"}],"isInner":false,"elType":"column"},{"id":"29dbf7f7","settings":{"_column_size":33,"_inline_size":null},"elements":[{"id":"2eb410a","settings":{"icon":{"value":{"url":"https:\/\/motta.uix.store\/wp-content\/uploads\/2023\/05\/shield-security.svg","id":19851},"library":"svg"},"title":"Get seller protection","description":"You\u2019re protected by policies, monitoring, and our customer service team.","alignment":"center","content_vertical_alignment":"middle","title_typography_typography":"custom","title_typography_font_size":{"unit":"px","size":24,"sizes":[]},"title_typography_font_weight":"500","title_spacing":{"unit":"px","size":19,"sizes":[]},"icon_spacing":{"unit":"px","size":22,"sizes":[]},"icon_size":{"unit":"px","size":60,"sizes":[]},"image":{"id":19844,"url":"https:\/\/motta.uix.store\/wp-content\/uploads\/2023\/05\/placeholder-1.png"}},"elements":[],"isInner":false,"widgetType":"motta-icon-box","elType":"widget"}],"isInner":false,"elType":"column"},{"id":"206c01fb","settings":{"_column_size":33,"_inline_size":null},"elements":[{"id":"26708d7f","settings":{"icon":{"value":{"url":"https:\/\/motta.uix.store\/wp-content\/uploads\/2023\/05\/pay-by-card.svg","id":19850},"library":"svg"},"title":"Choose when you get paid","description":"You can schedule either daily or weekly payouts, and we'll deposit your earnings directly into your bank account.","alignment":"center","content_vertical_alignment":"middle","title_typography_typography":"custom","title_typography_font_size":{"unit":"px","size":24,"sizes":[]},"title_typography_font_weight":"500","title_spacing":{"unit":"px","size":19,"sizes":[]},"icon_spacing":{"unit":"px","size":22,"sizes":[]},"icon_size":{"unit":"px","size":60,"sizes":[]},"image":{"id":19845,"url":"https:\/\/motta.uix.store\/wp-content\/uploads\/2023\/05\/placeholder-2.png"}},"elements":[],"isInner":false,"widgetType":"motta-icon-box","elType":"widget"}],"isInner":false,"elType":"column"}],"isInner":false,"elType":"section"},{"id":"557d92b4","settings":{"padding":{"unit":"px","top":"100","right":"0","bottom":"18","left":"0","isLinked":false}},"elements":[{"id":"377b3a4c","settings":{"_column_size":100,"_inline_size":null},"elements":[{"id":"38f60f0a","settings":{"title":"Simple, Transparent, Secure","align":"center","spacing":{"unit":"px","size":34,"sizes":[]},"typography_typography":"custom","typography_font_size":{"unit":"px","size":48,"sizes":[]},"typography_font_size_mobile":{"unit":"px","size":32,"sizes":[]},"typography_line_height_mobile":{"unit":"px","size":40,"sizes":[]}},"elements":[],"isInner":false,"widgetType":"motta-heading","elType":"widget"},{"id":"1e3c5536","settings":{"title":"We process payments on our secure, SSL-encrypted platform, and have security specialists <be class=\"hidden-xs\"\/>\nand fraud detection systems to protect you and your buyers 24\/7.","title_size":"h4","align":"center","typography_typography":"custom","typography_font_size":{"unit":"px","size":20,"sizes":[]},"typography_font_weight":"500"},"elements":[],"isInner":false,"widgetType":"motta-heading","elType":"widget"}],"isInner":false,"elType":"column"}],"isInner":false,"elType":"section"},{"id":"15a6d56e","settings":{"structure":"30","padding":{"unit":"%","top":"0","right":"20","bottom":"0","left":"20","isLinked":false},"padding_tablet":{"unit":"%","top":"0","right":"0","bottom":"0","left":"0","isLinked":true},"padding_mobile":{"unit":"%","top":"","right":"","bottom":"","left":"","isLinked":true}},"elements":[{"id":"2e134dc3","settings":{"_column_size":33,"_inline_size":null},"elements":[{"id":"1a2b75c","settings":{"primary_button_text":" Secure transactions","primary_button_icon_align":"left","primary_button_icon_indent":{"unit":"px","size":3,"sizes":[]},"primary_button_shape":"round","primary_button_typography_typography":"custom","primary_button_typography_font_size":{"unit":"px","size":16,"sizes":[]},"primary_button_typography_line_height":{"unit":"px","size":1,"sizes":[]},"primary_button_options":"yes","primary_button_padding":{"unit":"px","top":"12","right":"20","bottom":"12","left":"14","isLinked":false},"primary_button_background_color":"#F0FFB3","primary_button_color":"#596C0D","button_icon_size":{"unit":"px","size":23,"sizes":[]},"primary_button_selected_icon":{"value":{"url":"https:\/\/motta.uix.store\/wp-content\/uploads\/2023\/04\/checkbox.svg","id":19605},"library":"svg"}},"elements":[],"isInner":false,"widgetType":"motta-button","elType":"widget"}],"isInner":false,"elType":"column"},{"id":"e80a7d4","settings":{"_column_size":33,"_inline_size":null},"elements":[{"id":"793e64a4","settings":{"primary_button_text":" Automatic deposits","primary_button_icon_align":"left","primary_button_icon_indent":{"unit":"px","size":3,"sizes":[]},"primary_button_shape":"round","primary_button_typography_typography":"custom","primary_button_typography_font_size":{"unit":"px","size":16,"sizes":[]},"primary_button_typography_line_height":{"unit":"px","size":1,"sizes":[]},"primary_button_options":"yes","primary_button_padding":{"unit":"px","top":"12","right":"20","bottom":"12","left":"14","isLinked":false},"primary_button_background_color":"#F0FFB3","primary_button_color":"#596C0D","button_icon_size":{"unit":"px","size":23,"sizes":[]},"primary_button_selected_icon":{"value":{"url":"https:\/\/motta.uix.store\/wp-content\/uploads\/2023\/04\/checkbox.svg","id":19605},"library":"svg"}},"elements":[],"isInner":false,"widgetType":"motta-button","elType":"widget"}],"isInner":false,"elType":"column"},{"id":"286ef29c","settings":{"_column_size":33,"_inline_size":null},"elements":[{"id":"66a12a1","settings":{"primary_button_text":" Seller protection","primary_button_icon_align":"left","primary_button_icon_indent":{"unit":"px","size":3,"sizes":[]},"primary_button_shape":"round","primary_button_typography_typography":"custom","primary_button_typography_font_size":{"unit":"px","size":16,"sizes":[]},"primary_button_typography_line_height":{"unit":"px","size":1,"sizes":[]},"primary_button_options":"yes","primary_button_padding":{"unit":"px","top":"12","right":"20","bottom":"12","left":"14","isLinked":false},"primary_button_background_color":"#F0FFB3","primary_button_color":"#596C0D","button_icon_size":{"unit":"px","size":23,"sizes":[]},"primary_button_selected_icon":{"value":{"url":"https:\/\/motta.uix.store\/wp-content\/uploads\/2023\/04\/checkbox.svg","id":19605},"library":"svg"}},"elements":[],"isInner":false,"widgetType":"motta-button","elType":"widget"}],"isInner":false,"elType":"column"}],"isInner":false,"elType":"section"},{"id":"41e3a9be","settings":[],"elements":[{"id":"2e814284","settings":{"_column_size":100,"_inline_size":null},"elements":[{"id":"1008233e","settings":{"primary_button_text":" No additional monthly fees","primary_button_icon_align":"left","primary_button_icon_indent":{"unit":"px","size":3,"sizes":[]},"primary_button_shape":"round","primary_button_typography_typography":"custom","primary_button_typography_font_size":{"unit":"px","size":16,"sizes":[]},"primary_button_typography_line_height":{"unit":"px","size":1,"sizes":[]},"primary_button_options":"yes","primary_button_padding":{"unit":"px","top":"12","right":"20","bottom":"12","left":"14","isLinked":false},"primary_button_background_color":"#F0FFB3","primary_button_color":"#596C0D","button_icon_size":{"unit":"px","size":23,"sizes":[]},"primary_button_selected_icon":{"value":{"url":"https:\/\/motta.uix.store\/wp-content\/uploads\/2023\/04\/checkbox.svg","id":19605},"library":"svg"}},"elements":[],"isInner":false,"widgetType":"motta-button","elType":"widget"}],"isInner":false,"elType":"column"}],"isInner":false,"elType":"section"},{"id":"182414ed","settings":{"structure":"30","padding":{"unit":"px","top":"68","right":"0","bottom":"135","left":"0","isLinked":false},"padding_mobile":{"unit":"px","top":"68","right":"0","bottom":"80","left":"0","isLinked":false}},"elements":[{"id":"3e20f4b1","settings":{"_column_size":33,"_inline_size":null,"border_border":"solid","border_width":{"unit":"px","top":"2","right":"2","bottom":"2","left":"2","isLinked":true},"border_color":"#EDF1F5","border_radius":{"unit":"px","top":"50","right":"50","bottom":"50","left":"50","isLinked":true},"padding":{"unit":"px","top":"80","right":"80","bottom":"80","left":"80","isLinked":false},"margin":{"unit":"px","top":"0","right":"12","bottom":"0","left":"12","isLinked":false},"margin_mobile":{"unit":"px","top":"0","right":"12","bottom":"24","left":"12","isLinked":false},"padding_tablet":{"unit":"px","top":"80","right":"30","bottom":"80","left":"30","isLinked":false}},"elements":[{"id":"567c1859","settings":{"ending_number":0,"prefix":"$","title":"Listing Fee","number_color":"#00874F","number_spacing":{"unit":"px","size":10,"sizes":[]},"title_color":"#00874F","title_typography_typography":"custom","title_typography_font_size":{"unit":"px","size":16,"sizes":[]},"title_typography_font_weight":"700","_padding":{"unit":"px","top":"28","right":"0","bottom":"25","left":"0","isLinked":false},"_background_background":"classic","_background_color":"#CFFFC0","_border_radius":{"unit":"px","top":"20","right":"20","bottom":"20","left":"20","isLinked":true},"value_typography_typography":"custom","value_typography_font_size":{"unit":"px","size":64,"sizes":[]}},"elements":[],"isInner":false,"widgetType":"motta-counter","elType":"widget"},{"id":"48241203","settings":{"title":"Listings are active for \nfour months, or until \nthey sell.","title_size":"h4","align":"center","title_color":"#074728","typography_typography":"custom","typography_font_size":{"unit":"px","size":20,"sizes":[]},"typography_font_weight":"400","_margin":{"unit":"px","top":"43","right":"0","bottom":"0","left":"0","isLinked":false}},"elements":[],"isInner":false,"widgetType":"motta-heading","elType":"widget"}],"isInner":false,"elType":"column"},{"id":"4c0da88a","settings":{"_column_size":33,"_inline_size":null,"border_border":"solid","border_width":{"unit":"px","top":"2","right":"2","bottom":"2","left":"2","isLinked":true},"border_color":"#EDF1F5","border_radius":{"unit":"px","top":"50","right":"50","bottom":"50","left":"50","isLinked":true},"padding":{"unit":"px","top":"76","right":"55","bottom":"76","left":"55","isLinked":false},"margin":{"unit":"px","top":"0","right":"12","bottom":"0","left":"12","isLinked":false},"margin_mobile":{"unit":"px","top":"0","right":"12","bottom":"24","left":"12","isLinked":false},"padding_tablet":{"unit":"px","top":"76","right":"30","bottom":"76","left":"30","isLinked":false}},"elements":[{"id":"210094","settings":{"ending_number":2.5,"suffix":"%","title":"Transaction fee","number_color":"#7845BC","number_spacing":{"unit":"px","size":10,"sizes":[]},"title_color":"#7845BC","title_typography_typography":"custom","title_typography_font_size":{"unit":"px","size":16,"sizes":[]},"title_typography_font_weight":"700","_padding":{"unit":"px","top":"28","right":"0","bottom":"25","left":"0","isLinked":false},"_background_background":"classic","_background_color":"#F0D2FF","_border_radius":{"unit":"px","top":"20","right":"20","bottom":"20","left":"20","isLinked":true},"value_typography_typography":"custom","value_typography_font_size":{"unit":"px","size":64,"sizes":[]},"_margin":{"unit":"px","top":"0","right":"25","bottom":"0","left":"25","isLinked":false},"_margin_tablet":{"unit":"px","top":"0","right":"0","bottom":"0","left":"0","isLinked":false}},"elements":[],"isInner":false,"widgetType":"motta-counter","elType":"widget"},{"id":"3cb796b7","settings":{"title":"When you sell an item, \nthere's a small commission \nand standard payment \nprocessing fee.","title_size":"h4","align":"center","title_color":"#074728","typography_typography":"custom","typography_font_size":{"unit":"px","size":20,"sizes":[]},"typography_font_weight":"400","_margin":{"unit":"px","top":"43","right":"0","bottom":"0","left":"0","isLinked":false}},"elements":[],"isInner":false,"widgetType":"motta-heading","elType":"widget"}],"isInner":false,"elType":"column"},{"id":"3e716a68","settings":{"_column_size":33,"_inline_size":null,"border_border":"solid","border_width":{"unit":"px","top":"2","right":"2","bottom":"2","left":"2","isLinked":true},"border_color":"#EDF1F5","border_radius":{"unit":"px","top":"50","right":"50","bottom":"50","left":"50","isLinked":true},"padding":{"unit":"px","top":"80","right":"50","bottom":"80","left":"50","isLinked":false},"margin":{"unit":"px","top":"0","right":"12","bottom":"0","left":"12","isLinked":false},"padding_tablet":{"unit":"px","top":"80","right":"30","bottom":"80","left":"30","isLinked":false}},"elements":[{"id":"53275dc9","settings":{"ending_number":5,"suffix":"%","title":"5% Offsite Ads Fee*","number_color":"#EC501F","number_spacing":{"unit":"px","size":10,"sizes":[]},"title_color":"#EC501F","title_typography_typography":"custom","title_typography_font_size":{"unit":"px","size":16,"sizes":[]},"title_typography_font_weight":"700","_padding":{"unit":"px","top":"28","right":"0","bottom":"25","left":"0","isLinked":false},"_background_background":"classic","_background_color":"#FFD8B6","_border_radius":{"unit":"px","top":"20","right":"20","bottom":"20","left":"20","isLinked":true},"value_typography_typography":"custom","value_typography_font_size":{"unit":"px","size":64,"sizes":[]},"_margin":{"unit":"px","top":"0","right":"30","bottom":"0","left":"30","isLinked":false},"_margin_tablet":{"unit":"px","top":"0","right":"0","bottom":"0","left":"0","isLinked":false}},"elements":[],"isInner":false,"widgetType":"motta-counter","elType":"widget"},{"id":"4757c05a","settings":{"title":"Motta pays to advertise your\nitems across the web through\n Offsite Ads","title_size":"h4","align":"center","title_color":"#074728","typography_typography":"custom","typography_font_size":{"unit":"px","size":20,"sizes":[]},"typography_font_weight":"400","_margin":{"unit":"px","top":"43","right":"0","bottom":"0","left":"0","isLinked":false}},"elements":[],"isInner":false,"widgetType":"motta-heading","elType":"widget"}],"isInner":false,"elType":"column"}],"isInner":false,"elType":"section"},{"id":"782b8ee4","settings":{"stretch_section":"section-stretched","background_background":"classic","background_color":"#ECF0F4","padding":{"unit":"px","top":"96","right":"0","bottom":"44","left":"0","isLinked":false},"padding_mobile":{"unit":"px","top":"60","right":"0","bottom":"30","left":"0","isLinked":false}},"elements":[{"id":"24f48fb1","settings":{"_column_size":100,"_inline_size":null},"elements":[{"id":"3e0b0e90","settings":{"title":"What can you sell on Motta?","align":"center","typography_typography":"custom","typography_font_size":{"unit":"px","size":48,"sizes":[]},"typography_font_size_mobile":{"unit":"px","size":32,"sizes":[]},"typography_line_height_mobile":{"unit":"px","size":40,"sizes":[]}},"elements":[],"isInner":false,"widgetType":"motta-heading","elType":"widget"}],"isInner":false,"elType":"column"}],"isInner":false,"elType":"section"},{"id":"4ff2f24b","settings":{"stretch_section":"section-stretched","structure":"60","background_background":"classic","background_color":"#ECF0F4","padding":{"unit":"px","top":"0","right":"0","bottom":"100","left":"0","isLinked":false},"padding_mobile":{"unit":"px","top":"0","right":"0","bottom":"60","left":"0","isLinked":false}},"elements":[{"id":"3ce1b9f2","settings":{"_column_size":16,"_inline_size":null,"_inline_size_tablet":33.333,"_inline_size_mobile":50},"elements":[{"id":"1da6f7f7","settings":{"image":{"id":19855,"url":"https:\/\/motta.uix.store\/wp-content\/uploads\/2023\/05\/become-electronics.jpg","alt":"","source":"library","size":""},"title":"Electronics","description":"<a href=\"https:\/\/motta.uix.store\/product-category\/electronics\/cell-phones\/\">Cell Phones<\/a><br\/>\n<a href=\"https:\/\/motta.uix.store\/product-category\/electronics\/computers-accessories\/\">Computers<\/a><br\/>\n<a href=\"https:\/\/motta.uix.store\/product-category\/smart-tv\/\">Tv & Video<\/a><br\/>\n<a href=\"https:\/\/motta.uix.store\/product-category\/homegarden\/furniture\/\">And More...<\/a>","image_size":"custom","image_custom_dimension":{"width":"170","height":"170"},"image_border_radius":{"unit":"%","size":50,"sizes":[]},"image_border_radius_tablet":{"unit":"%","size":"","sizes":[]},"image_border_radius_mobile":{"unit":"%","size":"","sizes":[]},"image_spacing":{"unit":"px","size":11,"sizes":[]},"title_typography_typography":"custom","title_typography_font_size":{"unit":"px","size":20,"sizes":[]},"title_typography_font_weight":"500","title_spacing":{"unit":"px","size":6,"sizes":[]},"description_typography_typography":"custom","description_typography_font_size":{"unit":"px","size":16,"sizes":[]},"primary_button_link":{"url":"https:\/\/motta.uix.store\/product-category\/electronics\/","is_external":"","nofollow":"","custom_attributes":""}},"elements":[],"isInner":false,"widgetType":"motta-image-box","elType":"widget"}],"isInner":false,"elType":"column"},{"id":"28b1006c","settings":{"_column_size":16,"_inline_size":null,"_inline_size_tablet":33.333,"_inline_size_mobile":50},"elements":[{"id":"56d7a57e","settings":{"image":{"id":19857,"url":"https:\/\/motta.uix.store\/wp-content\/uploads\/2023\/05\/become-furniture.jpg","alt":"","source":"library","size":""},"title":"Furniture","description":"<a href=\"https:\/\/motta.uix.store\/product-category\/homegarden\/furniture\/\">Living Room<\/a><br\/>\n<a href=\"https:\/\/motta.uix.store\/product-category\/homegarden\/bedding\/\">Bedroom<\/a><br\/>\n<a href=\"https:\/\/motta.uix.store\/product-category\/homegarden\/kitchen-dining\/\">Kitchen & Dining<\/a><br\/>\n<a href=\"https:\/\/motta.uix.store\/product-category\/homegarden\/furniture\/\">And More...<\/a>","image_size":"custom","image_custom_dimension":{"width":"170","height":"170"},"image_border_radius":{"unit":"%","size":50,"sizes":[]},"image_border_radius_tablet":{"unit":"%","size":"","sizes":[]},"image_border_radius_mobile":{"unit":"%","size":"","sizes":[]},"image_spacing":{"unit":"px","size":11,"sizes":[]},"title_typography_typography":"custom","title_typography_font_size":{"unit":"px","size":20,"sizes":[]},"title_typography_font_weight":"500","title_spacing":{"unit":"px","size":6,"sizes":[]},"description_typography_typography":"custom","description_typography_font_size":{"unit":"px","size":16,"sizes":[]},"primary_button_link":{"url":"https:\/\/motta.uix.store\/product-category\/homegarden\/furniture","is_external":"","nofollow":"","custom_attributes":""}},"elements":[],"isInner":false,"widgetType":"motta-image-box","elType":"widget"}],"isInner":false,"elType":"column"},{"id":"390114df","settings":{"_column_size":16,"_inline_size":null,"_inline_size_tablet":33.333,"_inline_size_mobile":50},"elements":[{"id":"2c5d6fdc","settings":{"image":{"id":19856,"url":"https:\/\/motta.uix.store\/wp-content\/uploads\/2023\/05\/become-fashion.jpg","alt":"","source":"library","size":""},"title":"Fashion","description":"<a href=\"https:\/\/motta.uix.store\/product-category\/fashion\/man\/shirts\/\">Clothing<\/a><br\/>\n<a href=\"https:\/\/motta.uix.store\/product-category\/fashion\/man\/shoes-man\/\">Shoes<\/a><br\/>\n<a href=\"https:\/\/motta.uix.store\/product-category\/fashion\/man\/accessories-man\/\">Accessories<\/a><br\/>\n<a href=\"https:\/\/motta.uix.store\/product-category\/fashion\/\">And More...<\/a>","image_size":"custom","image_custom_dimension":{"width":"170","height":"170"},"image_border_radius":{"unit":"%","size":50,"sizes":[]},"image_border_radius_tablet":{"unit":"%","size":"","sizes":[]},"image_border_radius_mobile":{"unit":"%","size":"","sizes":[]},"image_spacing":{"unit":"px","size":11,"sizes":[]},"title_typography_typography":"custom","title_typography_font_size":{"unit":"px","size":20,"sizes":[]},"title_typography_font_weight":"500","title_spacing":{"unit":"px","size":6,"sizes":[]},"description_typography_typography":"custom","description_typography_font_size":{"unit":"px","size":16,"sizes":[]},"primary_button_link":{"url":"https:\/\/motta.uix.store\/product-category\/fashion","is_external":"","nofollow":"","custom_attributes":""}},"elements":[],"isInner":false,"widgetType":"motta-image-box","elType":"widget"}],"isInner":false,"elType":"column"},{"id":"2eb503cc","settings":{"_column_size":16,"_inline_size":null,"_inline_size_tablet":33.333,"_inline_size_mobile":50},"elements":[{"id":"33a54fe8","settings":{"image":{"id":19854,"url":"https:\/\/motta.uix.store\/wp-content\/uploads\/2023\/05\/become-appliances.jpg","alt":"","source":"library","size":""},"title":"Appliances","description":"<a href=\"https:\/\/motta.uix.store\/product-category\/homegarden\/kitchen-dining\/\">Kitchen Appliences<\/a><br\/>\n<a href=\"https:\/\/motta.uix.store\/product-category\/homegarden\/appliances\/\">Washers & Dryers<\/a><br\/>\n<a href=\"https:\/\/motta.uix.store\/product-category\/smart-appliances\/\">Small Appliances<\/a><br\/>\n<a href=\"https:\/\/motta.uix.store\/product-category\/homegarden\/appliances\/\">And More...<\/a>","image_size":"custom","image_custom_dimension":{"width":"170","height":"170"},"image_border_radius":{"unit":"%","size":50,"sizes":[]},"image_border_radius_tablet":{"unit":"%","size":"","sizes":[]},"image_border_radius_mobile":{"unit":"%","size":"","sizes":[]},"image_spacing":{"unit":"px","size":11,"sizes":[]},"title_typography_typography":"custom","title_typography_font_size":{"unit":"px","size":20,"sizes":[]},"title_typography_font_weight":"500","title_spacing":{"unit":"px","size":6,"sizes":[]},"description_typography_typography":"custom","description_typography_font_size":{"unit":"px","size":16,"sizes":[]},"primary_button_link":{"url":"https:\/\/motta.uix.store\/product-category\/homegarden\/appliances\/","is_external":"","nofollow":"","custom_attributes":""}},"elements":[],"isInner":false,"widgetType":"motta-image-box","elType":"widget"}],"isInner":false,"elType":"column"},{"id":"54e34361","settings":{"_column_size":16,"_inline_size":null,"_inline_size_tablet":33.333,"_inline_size_mobile":50},"elements":[{"id":"ef4f072","settings":{"image":{"id":19859,"url":"https:\/\/motta.uix.store\/wp-content\/uploads\/2023\/05\/become-toys.jpg","alt":"","source":"library","size":""},"title":"Toys & Games","description":"<a href=\"https:\/\/motta.uix.store\/product-category\/toysgames\/toys\/\">Toys<\/a><br\/>\n<a href=\"https:\/\/motta.uix.store\/product-category\/toysgames\/video-games\/\">Video Games<\/a><br\/>\n<a href=\"https:\/\/motta.uix.store\/product-category\/toysgames\/toys\/electronics-for-kids\/\">Collectibles<\/a><br\/>\n<a href=\"https:\/\/motta.uix.store\/product-category\/toysgames\/\">And More...<\/a>","image_size":"custom","image_custom_dimension":{"width":"170","height":"170"},"image_border_radius":{"unit":"%","size":50,"sizes":[]},"image_border_radius_tablet":{"unit":"%","size":"","sizes":[]},"image_border_radius_mobile":{"unit":"%","size":"","sizes":[]},"image_spacing":{"unit":"px","size":11,"sizes":[]},"title_typography_typography":"custom","title_typography_font_size":{"unit":"px","size":20,"sizes":[]},"title_typography_font_weight":"500","title_spacing":{"unit":"px","size":6,"sizes":[]},"description_typography_typography":"custom","description_typography_font_size":{"unit":"px","size":16,"sizes":[]},"primary_button_link":{"url":"https:\/\/motta.uix.store\/product-category\/toysgames\/","is_external":"","nofollow":"","custom_attributes":""}},"elements":[],"isInner":false,"widgetType":"motta-image-box","elType":"widget"}],"isInner":false,"elType":"column"},{"id":"5fc2a273","settings":{"_column_size":16,"_inline_size":null,"_inline_size_tablet":33.333,"_inline_size_mobile":50},"elements":[{"id":"1d799530","settings":{"image":{"id":19858,"url":"https:\/\/motta.uix.store\/wp-content\/uploads\/2023\/05\/become-pet.jpg","alt":"","source":"library","size":""},"title":"Pet","description":"<a href=\"https:\/\/motta.uix.store\/product-category\/pet-supplies\/\">Pet Supplies<\/a><br\/>\n<a href=\"https:\/\/motta.uix.store\/product-category\/pet-tech\/\">Pet Tech<\/a><br\/>\n<a href=\"https:\/\/motta.uix.store\/product-category\/pet-furniture\/\">Pet Furniture<\/a><br\/>\n<a href=\"https:\/\/motta.uix.store\/product-category\/pet\/\">And More...<\/a>","image_size":"custom","image_custom_dimension":{"width":"170","height":"170"},"image_border_radius":{"unit":"%","size":50,"sizes":[]},"image_border_radius_tablet":{"unit":"%","size":"","sizes":[]},"image_border_radius_mobile":{"unit":"%","size":"","sizes":[]},"image_spacing":{"unit":"px","size":11,"sizes":[]},"title_typography_typography":"custom","title_typography_font_size":{"unit":"px","size":20,"sizes":[]},"title_typography_font_weight":"500","title_spacing":{"unit":"px","size":6,"sizes":[]},"description_typography_typography":"custom","description_typography_font_size":{"unit":"px","size":16,"sizes":[]},"primary_button_link":{"url":"https:\/\/motta.uix.store\/product-category\/pet\/","is_external":"","nofollow":"","custom_attributes":""}},"elements":[],"isInner":false,"widgetType":"motta-image-box","elType":"widget"}],"isInner":false,"elType":"column"}],"isInner":false,"elType":"section"},{"id":"dfcc055","settings":{"padding":{"unit":"px","top":"94","right":"0","bottom":"34","left":"0","isLinked":false},"padding_mobile":{"unit":"px","top":"60","right":"0","bottom":"30","left":"0","isLinked":false}},"elements":[{"id":"65f41f29","settings":{"_column_size":100,"_inline_size":null},"elements":[{"id":"5e3e39b8","settings":{"title":"Frequently Asked <br class=\"hidden-xs\"\/>\nQuestions","align":"center","typography_typography":"custom","typography_font_size":{"unit":"px","size":48,"sizes":[]},"typography_font_size_mobile":{"unit":"px","size":32,"sizes":[]},"typography_line_height_mobile":{"unit":"px","size":40,"sizes":[]}},"elements":[],"isInner":false,"widgetType":"motta-heading","elType":"widget"},{"id":"4134887e","settings":{"title":"Here are some common questions about selling on Motta.","title_size":"h6","align":"center","title_color":"#7C818B","typography_typography":"custom","typography_font_size":{"unit":"px","size":16,"sizes":[]},"typography_font_weight":"400","_padding":{"unit":"px","top":"10","right":"0","bottom":"0","left":"0","isLinked":false}},"elements":[],"isInner":false,"widgetType":"motta-heading","elType":"widget"}],"isInner":false,"elType":"column"}],"isInner":false,"elType":"section"},{"id":"1448c313","settings":{"structure":"30","border_width":{"unit":"px","top":"0","right":"0","bottom":"2","left":"0","isLinked":false},"border_color":"#ECF0F4","margin":{"unit":"px","top":"0","right":0,"bottom":"0","left":0,"isLinked":true},"padding":{"unit":"px","top":"0","right":"0","bottom":"80","left":"0","isLinked":false},"padding_mobile":{"unit":"px","top":"0","right":"0","bottom":"30","left":"0","isLinked":false}},"elements":[{"id":"3bebbe8c","settings":{"_column_size":33,"_inline_size":15},"elements":[],"isInner":false,"elType":"column"},{"id":"d2ffcb","settings":{"_column_size":33,"_inline_size":69.332},"elements":[{"id":"f174a73","settings":{"tabs":[{"tab_title":"How do I get paid?","tab_content":"Lorem ipsum dolor sit amet, consectetur adipiscing elit. Ut elit tellus, luctus nec ullamcorper mattis, pulvinar dapibus leo.","_id":"da4c05d"},{"tab_title":"What do I need to do to create a shop?","tab_content":"Sed ut perspiciatis unde omnis iste natus error sit voluptatem accusantium doloremque laudantium, totam rem aperiam, eaque ipsa quae ab illo inventore veritatis et quasi architecto beatae vitae dicta sunt explicabo. Nemo enim ipsam voluptatem quia voluptas sit aspernatur aut odit aut fugit","_id":"b13d05c"},{"tab_title":"Do I need a credit or debit card to create a shop?","tab_content":"<p><strong>Quis nostrud exercitation ullamco laboris nisi ut aliquip ex ea commodo consequat. Duis aute irure dolor in reprehenderit in voluptate velit esse cillum dolore eu fugiat nulla pariatur.<\/strong><\/p><p>Excepteur sint occaecat cupidatat non proident, sunt in culpa qui officia deserunt mollit anim id est laborum. Sed ut perspiciatis unde omnis iste natus error sit voluptatem accusantium doloremque laudantium, totam rem aperiam, eaque ipsa quae ab illo inventore veritatis et quasi architecto beatae vitae dicta sunt explicabo. Nemo enim ipsam voluptatem quia voluptas sit aspernatur aut odit aut fugit<\/p>","_id":"0c8069d"},{"tab_title":"How do fees work on Motta?","tab_content":"<p>Excepteur sint occaecat cupidatat non proident, sunt in culpa qui officia deserunt mollit anim id est laborum. Sed ut perspiciatis unde omnis iste natus error sit voluptatem accusantium doloremque laudantium, totam rem aperiam, eaque ipsa quae ab illo inventore veritatis et quasi architecto beatae vitae dicta sunt explicabo. Nemo enim ipsam voluptatem quia voluptas sit aspernatur aut odit aut fugit<\/p>","_id":"8077734"}],"title_typography_typography":"custom","title_typography_font_size":{"unit":"px","size":16,"sizes":[]},"title_typography_font_weight":"600","style":"2"},"elements":[],"isInner":false,"widgetType":"motta-accordion","elType":"widget"}],"isInner":false,"elType":"column"},{"id":"74495c3c","settings":{"_column_size":33,"_inline_size":15},"elements":[],"isInner":false,"elType":"column"}],"isInner":false,"elType":"section"},{"id":"39d2eb1f","settings":{"content_width":{"unit":"px","size":1264,"sizes":[]},"margin":{"unit":"px","top":"0","right":0,"bottom":"40","left":0,"isLinked":false},"stretch_section":"section-stretched"},"elements":[{"id":"4259bd3f","settings":{"_column_size":100,"_inline_size":null},"elements":[{"id":"2220cad4","settings":{"layout":"full_width","gap":"extended","background_background":"classic","background_color":"#B6FFB0","padding":{"unit":"px","top":"100","right":"0","bottom":"100","left":"0","isLinked":false},"padding_mobile":{"unit":"px","top":"55","right":"0","bottom":"55","left":"0","isLinked":false}},"elements":[{"id":"53fa8e0d","settings":{"_column_size":100,"_inline_size":null},"elements":[{"id":"19406cd3","settings":{"before_title":"Our Story","title":"Ready to start selling?","title_size":"p","before_title_spacing":{"unit":"px","size":32,"sizes":[]},"typography_typography":"custom","typography_font_size":{"unit":"px","size":16,"sizes":[]},"typography_font_weight":"500","align_mobile":"center","typography_line_height_mobile":{"unit":"px","size":"","sizes":[]},"before_title_spacing_mobile":{"unit":"px","size":24,"sizes":[]},"_padding":{"unit":"px","top":"10","right":"0","bottom":"0","left":"0","isLinked":false},"_padding_mobile":{"unit":"px","top":"0","right":"0","bottom":"0","left":"0","isLinked":true},"align":"center","spacing":{"unit":"px","size":20,"sizes":[]}},"elements":[],"isInner":false,"widgetType":"motta-heading","elType":"widget"},{"id":"42eb4735","settings":{"before_title":"Purchase Theme","title":"In just a few minutes your shop<br class=\"hidden-xs\"\/>\ncan be open for business.","align":"center","before_title_spacing":{"unit":"px","size":30,"sizes":[]},"typography_typography":"custom","typography_line_height":{"unit":"px","size":64,"sizes":[]},"_margin":{"unit":"px","top":"0","right":"0","bottom":"34","left":"0","isLinked":false},"typography_font_size_tablet":{"unit":"px","size":40,"sizes":[]},"typography_font_size_mobile":{"unit":"px","size":32,"sizes":[]},"typography_line_height_tablet":{"unit":"px","size":60,"sizes":[]},"typography_line_height_mobile":{"unit":"px","size":40,"sizes":[]},"before_title_spacing_mobile":{"unit":"px","size":24,"sizes":[]},"_margin_mobile":{"unit":"px","top":"0","right":"0","bottom":"20","left":"0","isLinked":false},"typography_font_size":{"unit":"px","size":48,"sizes":[]}},"elements":[],"isInner":false,"widgetType":"motta-heading","elType":"widget"},{"id":"6162061b","settings":{"title":"Purchase Theme","link":{"url":"#","is_external":"","nofollow":"","custom_attributes":""},"padding":{"unit":"px","top":"0","right":"50","bottom":"0","left":"50","isLinked":false},"_padding_mobile":{"unit":"px","top":"4","right":"0","bottom":"0","left":"0","isLinked":false},"skin":"base","background_color":"#1D2128","color":"#FFFFFF","primary_button_text":"Open Your Shop","primary_button_link":{"url":"https:\/\/motta.uix.store\/my-account\/","is_external":"","nofollow":"","custom_attributes":""},"primary_button_size":"large","primary_button_options":"yes","primary_button_width":{"unit":"px","size":200,"sizes":[]},"primary_button_background_color":"#1D2128"},"elements":[],"isInner":false,"widgetType":"motta-button","elType":"widget"}],"isInner":true,"elType":"column"}],"isInner":true,"elType":"section"}],"isInner":false,"elType":"column"}],"isInner":false,"elType":"section"},{"id":"59b9064","settings":{"structure":"40","margin":{"unit":"px","top":"","right":0,"bottom":"","left":0,"isLinked":true},"margin_mobile":{"unit":"px","top":"","right":0,"bottom":"","left":0,"isLinked":true},"padding":{"unit":"px","top":"35","right":"0","bottom":"28","left":"0","isLinked":false},"padding_mobile":{"unit":"px","top":"35","right":"20","bottom":"5","left":"36","isLinked":false}},"elements":[{"id":"1b4ffb29","settings":{"_column_size":25,"_inline_size":8.33,"_inline_size_tablet":100,"hide_tablet":"hidden-tablet","hide_mobile":"hidden-mobile"},"elements":[],"isInner":false,"elType":"column"},{"id":"16190e04","settings":{"_column_size":25,"_inline_size":32,"_inline_size_tablet":33,"padding_mobile":{"unit":"px","top":"16","right":"16","bottom":"16","left":"16","isLinked":true}},"elements":[{"id":"2745a502","settings":{"icon":{"value":{"url":"https:\/\/motta.uix.store\/wp-content\/uploads\/2022\/07\/contact-fv4.svg","id":14218},"library":"svg"},"title":"Didn't find what you were looking for?","description":"","button":"Contact Us","position":"left","icon_spacing":{"unit":"px","size":12,"sizes":[]},"icon_size":{"unit":"px","size":30,"sizes":[]},"title_spacing":{"unit":"px","size":0,"sizes":[]},"position_tablet":"left","position_mobile":"left","title_size":"div","title_typography_typography":"custom","title_typography_font_size":{"unit":"px","size":14,"sizes":[]},"title_typography_font_weight":"500","button_underline":"show","image":{"id":"","url":"https:\/\/motta.uix.store\/wp-content\/plugins\/elementor\/assets\/images\/placeholder.png"},"primary_button_text":"Contact Us","primary_button_link":{"url":"https:\/\/motta.uix.store\/electronic\/contact-us-v1\/","is_external":"","nofollow":"","custom_attributes":""},"description_typography_typography":"custom","primary_button_typography_typography":"custom","primary_button_typography_font_weight":"400"},"elements":[],"isInner":false,"widgetType":"motta-icon-box","elType":"widget"}],"isInner":false,"elType":"column"},{"id":"17eb8786","settings":{"_column_size":25,"_inline_size":27,"_inline_size_tablet":33,"padding_mobile":{"unit":"px","top":"16","right":"16","bottom":"16","left":"16","isLinked":true}},"elements":[{"id":"65fa26d3","settings":{"icon":{"value":{"url":"https:\/\/motta.uix.store\/wp-content\/uploads\/2022\/09\/help-fv4.svg","id":14157},"library":"svg"},"title":"How can we help you today?","description":"","button":"Help Center","position":"left","icon_spacing":{"unit":"px","size":12,"sizes":[]},"icon_size":{"unit":"px","size":30,"sizes":[]},"title_spacing":{"unit":"px","size":0,"sizes":[]},"position_tablet":"left","position_mobile":"left","title_size":"div","title_typography_typography":"custom","title_typography_font_size":{"unit":"px","size":14,"sizes":[]},"title_typography_font_weight":"500","button_underline":"show","image":{"id":"","url":"https:\/\/motta.uix.store\/wp-content\/plugins\/elementor\/assets\/images\/placeholder.png"},"primary_button_text":"Help Center","primary_button_link":{"url":"https:\/\/motta.uix.store\/electronic\/help-center\/","is_external":"","nofollow":"","custom_attributes":""},"description_typography_typography":"custom","primary_button_typography_typography":"custom","primary_button_typography_font_weight":"400"},"elements":[],"isInner":false,"widgetType":"motta-icon-box","elType":"widget"}],"isInner":false,"elType":"column"},{"id":"7b06a56c","settings":{"_column_size":25,"_inline_size":32.67,"_inline_size_tablet":33,"padding_mobile":{"unit":"px","top":"16","right":"16","bottom":"16","left":"16","isLinked":true}},"elements":[{"id":"613826dd","settings":{"icon":{"value":{"url":"https:\/\/motta.uix.store\/wp-content\/uploads\/2022\/07\/feedback-fv4.svg","id":14219},"library":"svg"},"title":"We\u2019d love to hear what you think!","description":"","button":"Give Feedback","position":"left","icon_spacing":{"unit":"px","size":12,"sizes":[]},"icon_size":{"unit":"px","size":30,"sizes":[]},"title_spacing":{"unit":"px","size":0,"sizes":[]},"position_tablet":"left","position_mobile":"left","title_size":"div","title_typography_typography":"custom","title_typography_font_size":{"unit":"px","size":14,"sizes":[]},"title_typography_font_weight":"500","button_underline":"show","image":{"id":"","url":"https:\/\/motta.uix.store\/wp-content\/plugins\/elementor\/assets\/images\/placeholder.png"},"primary_button_text":"Give Feedback","primary_button_link":{"url":"https:\/\/motta.uix.store\/electronic\/feedback\/","is_external":"","nofollow":"","custom_attributes":""},"description_typography_typography":"custom","primary_button_typography_typography":"custom","primary_button_typography_font_weight":"400"},"elements":[],"isInner":false,"widgetType":"motta-icon-box","elType":"widget"}],"isInner":false,"elType":"column"}],"isInner":false,"elType":"section"}],"page_settings":{"motta_hide_header_section":"default","motta_hide_topbar":"default","motta_hide_campain_bar":"default","motta_hide_header_border":"default","motta_hide_page_header":"1","motta_hide_title":"default","motta_hide_breadcrumb":"default","motta_content_top_spacing":"no","motta_content_top_padding":{"unit":"px","size":"63","sizes":[]},"motta_content_bottom_spacing":"no","motta_content_bottom_padding":{"unit":"px","size":"63","sizes":[]},"motta_hide_footer_section":"default"},"version":"0.4","title":"Become A Vendor","type":"page"}