{"content":[{"id":"1478d764","settings":{"structure":"20","margin":{"unit":"px","top":"","right":0,"bottom":"","left":0,"isLinked":true},"margin_mobile":{"unit":"px","top":"","right":0,"bottom":"","left":0,"isLinked":true},"padding":{"unit":"px","top":"50","right":"0","bottom":"97","left":"0","isLinked":false},"padding_mobile":{"unit":"px","top":"40","right":"0","bottom":"33","left":"0","isLinked":false}},"elements":[{"id":"24aaa40a","settings":{"_column_size":50,"_inline_size":null},"elements":[{"id":"53c0b66f","settings":{"title":"We hope you'll<br\/>\nconsider joining<br\/>  \nour rapidly<br\/> \ngrowing team","spacing":{"unit":"px","size":10,"sizes":[]},"align_mobile":"center","typography_typography":"custom","typography_font_size_tablet":{"unit":"px","size":28,"sizes":[]},"typography_font_size_mobile":{"unit":"px","size":32,"sizes":[]},"typography_line_height_tablet":{"unit":"px","size":40,"sizes":[]},"typography_line_height_mobile":{"unit":"px","size":"","sizes":[]},"spacing_mobile":{"unit":"px","size":0,"sizes":[]},"typography_line_height":{"unit":"px","size":64,"sizes":[]},"typography_font_size":{"unit":"px","size":54,"sizes":[]},"_padding":{"unit":"px","top":"65","right":"0","bottom":"18","left":"0","isLinked":false},"_padding_tablet":{"unit":"px","top":"0","right":"0","bottom":"10","left":"0","isLinked":false},"_padding_mobile":{"unit":"px","top":"0","right":"0","bottom":"1","left":"0","isLinked":false}},"elements":[],"isInner":false,"widgetType":"motta-heading","elType":"widget"},{"id":"39f1e12e","settings":{"title":"Take a look at these current vacancies, and get in touch if\nsomething catches your eye.","align_mobile":"center","typography_typography":"custom","typography_font_size":{"unit":"px","size":18,"sizes":[]},"typography_font_size_mobile":{"unit":"px","size":14,"sizes":[]},"typography_font_weight":"500","typography_line_height":{"unit":"px","size":24,"sizes":[]},"typography_line_height_mobile":{"unit":"px","size":"","sizes":[]},"_margin_mobile":{"unit":"px","top":"0","right":"0","bottom":"0","left":"0","isLinked":false},"_padding":{"unit":"%","top":"0","right":"5","bottom":"0","left":"0","isLinked":false},"_padding_tablet":{"unit":"%","top":"","right":"","bottom":"","left":"","isLinked":true},"_padding_mobile":{"unit":"px","top":"18","right":"0","bottom":"0","left":"0","isLinked":false}},"elements":[],"isInner":false,"widgetType":"motta-heading","elType":"widget"},{"id":"1c339c66","settings":{"title":"View Open Roles","align":"","align_mobile":"center","padding":{"unit":"px","top":"0","right":"48","bottom":"0","left":"48","isLinked":false},"background_color":"#1D2128","shape":"sharp","button_box_shadow_color":"#02010100","_padding":{"unit":"px","top":"26","right":"0","bottom":"0","left":"0","isLinked":false},"_padding_mobile":{"unit":"px","top":"24","right":"0","bottom":"15","left":"0","isLinked":false},"primary_button_text":"View Open Roles","primary_button_link":{"url":"https:\/\/motta.uix.store\/faq-v2\/","is_external":"","nofollow":"","custom_attributes":""},"primary_button_size":"large","primary_button_options":"yes","primary_button_width":{"unit":"px","size":200,"sizes":[]},"primary_button_background_color":"#1D2128"},"elements":[],"isInner":false,"widgetType":"motta-button","elType":"widget"}],"isInner":false,"elType":"column"},{"id":"10aa8d8a","settings":{"_column_size":50,"_inline_size":null},"elements":[{"id":"58846291","settings":{"image":{"id":173,"url":"http:\/\/localhost\/dev\/motta\/wp-content\/uploads\/sites\/12\/2022\/04\/head-careers.jpg","alt":"","source":"library"},"image_size":"full","space_mobile":{"unit":"%","size":100,"sizes":[]}},"elements":[],"isInner":false,"widgetType":"image","elType":"widget"}],"isInner":false,"elType":"column"}],"isInner":false,"elType":"section"},{"id":"172fb6f3","settings":{"content_width":{"unit":"px","size":1292,"sizes":[]},"stretch_section":"section-stretched","margin":{"unit":"px","top":"","right":0,"bottom":"","left":0,"isLinked":true},"margin_mobile":{"unit":"px","top":"0","right":0,"bottom":"0","left":0,"isLinked":false},"padding":{"unit":"px","top":"0","right":"0","bottom":"72","left":"0","isLinked":false},"padding_mobile":{"unit":"px","top":"0","right":"0","bottom":"0","left":"0","isLinked":false}},"elements":[{"id":"778714f7","settings":{"_column_size":100,"_inline_size":null},"elements":[{"id":"106eab8a","settings":{"layout":"full_width","gap":"no","structure":"40","background_background":"classic","background_color":"#D7F4F2","padding":{"unit":"px","top":"52","right":"50","bottom":"51","left":"46","isLinked":false},"padding_mobile":{"unit":"px","top":"13","right":"20","bottom":"41","left":"10","isLinked":false}},"elements":[{"id":"385702c2","settings":{"_column_size":25,"_inline_size":50,"_inline_size_tablet":100},"elements":[{"id":"473ef6a5","settings":{"title":"Get to know us\n","align":"center","typography_typography":"custom","typography_font_weight":"500","before_title_typography_typography":"custom","before_title_typography_font_size_mobile":{"unit":"px","size":32,"sizes":[]},"before_title_typography_line_height_mobile":{"unit":"px","size":32,"sizes":[]},"typography_font_size_mobile":{"unit":"px","size":32,"sizes":[]},"typography_line_height_mobile":{"unit":"px","size":32,"sizes":[]},"_padding":{"unit":"px","top":"34","right":"0","bottom":"0","left":"11","isLinked":false}},"elements":[],"isInner":false,"widgetType":"motta-heading","elType":"widget"},{"id":"6436277f","settings":{"title":"Where every day matters","align":"center","typography_typography":"custom","typography_font_size":{"unit":"px","size":18,"sizes":[]},"typography_font_size_mobile":{"unit":"px","size":14,"sizes":[]},"typography_font_weight":"500","typography_line_height":{"unit":"px","size":32,"sizes":[]},"_padding":{"unit":"px","top":"10","right":"0","bottom":"0","left":"10","isLinked":false},"_padding_mobile":{"unit":"px","top":"18","right":"0","bottom":"20","left":"10","isLinked":false}},"elements":[],"isInner":false,"widgetType":"motta-heading","elType":"widget"}],"isInner":true,"elType":"column"},{"id":"46b7aa6","settings":{"_column_size":25,"_inline_size":16.666,"_inline_size_tablet":33.333,"padding_mobile":{"unit":"px","top":"0","right":"45","bottom":"24","left":"53","isLinked":false}},"elements":[{"id":"6da409cb","settings":{"ending_number":56,"title":"People","number_color":"#D7F4F2","value_typography_typography":"custom","title_color":"#D7F4F2","title_typography_typography":"custom","title_typography_font_size":{"unit":"px","size":14,"sizes":[]},"_padding":{"unit":"px","top":"43","right":"0","bottom":"41","left":"0","isLinked":false},"_padding_mobile":{"unit":"px","top":"43","right":"0","bottom":"43","left":"0","isLinked":false},"_background_background":"classic","_background_color":"#1D2128","value_typography_font_size":{"unit":"px","size":52,"sizes":[]},"number_spacing_mobile":{"unit":"px","size":18,"sizes":[]}},"elements":[],"isInner":false,"widgetType":"motta-counter","elType":"widget"}],"isInner":true,"elType":"column"},{"id":"5a8f508","settings":{"_column_size":25,"_inline_size":16.42,"_inline_size_tablet":33.333,"padding_mobile":{"unit":"px","top":"0","right":"45","bottom":"24","left":"53","isLinked":false}},"elements":[{"id":"72e9ab05","settings":{"ending_number":4,"title":"Countries","number_color":"#D7F4F2","value_typography_typography":"custom","title_color":"#D7F4F2","title_typography_typography":"custom","title_typography_font_size":{"unit":"px","size":14,"sizes":[]},"_padding":{"unit":"px","top":"43","right":"0","bottom":"41","left":"0","isLinked":false},"_padding_mobile":{"unit":"px","top":"43","right":"0","bottom":"43","left":"0","isLinked":false},"_background_background":"classic","_background_color":"#1D2128","value_typography_font_size":{"unit":"px","size":52,"sizes":[]},"number_spacing_mobile":{"unit":"px","size":18,"sizes":[]}},"elements":[],"isInner":false,"widgetType":"motta-counter","elType":"widget"}],"isInner":true,"elType":"column"},{"id":"66f87b5f","settings":{"_column_size":25,"_inline_size":16.666,"_inline_size_tablet":33.333,"padding_mobile":{"unit":"px","top":"0","right":"44","bottom":"24","left":"54","isLinked":false}},"elements":[{"id":"51a4d9a8","settings":{"ending_number":768,"title":"Deploys per day","number_color":"#D7F4F2","value_typography_typography":"custom","title_color":"#D7F4F2","title_typography_typography":"custom","title_typography_font_size":{"unit":"px","size":14,"sizes":[]},"_padding":{"unit":"px","top":"43","right":"0","bottom":"41","left":"0","isLinked":false},"_padding_mobile":{"unit":"px","top":"43","right":"0","bottom":"43","left":"0","isLinked":false},"_background_background":"classic","_background_color":"#1D2128","value_typography_font_size":{"unit":"px","size":52,"sizes":[]},"number_spacing_mobile":{"unit":"px","size":18,"sizes":[]}},"elements":[],"isInner":false,"widgetType":"motta-counter","elType":"widget"}],"isInner":true,"elType":"column"}],"isInner":true,"elType":"section"}],"isInner":false,"elType":"column"}],"isInner":false,"elType":"section"},{"id":"7b3a8d5b","settings":{"margin":{"unit":"px","top":"","right":0,"bottom":"","left":0,"isLinked":true},"margin_mobile":{"unit":"px","top":"","right":0,"bottom":"","left":0,"isLinked":true},"padding":{"unit":"px","top":"0","right":"0","bottom":"42","left":"0","isLinked":false},"padding_mobile":{"unit":"px","top":"23","right":"0","bottom":"8","left":"0","isLinked":false}},"elements":[{"id":"37694b6f","settings":{"_column_size":100,"_inline_size":null},"elements":[{"id":"dc40ca3","settings":{"before_title":"Our Values","title":"Our values","align":"center","before_title_typography_typography":"custom","before_title_typography_line_height":{"unit":"px","size":64,"sizes":[]},"typography_typography":"custom","typography_line_height_tablet":{"unit":"px","size":"","sizes":[]},"typography_line_height_mobile":{"unit":"px","size":"","sizes":[]},"before_title_spacing_mobile":{"unit":"px","size":4,"sizes":[]},"typography_font_weight":"500","before_title_spacing":{"unit":"px","size":11,"sizes":[]},"typography_font_size":{"unit":"px","size":18,"sizes":[]},"spacing":{"unit":"px","size":25,"sizes":[]}},"elements":[],"isInner":false,"widgetType":"motta-heading","elType":"widget"},{"id":"45f2d9c","settings":{"before_title":"Our Values","title":"Our values are what make<br class=\"hidden-xs\"\/>\nus unique, drive our company<br class=\"hidden-xs\"\/>\nculture, and govern everything<br class=\"hidden-xs\"\/>\nwe do.","align":"center","before_title_typography_typography":"custom","before_title_typography_line_height":{"unit":"px","size":64,"sizes":[]},"typography_typography":"custom","typography_line_height":{"unit":"px","size":64,"sizes":[]},"typography_font_size_tablet":{"unit":"px","size":40,"sizes":[]},"typography_line_height_tablet":{"unit":"px","size":56,"sizes":[]},"typography_line_height_mobile":{"unit":"px","size":40,"sizes":[]},"typography_font_size_mobile":{"unit":"px","size":32,"sizes":[]},"before_title_spacing_mobile":{"unit":"px","size":4,"sizes":[]},"typography_font_weight":"500","before_title_spacing":{"unit":"px","size":11,"sizes":[]}},"elements":[],"isInner":false,"widgetType":"motta-heading","elType":"widget"}],"isInner":false,"elType":"column"}],"isInner":false,"elType":"section"},{"id":"a69253","settings":{"structure":"20"},"elements":[{"id":"45ca1cef","settings":{"_column_size":50,"_inline_size":null},"elements":[{"id":"6f32352c","settings":{"image":{"id":174,"url":"http:\/\/localhost\/dev\/motta\/wp-content\/uploads\/sites\/12\/2022\/04\/careers.jpg","alt":"","source":"library"},"image_size":"full","_padding":{"unit":"px","top":"0","right":"57","bottom":"0","left":"62","isLinked":false},"_padding_tablet":{"unit":"px","top":"0","right":"0","bottom":"0","left":"0","isLinked":false},"_margin_mobile":{"unit":"px","top":"0","right":"0","bottom":"36","left":"0","isLinked":false},"space_mobile":{"unit":"%","size":100,"sizes":[]}},"elements":[],"isInner":false,"widgetType":"image","elType":"widget"}],"isInner":false,"elType":"column"},{"id":"40cf052d","settings":{"_column_size":50,"_inline_size":null,"content_position":"top","padding":{"unit":"px","top":"46","right":"0","bottom":"0","left":"110","isLinked":false},"padding_tablet":{"unit":"px","top":"10","right":"10","bottom":"10","left":"10","isLinked":true},"padding_mobile":{"unit":"px","top":"2","right":"16","bottom":"16","left":"16","isLinked":false}},"elements":[{"id":"6275e759","settings":{"title":"Make service your mission","description":"Give the highest level of support to our<br class=\"hidden-xs\"\/> partners and to one another.","icon":{"value":{"url":"https:\/\/motta.uix.store\/wp-content\/uploads\/2022\/09\/Make-service.svg","id":14176},"library":"svg"},"position":"left","icon_spacing":{"unit":"px","size":38,"sizes":[]},"icon_size":{"unit":"px","size":32,"sizes":[]},"icon_spacing_mobile":{"unit":"px","size":28,"sizes":[]},"title_spacing_mobile":{"unit":"px","size":9,"sizes":[]},"_margin_mobile":{"unit":"px","top":"0","right":"0","bottom":"5","left":"0","isLinked":false},"title_typography_typography":"custom","title_typography_font_size":{"unit":"px","size":24,"sizes":[]},"title_typography_font_weight":"500","title_typography_line_height":{"unit":"px","size":32,"sizes":[]},"title_spacing":{"unit":"px","size":8,"sizes":[]},"description_typography_typography":"custom","description_typography_font_size":{"unit":"px","size":16,"sizes":[]},"description_typography_line_height":{"unit":"px","size":24,"sizes":[]},"_margin":{"unit":"px","top":"0","right":"0","bottom":"4","left":"0","isLinked":false},"description_spacing":{"unit":"px","size":31,"sizes":[]},"description_spacing_mobile":{"unit":"px","size":30,"sizes":[]},"image":{"id":8461,"url":"http:\/\/localhost\/dev\/motta\/wp-content\/uploads\/sites\/12\/2022\/07\/placeholder-7.png"}},"elements":[],"isInner":false,"widgetType":"motta-icon-box","elType":"widget"},{"id":"1320dd39","settings":{"title":"Strive for excellence","description":"Don't settle for second best.","icon":{"value":{"url":"https:\/\/motta.uix.store\/wp-content\/uploads\/2022\/09\/Strive-for-excellence.svg","id":14177},"library":"svg"},"position":"left","icon_spacing":{"unit":"px","size":38,"sizes":[]},"icon_size":{"unit":"px","size":32,"sizes":[]},"icon_spacing_mobile":{"unit":"px","size":28,"sizes":[]},"title_spacing_mobile":{"unit":"px","size":9,"sizes":[]},"title_typography_typography":"custom","title_typography_font_size":{"unit":"px","size":24,"sizes":[]},"title_typography_font_weight":"500","title_typography_line_height":{"unit":"px","size":32,"sizes":[]},"title_spacing":{"unit":"px","size":8,"sizes":[]},"description_typography_typography":"custom","description_typography_font_size":{"unit":"px","size":16,"sizes":[]},"description_typography_line_height":{"unit":"px","size":24,"sizes":[]},"_margin":{"unit":"px","top":"0","right":"0","bottom":"4","left":"0","isLinked":false},"description_spacing":{"unit":"px","size":31,"sizes":[]},"description_spacing_mobile":{"unit":"px","size":61,"sizes":[]},"_margin_mobile":{"unit":"px","top":"0","right":"0","bottom":"0","left":"0","isLinked":false},"image":{"id":8462,"url":"http:\/\/localhost\/dev\/motta\/wp-content\/uploads\/sites\/12\/2022\/07\/placeholder-8.png"}},"elements":[],"isInner":false,"widgetType":"motta-icon-box","elType":"widget"},{"id":"77b13b54","settings":{"title":"Win Together","description":"We count on each other, always offer<br class=\"hidden-xs\"\/> help, and  focus on solutions.","icon":{"value":{"url":"https:\/\/motta.uix.store\/wp-content\/uploads\/2022\/09\/Win-Together.svg","id":14178},"library":"svg"},"position":"left","icon_spacing":{"unit":"px","size":40,"sizes":[]},"icon_size":{"unit":"px","size":32,"sizes":[]},"icon_spacing_mobile":{"unit":"px","size":28,"sizes":[]},"title_spacing_mobile":{"unit":"px","size":9,"sizes":[]},"title_typography_typography":"custom","title_typography_font_size":{"unit":"px","size":24,"sizes":[]},"title_typography_font_weight":"500","title_typography_line_height":{"unit":"px","size":32,"sizes":[]},"title_spacing":{"unit":"px","size":8,"sizes":[]},"description_typography_typography":"custom","description_typography_font_size":{"unit":"px","size":16,"sizes":[]},"description_typography_line_height":{"unit":"px","size":24,"sizes":[]},"_padding":{"unit":"px","top":"26","right":"0","bottom":"0","left":"0","isLinked":false},"_padding_mobile":{"unit":"px","top":"0","right":"0","bottom":"0","left":"0","isLinked":true},"image":{"id":8463,"url":"http:\/\/localhost\/dev\/motta\/wp-content\/uploads\/sites\/12\/2022\/07\/placeholder-9.png"}},"elements":[],"isInner":false,"widgetType":"motta-icon-box","elType":"widget"}],"isInner":false,"elType":"column"}],"isInner":false,"elType":"section"},{"id":"74f6592b","settings":{"margin":{"unit":"px","top":"","right":0,"bottom":"","left":0,"isLinked":true},"padding":{"unit":"px","top":"96","right":"0","bottom":"23","left":"0","isLinked":false},"padding_mobile":{"unit":"px","top":"68","right":"0","bottom":"0","left":"0","isLinked":false}},"elements":[{"id":"67f7f359","settings":{"_column_size":100,"_inline_size":null},"elements":[{"id":"432d3f9","settings":{"before_title":"Our Values","title":"Our locations","align":"center","before_title_typography_typography":"custom","before_title_typography_line_height":{"unit":"px","size":64,"sizes":[]},"typography_typography":"custom","typography_line_height_tablet":{"unit":"px","size":"","sizes":[]},"typography_line_height_mobile":{"unit":"px","size":"","sizes":[]},"before_title_spacing_mobile":{"unit":"px","size":4,"sizes":[]},"typography_font_weight":"500","before_title_spacing":{"unit":"px","size":11,"sizes":[]},"typography_font_size":{"unit":"px","size":18,"sizes":[]},"spacing":{"unit":"px","size":25,"sizes":[]}},"elements":[],"isInner":false,"widgetType":"motta-heading","elType":"widget"},{"id":"301ae760","settings":{"before_title":"Our Locations","title":"Stores around the world","align":"center","before_title_spacing":{"unit":"px","size":21,"sizes":[]},"typography_typography":"custom","typography_font_weight":"500","typography_line_height":{"unit":"px","size":64,"sizes":[]},"typography_font_size_tablet":{"unit":"px","size":40,"sizes":[]},"typography_font_size_mobile":{"unit":"px","size":32,"sizes":[]},"typography_line_height_tablet":{"unit":"px","size":60,"sizes":[]},"typography_line_height_mobile":{"unit":"px","size":40,"sizes":[]},"before_title_spacing_mobile":{"unit":"px","size":29,"sizes":[]}},"elements":[],"isInner":false,"widgetType":"motta-heading","elType":"widget"}],"isInner":false,"elType":"column"}],"isInner":false,"elType":"section"},{"id":"32c5dc3c","settings":{"structure":"30","margin":{"unit":"px","top":"","right":0,"bottom":"","left":0,"isLinked":true},"margin_mobile":{"unit":"px","top":"","right":0,"bottom":"","left":0,"isLinked":true},"section_horizontal_scroll_mobile":"on","section_horizontal_scroll_width":66,"mobile_column_alignment":"column_md","padding_mobile":{"unit":"px","top":"0","right":"0","bottom":"50","left":"0","isLinked":false},"padding":{"unit":"px","top":"0","right":"0","bottom":"149","left":"0","isLinked":false},"padding_tablet":{"unit":"px","top":"0","right":"0","bottom":"100","left":"0","isLinked":false}},"elements":[{"id":"671ceb00","settings":{"_column_size":33,"_inline_size":null},"elements":[{"id":"9c3f14b","settings":{"image":{"id":167,"url":"http:\/\/localhost\/dev\/motta\/wp-content\/uploads\/sites\/12\/2022\/04\/about-us-v2-1.png","alt":"","source":"library"},"title":"Los Angeles","description":"340 Main Street Los Angeles,<br class=\"hidden-lg hidden-sm\"> CA 90291<br\/> <span style=\"font-weight: 500;\">United States<\/span>","title_typography_font_size":{"unit":"px","size":26,"sizes":[]},"title_typography_font_weight":"700","description_typography_font_size":{"unit":"px","size":12,"sizes":[]},"description_typography_line_height":{"unit":"px","size":24,"sizes":[]},"title_typography_typography":"custom","title_typography_font_size_mobile":{"unit":"px","size":16,"sizes":[]},"title_typography_line_height_mobile":{"unit":"px","size":32,"sizes":[]},"link":{"url":"#","is_external":"","nofollow":"","custom_attributes":""},"image_spacing":{"unit":"px","size":23,"sizes":[]},"title_spacing":{"unit":"px","size":9,"sizes":[]},"image_spacing_mobile":{"unit":"px","size":7,"sizes":[]},"title_spacing_mobile":{"unit":"px","size":0,"sizes":[]}},"elements":[],"isInner":false,"widgetType":"motta-image-box","elType":"widget"}],"isInner":false,"elType":"column"},{"id":"5dd9c0da","settings":{"_column_size":33,"_inline_size":null},"elements":[{"id":"2e9307ad","settings":{"image":{"id":168,"url":"http:\/\/localhost\/dev\/motta\/wp-content\/uploads\/sites\/12\/2022\/04\/about-us-v2-2.png","alt":"","source":"library"},"title":"California","description":"10000 California St 68114<br class=\"hidden-lg hidden-sm\"> Omaha<br\/> <span style=\"font-weight: 500;\">United States<\/span>","title_typography_font_size":{"unit":"px","size":26,"sizes":[]},"title_typography_font_weight":"700","description_typography_font_size":{"unit":"px","size":12,"sizes":[]},"description_typography_line_height":{"unit":"px","size":24,"sizes":[]},"title_typography_typography":"custom","title_typography_font_size_mobile":{"unit":"px","size":16,"sizes":[]},"title_typography_line_height_mobile":{"unit":"px","size":32,"sizes":[]},"link":{"url":"#","is_external":"","nofollow":"","custom_attributes":""},"image_spacing":{"unit":"px","size":23,"sizes":[]},"title_spacing":{"unit":"px","size":9,"sizes":[]},"image_spacing_mobile":{"unit":"px","size":7,"sizes":[]},"title_spacing_mobile":{"unit":"px","size":0,"sizes":[]}},"elements":[],"isInner":false,"widgetType":"motta-image-box","elType":"widget"}],"isInner":false,"elType":"column"},{"id":"a07327e","settings":{"_column_size":33,"_inline_size":null},"elements":[{"id":"6e4f06e2","settings":{"image":{"id":169,"url":"http:\/\/localhost\/dev\/motta\/wp-content\/uploads\/sites\/12\/2022\/04\/about-us-v2-3.png","alt":"","source":"library"},"title":"New York","description":"515 Broadway 10015<br class=\"hidden-lg hidden-sm\"> New York<br\/> <span style=\"font-weight: 500;\">United States<\/span>","title_typography_font_size":{"unit":"px","size":26,"sizes":[]},"title_typography_font_weight":"700","description_typography_font_size":{"unit":"px","size":12,"sizes":[]},"description_typography_line_height":{"unit":"px","size":24,"sizes":[]},"title_typography_typography":"custom","title_typography_font_size_mobile":{"unit":"px","size":16,"sizes":[]},"title_typography_line_height_mobile":{"unit":"px","size":32,"sizes":[]},"link":{"url":"#","is_external":"","nofollow":"","custom_attributes":""},"image_spacing":{"unit":"px","size":23,"sizes":[]},"title_spacing":{"unit":"px","size":9,"sizes":[]},"image_spacing_mobile":{"unit":"px","size":7,"sizes":[]},"title_spacing_mobile":{"unit":"px","size":0,"sizes":[]}},"elements":[],"isInner":false,"widgetType":"motta-image-box","elType":"widget"}],"isInner":false,"elType":"column"}],"isInner":false,"elType":"section"},{"id":"431415c2","settings":{"margin_mobile":{"unit":"px","top":"","right":0,"bottom":"","left":0,"isLinked":true}},"elements":[{"id":"54f7cc94","settings":{"_column_size":100,"_inline_size":null},"elements":[{"id":"752197b0","settings":{"before_title":"Our Values","title":"Frequently asked questions","align":"center","before_title_typography_typography":"custom","before_title_typography_line_height":{"unit":"px","size":64,"sizes":[]},"typography_typography":"custom","typography_line_height_tablet":{"unit":"px","size":"","sizes":[]},"typography_line_height_mobile":{"unit":"px","size":"","sizes":[]},"before_title_spacing_mobile":{"unit":"px","size":4,"sizes":[]},"typography_font_weight":"500","before_title_spacing":{"unit":"px","size":11,"sizes":[]},"typography_font_size":{"unit":"px","size":18,"sizes":[]},"spacing":{"unit":"px","size":25,"sizes":[]}},"elements":[],"isInner":false,"widgetType":"motta-heading","elType":"widget"},{"id":"6f55aa9f","settings":{"before_title":"Frequently asked questions","title":"Find an answer by searching a <br class=\"hidden-xs\"\/> question or keywords","align":"center","before_title_spacing":{"unit":"px","size":33,"sizes":[]},"typography_typography":"custom","typography_font_weight":"500","typography_line_height":{"unit":"px","size":64,"sizes":[]},"typography_font_size_tablet":{"unit":"px","size":40,"sizes":[]},"typography_font_size_mobile":{"unit":"px","size":32,"sizes":[]},"typography_line_height_tablet":{"unit":"px","size":60,"sizes":[]},"typography_line_height_mobile":{"unit":"px","size":40,"sizes":[]},"before_title_color":"#1D2128","title_color":"#1D2128","before_title_spacing_mobile":{"unit":"px","size":25,"sizes":[]},"_padding":{"unit":"px","top":"0","right":"0","bottom":"35","left":"0","isLinked":false},"_padding_mobile":{"unit":"px","top":"0","right":"0","bottom":"3","left":"0","isLinked":false}},"elements":[],"isInner":false,"widgetType":"motta-heading","elType":"widget"},{"id":"1416ca0c","settings":{"title":"Go to FAQs","link":{"url":"#","is_external":"","nofollow":"","custom_attributes":""},"background_color":"#1D2128","color":"#FFFFFF","padding":{"unit":"px","top":"0","right":"65","bottom":"0","left":"65","isLinked":false},"shape":"sharp","button_box_shadow_color":"#02010100","_padding_mobile":{"unit":"px","top":"24","right":"0","bottom":"15","left":"0","isLinked":false},"primary_button_text":"Go to FAQs","primary_button_link":{"url":"https:\/\/motta.uix.store\/faq-v1\/","is_external":"","nofollow":"","custom_attributes":""},"align_mobile":"center","primary_button_size":"large","primary_button_options":"yes","primary_button_width":{"unit":"px","size":200,"sizes":[]},"primary_button_background_color":"#1D2128","_padding":{"unit":"px","top":"26","right":"0","bottom":"0","left":"0","isLinked":false}},"elements":[],"isInner":false,"widgetType":"motta-button","elType":"widget"}],"isInner":false,"elType":"column"}],"isInner":false,"elType":"section"}],"page_settings":{"motta_hide_topbar":"1","motta_hide_campain_bar":"1","header_layout":"v12","motta_hide_page_header":"1","motta_content_top_spacing":"no","motta_content_bottom_spacing":"no","footer_layout":"7791"},"version":"0.4","title":"Careers","type":"page"}