{"content":[{"id":"334a3198","settings":{"structure":"20","gap":"no","content_position":"middle","margin_mobile":{"unit":"px","top":"","right":0,"bottom":"","left":0,"isLinked":true},"padding":{"unit":"px","top":"28","right":"0","bottom":"18","left":"0","isLinked":false},"padding_mobile":{"unit":"px","top":"13","right":"0","bottom":"9","left":"0","isLinked":false}},"elements":[{"id":"1048d261","settings":{"_column_size":50,"_inline_size":null,"_inline_size_mobile":50},"elements":[{"id":"4a65674d","settings":{"selected_icon":{"value":{"url":"https:\/\/motta.uix.store\/wp-content\/uploads\/2022\/09\/logo-comingsoon.svg","id":14199},"library":"svg"},"align":"","size":{"unit":"px","size":168,"sizes":[]},"_padding_mobile":{"unit":"px","top":"0","right":"0","bottom":"0","left":"16","isLinked":false}},"elements":[],"isInner":false,"widgetType":"icon","elType":"widget"}],"isInner":false,"elType":"column"},{"id":"539b920d","settings":{"_column_size":50,"_inline_size":null,"_inline_size_mobile":50},"elements":[{"id":"6a0b61da","settings":{"title":"Contact us","size":"small","align":"end","padding":{"unit":"px","top":"6","right":"41","bottom":"6","left":"41","isLinked":false},"padding_mobile":{"unit":"px","top":"6","right":"18","bottom":"6","left":"19","isLinked":false},"_margin_mobile":{"unit":"px","top":"-3","right":"0","bottom":"0","left":"0","isLinked":false},"background_color":"#1D2128","shape":"sharp","button_box_shadow_color":"#02010100","_padding_mobile":{"unit":"px","top":"0","right":"16","bottom":"0","left":"0","isLinked":false},"primary_button_text":"Contact Us","primary_button_link":{"url":"https:\/\/motta.uix.store\/contact-us-v1\/","is_external":"","nofollow":"","custom_attributes":""},"primary_button_options":"yes","primary_button_width":{"unit":"px","size":148,"sizes":[]},"primary_button_background_color":"#1D2128","primary_button_typography_typography":"custom","primary_button_width_mobile":{"unit":"px","size":100,"sizes":[]}},"elements":[],"isInner":false,"widgetType":"motta-button","elType":"widget"}],"isInner":false,"elType":"column"}],"isInner":false,"elType":"section"},{"id":"3d59231c","settings":{"padding":{"unit":"px","top":"50","right":"0","bottom":"29","left":"0","isLinked":false},"padding_mobile":{"unit":"px","top":"18","right":"0","bottom":"2","left":"0","isLinked":false}},"elements":[{"id":"5083d458","settings":{"_column_size":100,"_inline_size":null},"elements":[{"id":"aa6f2c9","settings":{"title":"Coming soon","description":"We will be celebrating the launch of our <br>\nnew site very soon!","title_size":"div","align":"center","title_typography_typography":"custom","title_typography_font_size":{"unit":"px","size":72,"sizes":[]},"description_typography_typography":"custom","description_typography_font_size":{"unit":"px","size":18,"sizes":[]},"description_typography_font_weight":"500","icon":{"value":{"url":"https:\/\/motta.uix.store\/wp-content\/uploads\/2022\/09\/comingsoonv1-iconbox.svg","id":14191},"library":"svg"},"icon_size":{"unit":"px","size":256,"sizes":[]},"icon_spacing":{"unit":"px","size":25,"sizes":[]},"icon_spacing_mobile":{"unit":"px","size":20,"sizes":[]},"title_color":"#1D2128","title_typography_font_size_mobile":{"unit":"px","size":32,"sizes":[]},"title_typography_font_weight":"500","title_spacing":{"unit":"px","size":2,"sizes":[]},"title_spacing_mobile":{"unit":"px","size":17,"sizes":[]},"description_color":"#1D2128","description_typography_font_size_mobile":{"unit":"px","size":16,"sizes":[]},"description_typography_line_height_mobile":{"unit":"px","size":23,"sizes":[]},"image":{"id":8770,"url":"http:\/\/localhost\/dev\/motta\/wp-content\/uploads\/sites\/12\/2022\/07\/placeholder.png"},"description_typography_line_height":{"unit":"px","size":24,"sizes":[]},"position_mobile":"top","alignment":"center","alignment_mobile":"center","position_tablet":"top","alignment_tablet":"center","content_vertical_alignment":"middle"},"elements":[],"isInner":false,"widgetType":"motta-icon-box","elType":"widget"}],"isInner":false,"elType":"column"}],"isInner":false,"elType":"section"},{"id":"34f434dd","settings":[],"elements":[{"id":"60580cbf","settings":{"_column_size":100,"_inline_size":null},"elements":[{"id":"52f4d872","settings":{"form_align":"center","digit_typography_typography":"custom","digit_typography_font_size":{"unit":"px","size":36,"sizes":[]},"digit_typography_font_weight":"500","due_date":"2022-07-10 00:00","digit_color":"#1D2128","digit_typography_font_size_mobile":{"unit":"px","size":26,"sizes":[]},"text_color":"#1D2128","text_typography_typography":"custom","text_typography_font_size_mobile":{"unit":"px","size":10,"sizes":[]},"_padding":{"unit":"px","top":"0","right":"15","bottom":"0","left":"0","isLinked":false},"_padding_tablet":{"unit":"px","top":"0","right":"0","bottom":"0","left":"0","isLinked":true}},"elements":[],"isInner":false,"widgetType":"motta-countdown","elType":"widget"}],"isInner":false,"elType":"column"}],"isInner":false,"elType":"section"},{"id":"5cccd673","settings":{"structure":"34","padding":{"unit":"px","top":"17","right":"0","bottom":"17","left":"0","isLinked":false},"padding_mobile":{"unit":"px","top":"22","right":"0","bottom":"0","left":"0","isLinked":false}},"elements":[{"id":"3374e644","settings":{"_column_size":16,"_inline_size":25.423,"hide_mobile":"hidden-mobile"},"elements":[],"isInner":false,"elType":"column"},{"id":"6fb97ab3","settings":{"_column_size":66,"_inline_size":49.577,"_inline_size_tablet":100},"elements":[{"id":"5f56da8d","settings":{"form_id":"192","button_tablet":"outside","button_mobile":"inside","button_background_color":"#1D2128","form_shortcode":"[mc4wp_form id=\"192\"]","form_skin":"raised","button_box_shadow_color":"#1D212800","button_mobile_position":"inside","button_mobile_skin":"text","button_typography_typography":"custom","button_options":"yes"},"elements":[],"isInner":false,"widgetType":"motta-subscribe-box","elType":"widget"}],"isInner":false,"elType":"column"},{"id":"47037911","settings":{"_column_size":16,"_inline_size":23.665,"hide_mobile":"hidden-mobile"},"elements":[],"isInner":false,"elType":"column"}],"isInner":false,"elType":"section"},{"id":"52798423","settings":{"padding":{"unit":"px","top":"31","right":"0","bottom":"133","left":"0","isLinked":false},"padding_mobile":{"unit":"px","top":"6","right":"0","bottom":"15","left":"0","isLinked":false}},"elements":[{"id":"17201c7b","settings":{"_column_size":100,"_inline_size":null},"elements":[{"id":"73a8076d","settings":{"social_icon_list":[{"social_icon":{"value":"fab fa-twitter","library":"fa-brands"},"_id":"eccc928","link":{"url":"https:\/\/twitter.com\/","is_external":"true","nofollow":"","custom_attributes":""}},{"social_icon":{"value":"fab fa-facebook-square","library":"fa-brands"},"_id":"811caf9","link":{"url":"https:\/\/www.facebook.com\/","is_external":"true","nofollow":"","custom_attributes":""}},{"social_icon":{"value":"fab fa-youtube","library":"fa-brands"},"_id":"94c595f","link":{"url":"https:\/\/www.youtube.com\/","is_external":"true","nofollow":"","custom_attributes":""}},{"_id":"0ad922e","social_icon":{"value":"fab fa-instagram","library":"fa-brands"},"link":{"url":"https:\/\/www.instagram.com\/","is_external":"true","nofollow":"","custom_attributes":""}},{"_id":"10525d1","social_icon":{"value":"fab fa-whatsapp","library":"fa-brands"},"link":{"url":"https:\/\/www.whatsapp.com\/","is_external":"true","nofollow":"","custom_attributes":""}}],"align":"center","icon_color":"#1D2128","icon_size":{"unit":"px","size":25,"sizes":[]},"icon_spacing":{"unit":"px","size":16,"sizes":[]},"icon_spacing_mobile":{"unit":"px","size":16,"sizes":[]}},"elements":[],"isInner":false,"widgetType":"motta-social-icons","elType":"widget"}],"isInner":false,"elType":"column"}],"isInner":false,"elType":"section"}],"page_settings":{"header_layout":"page","header_category_menu_display":"default","header_logo_type":"default","header_logo_image":{"id":"default","url":null},"header_logo_text":"default","header_logo_svg":"default","header_logo_width":"default","header_logo_height":"default","motta_header_background":"default","motta_header_text_color":"default","motta_hide_header_section":"1","motta_hide_topbar":"1","motta_hide_campain_bar":"1","motta_hide_header_border":"default","motta_hide_page_header":"1","motta_hide_title":"default","motta_hide_breadcrumb":"default","motta_content_top_spacing":"no","motta_content_top_padding":"63","motta_content_bottom_spacing":"no","motta_content_bottom_padding":"63","motta_hide_footer_section":"1","footer_layout":"page","footer_mobile_layout":"page","page_primary_menu":"default"},"version":"0.4","title":"Coming v1","type":"page"}