{"content":[{"id":"4d553177","settings":{"structure":"20","padding":{"unit":"px","top":"050","right":"0","bottom":"90","left":"0","isLinked":false},"padding_mobile":{"unit":"px","top":"0","right":"0","bottom":"45","left":"0","isLinked":false},"margin_tablet":{"unit":"px","top":"0","right":0,"bottom":"0","left":0,"isLinked":false}},"elements":[{"id":"28f6aa5f","settings":{"_column_size":50,"_inline_size":null,"_inline_size_tablet":100},"elements":[{"id":"7a7a4db0","settings":{"title":"Contact Us","align":"center","typography_typography":"custom","typography_line_height_mobile":{"unit":"px","size":"","sizes":[]},"before_title":"Contact us","before_title_typography_typography":"custom","before_title_typography_font_size":{"unit":"px","size":48,"sizes":[]},"before_title_typography_font_size_mobile":{"unit":"px","size":32,"sizes":[]},"before_title_typography_font_weight":"700","before_title_typography_line_height_mobile":{"unit":"px","size":40,"sizes":[]},"before_title_spacing":{"unit":"px","size":24,"sizes":[]},"before_title_spacing_mobile":{"unit":"px","size":16,"sizes":[]},"typography_font_size":{"unit":"px","size":54,"sizes":[]},"typography_font_weight":"700","_padding":{"unit":"px","top":"60","right":"0","bottom":"10","left":"0","isLinked":false},"_padding_mobile":{"unit":"px","top":"37","right":"0","bottom":"41","left":"0","isLinked":false},"title_size":"p","typography_font_size_mobile":{"unit":"px","size":32,"sizes":[]}},"elements":[],"isInner":false,"widgetType":"motta-heading","elType":"widget"},{"id":"219d8de1","settings":{"title":"Our friendly team is always here to chat.","align":"center","typography_typography":"custom","typography_line_height_mobile":{"unit":"px","size":"","sizes":[]},"before_title":"Contact us","before_title_typography_typography":"custom","before_title_typography_font_size":{"unit":"px","size":48,"sizes":[]},"before_title_typography_font_size_mobile":{"unit":"px","size":32,"sizes":[]},"before_title_typography_font_weight":"700","before_title_typography_line_height_mobile":{"unit":"px","size":40,"sizes":[]},"before_title_spacing":{"unit":"px","size":24,"sizes":[]},"before_title_spacing_mobile":{"unit":"px","size":16,"sizes":[]},"typography_font_size":{"unit":"px","size":18,"sizes":[]},"typography_font_weight":"500","typography_line_height":{"unit":"px","size":24,"sizes":[]},"_padding":{"unit":"px","top":"0","right":"0","bottom":"30","left":"0","isLinked":false},"_padding_mobile":{"unit":"px","top":"0","right":"0","bottom":"41","left":"0","isLinked":false},"title_size":"p"},"elements":[],"isInner":false,"widgetType":"motta-heading","elType":"widget"},{"id":"54e6a002","settings":{"structure":"40","margin":{"unit":"px","top":"","right":0,"bottom":"","left":0,"isLinked":true},"margin_mobile":{"unit":"px","top":"0","right":0,"bottom":"22","left":0,"isLinked":false},"padding":{"unit":"%","top":"","right":"","bottom":"","left":"","isLinked":true},"padding_tablet":{"unit":"%","top":"","right":"","bottom":"","left":"","isLinked":true},"padding_mobile":{"unit":"%","top":"0","right":"0","bottom":"0","left":"0","isLinked":false}},"elements":[{"id":"60b6b247","settings":{"_column_size":25,"_inline_size":15.891,"_inline_size_mobile":50,"hide_mobile":"hidden-mobile"},"elements":[],"isInner":true,"elType":"column"},{"id":"520bc328","settings":{"_column_size":25,"_inline_size":34.109,"_inline_size_mobile":50,"padding_mobile":{"unit":"px","top":"0","right":"0","bottom":"0","left":"0","isLinked":true}},"elements":[{"id":"69673cb4","settings":{"icon":{"value":{"url":"https:\/\/motta.uix.store\/wp-content\/uploads\/2022\/09\/call-footer.svg","id":14156},"library":"svg"},"title":"Customer Service","description":"","button":"1-866-237-8289","icon_spacing":{"unit":"px","size":17,"sizes":[]},"icon_size":{"unit":"px","size":24,"sizes":[]},"title_spacing":{"unit":"px","size":0,"sizes":[]},"position_tablet":"top","position_mobile":"top","title_size":"div","title_typography_typography":"custom","title_typography_font_size":{"unit":"px","size":14,"sizes":[]},"title_typography_font_weight":"500","button_underline":"show","align":"center","alignment":"center","primary_button_text":"1-866-237-8289","primary_button_link":{"url":"tel:1-866-237-8289","is_external":"","nofollow":"","custom_attributes":""}},"elements":[],"isInner":false,"widgetType":"motta-icon-box","elType":"widget"},{"id":"569b269e","settings":{"title":"Call us from 8am to 12am ET.","align":"center","title_color":"#858A94","typography_typography":"custom","typography_font_size":{"unit":"px","size":12,"sizes":[]},"typography_font_weight":"normal","typography_line_height":{"unit":"px","size":20,"sizes":[]},"_padding":{"unit":"px","top":"5","right":"0","bottom":"0","left":"0","isLinked":false}},"elements":[],"isInner":false,"widgetType":"motta-heading","elType":"widget"}],"isInner":true,"elType":"column"},{"id":"2c28b912","settings":{"_column_size":25,"_inline_size":34.311,"_inline_size_mobile":50,"padding_mobile":{"unit":"px","top":"0","right":"0","bottom":"0","left":"0","isLinked":true}},"elements":[{"id":"3b1080ba","settings":{"icon":{"value":{"url":"https:\/\/motta.uix.store\/wp-content\/uploads\/2022\/08\/chat.svg","id":13384},"library":"svg"},"title":"Chat with us here!","description":"","button":"Chat Now","icon_spacing":{"unit":"px","size":17,"sizes":[]},"icon_size":{"unit":"px","size":23,"sizes":[]},"title_spacing":{"unit":"px","size":0,"sizes":[]},"position_tablet":"top","position_mobile":"top","title_size":"div","title_typography_typography":"custom","title_typography_font_size":{"unit":"px","size":14,"sizes":[]},"title_typography_font_weight":"500","button_underline":"show","align":"center","alignment":"center","primary_button_text":"Chat Now","primary_button_link":{"url":"mailto:motta@uix.store.com","is_external":"","nofollow":"","custom_attributes":""}},"elements":[],"isInner":false,"widgetType":"motta-icon-box","elType":"widget"},{"id":"91b782","settings":{"title":"Daily: 8 am to 11 pm CT","align":"center","title_color":"#858A94","typography_typography":"custom","typography_font_size":{"unit":"px","size":12,"sizes":[]},"typography_font_weight":"normal","typography_line_height":{"unit":"px","size":20,"sizes":[]},"_padding":{"unit":"px","top":"5","right":"0","bottom":"0","left":"0","isLinked":false}},"elements":[],"isInner":false,"widgetType":"motta-heading","elType":"widget"}],"isInner":true,"elType":"column"},{"id":"267c721f","settings":{"_column_size":25,"_inline_size":15.639,"hide_mobile":"hidden-mobile"},"elements":[],"isInner":true,"elType":"column"}],"isInner":true,"elType":"section"},{"id":"1f7b3365","settings":{"title":"Contact Information","align":"center","typography_typography":"custom","typography_line_height_mobile":{"unit":"px","size":"","sizes":[]},"before_title":"Contact us","before_title_typography_typography":"custom","before_title_typography_font_size":{"unit":"px","size":48,"sizes":[]},"before_title_typography_font_size_mobile":{"unit":"px","size":32,"sizes":[]},"before_title_typography_font_weight":"700","before_title_typography_line_height_mobile":{"unit":"px","size":40,"sizes":[]},"before_title_spacing":{"unit":"px","size":24,"sizes":[]},"before_title_spacing_mobile":{"unit":"px","size":16,"sizes":[]},"typography_font_weight":"500","_padding":{"unit":"px","top":"56","right":"0","bottom":"10","left":"0","isLinked":false},"_padding_mobile":{"unit":"px","top":"20","right":"0","bottom":"20","left":"0","isLinked":false},"title_size":"h4"},"elements":[],"isInner":false,"widgetType":"motta-heading","elType":"widget"},{"id":"6f79cc9a","settings":{"title":"340 Main Street Los Angeles, CA 90291<br>\n<span style=\"font-weight: 500;\">United States<\/span>","title_size":"p","align":"center","typography_typography":"custom","typography_font_weight":"400","before_title":"Contact Information\u200b","before_title_typography_typography":"custom","before_title_typography_font_size":{"unit":"px","size":24,"sizes":[]},"before_title_typography_font_weight":"500","before_title_typography_line_height":{"unit":"px","size":32,"sizes":[]},"before_title_spacing":{"unit":"px","size":17,"sizes":[]},"typography_font_size":{"unit":"px","size":14,"sizes":[]},"typography_line_height":{"unit":"px","size":24,"sizes":[]},"_padding":{"unit":"px","top":"0","right":"0","bottom":"6","left":"0","isLinked":false},"_padding_mobile":{"unit":"px","top":"0","right":"0","bottom":"18","left":"0","isLinked":false}},"elements":[],"isInner":false,"widgetType":"motta-heading","elType":"widget"},{"id":"7a7b2827","settings":{"structure":"40","margin":{"unit":"px","top":"","right":0,"bottom":"","left":0,"isLinked":true},"margin_mobile":{"unit":"px","top":"0","right":0,"bottom":"22","left":0,"isLinked":false},"padding":{"unit":"%","top":"","right":"","bottom":"","left":"","isLinked":true},"padding_tablet":{"unit":"%","top":"","right":"","bottom":"","left":"","isLinked":true},"padding_mobile":{"unit":"%","top":"0","right":"0","bottom":"0","left":"0","isLinked":false}},"elements":[{"id":"77ded26a","settings":{"_column_size":25,"_inline_size":15.891,"_inline_size_mobile":50,"hide_mobile":"hidden-mobile"},"elements":[],"isInner":true,"elType":"column"},{"id":"629c3552","settings":{"_column_size":25,"_inline_size":34.109,"_inline_size_mobile":50,"padding_mobile":{"unit":"px","top":"0","right":"0","bottom":"0","left":"0","isLinked":true}},"elements":[{"id":"63ea94df","settings":{"title":"Phone","title_size":"h6","align":"center","typography_typography":"custom","typography_font_size":{"unit":"px","size":11,"sizes":[]},"typography_text_transform":"uppercase"},"elements":[],"isInner":false,"widgetType":"motta-heading","elType":"widget"},{"id":"4415b674","settings":{"before_title":"PHONE\n","title":"+1 310-310-6000<br>\n+1 310-242-5002","align":"center","before_title_typography_typography":"custom","before_title_typography_font_size":{"unit":"px","size":10,"sizes":[]},"before_title_typography_font_weight":"700","before_title_spacing":{"unit":"px","size":9,"sizes":[]},"title_color":"#1D2128","typography_typography":"custom","typography_font_size":{"unit":"px","size":13,"sizes":[]},"typography_font_weight":"normal","typography_line_height":{"unit":"px","size":24,"sizes":[]}},"elements":[],"isInner":false,"widgetType":"motta-heading","elType":"widget"}],"isInner":true,"elType":"column"},{"id":"163777bc","settings":{"_column_size":25,"_inline_size":34.311,"_inline_size_mobile":50,"padding_mobile":{"unit":"px","top":"0","right":"0","bottom":"0","left":"0","isLinked":true}},"elements":[{"id":"39c0066","settings":{"title":"Email","title_size":"h6","align":"center","typography_typography":"custom","typography_font_size":{"unit":"px","size":11,"sizes":[]},"typography_text_transform":"uppercase"},"elements":[],"isInner":false,"widgetType":"motta-heading","elType":"widget"},{"id":"6b0c45b1","settings":{"before_title":"EMAIL\n","title":"<a href=\"mailto:losangelesmotta@uix.store\">losangelesmotta@uix.store<\/a><br>\n<a href=\"mailto:info@uix.store\">info@uix.store<\/a>","align":"center","before_title_typography_typography":"custom","before_title_typography_font_size":{"unit":"px","size":10,"sizes":[]},"before_title_typography_font_weight":"700","before_title_spacing":{"unit":"px","size":9,"sizes":[]},"title_color":"#1D2128","typography_typography":"custom","typography_font_size":{"unit":"px","size":14,"sizes":[]},"typography_font_weight":"normal","typography_text_decoration":"underline","typography_line_height":{"unit":"px","size":24,"sizes":[]}},"elements":[],"isInner":false,"widgetType":"motta-heading","elType":"widget"}],"isInner":true,"elType":"column"},{"id":"254b75f2","settings":{"_column_size":25,"_inline_size":15.639,"hide_mobile":"hidden-mobile"},"elements":[],"isInner":true,"elType":"column"}],"isInner":true,"elType":"section"},{"id":"4b732cc9","settings":{"social_icon_list":[{"social_icon":{"value":"fab fa-twitter","library":"fa-brands"},"_id":"eccc928","link":{"url":"https:\/\/twitter.com\/motta.uix.store","is_external":"true","nofollow":"","custom_attributes":""}},{"social_icon":{"value":"fab fa-facebook-square","library":"fa-brands"},"_id":"811caf9","link":{"url":"https:\/\/www.facebook.com\/motta.uix.store","is_external":"true","nofollow":"","custom_attributes":""}},{"social_icon":{"value":"fab fa-youtube","library":"fa-brands"},"_id":"94c595f","link":{"url":"https:\/\/www.youtube.com\/motta.uix.store","is_external":"true","nofollow":"","custom_attributes":""}},{"_id":"0ad922e","social_icon":{"value":"fab fa-instagram","library":"fa-brands"},"link":{"url":"https:\/\/www.instagram.com\/motta.uix.store","is_external":"true","nofollow":"","custom_attributes":""}},{"_id":"10525d1","social_icon":{"value":"fab fa-whatsapp","library":"fa-brands"},"link":{"url":"https:\/\/www.whatsapp.com\/motta.uix.store","is_external":"true","nofollow":"","custom_attributes":""}}],"align":"center","icon_color":"#1D2128","icon_size":{"unit":"px","size":25,"sizes":[]},"icon_spacing":{"unit":"px","size":16,"sizes":[]},"icon_spacing_mobile":{"unit":"px","size":16,"sizes":[]},"_padding":{"unit":"px","top":"46","right":"0","bottom":"0","left":"0","isLinked":false},"_padding_mobile":{"unit":"px","top":"18","right":"0","bottom":"26","left":"0","isLinked":false}},"elements":[],"isInner":false,"widgetType":"motta-social-icons","elType":"widget"}],"isInner":false,"elType":"column"},{"id":"39c3344c","settings":{"_column_size":50,"_inline_size":null,"background_background":"classic","background_color":"#ECF0F4","_inline_size_tablet":100,"margin":{"unit":"px","top":"12","right":"12","bottom":"12","left":"12","isLinked":true},"margin_tablet":{"unit":"px","top":"16","right":"16","bottom":"16","left":"16","isLinked":true},"margin_mobile":{"unit":"px","top":"0","right":"0","bottom":"0","left":"0","isLinked":true},"padding_mobile":{"unit":"px","top":"16","right":"16","bottom":"9","left":"16","isLinked":false}},"elements":[{"id":"5471c88","settings":{"title":"Contact Form","align":"center","typography_typography":"custom","typography_line_height_mobile":{"unit":"px","size":"","sizes":[]},"before_title":"Contact us","before_title_typography_typography":"custom","before_title_typography_font_size":{"unit":"px","size":48,"sizes":[]},"before_title_typography_font_size_mobile":{"unit":"px","size":32,"sizes":[]},"before_title_typography_font_weight":"700","before_title_typography_line_height_mobile":{"unit":"px","size":40,"sizes":[]},"before_title_spacing":{"unit":"px","size":24,"sizes":[]},"before_title_spacing_mobile":{"unit":"px","size":16,"sizes":[]},"typography_font_weight":"500","_padding":{"unit":"px","top":"46","right":"0","bottom":"10","left":"0","isLinked":false},"_padding_mobile":{"unit":"px","top":"20","right":"0","bottom":"20","left":"0","isLinked":false},"title_size":"h4"},"elements":[],"isInner":false,"widgetType":"motta-heading","elType":"widget"},{"id":"4aea4837","settings":{"title":"We look forward to hearing from you and<br> will try to respond within three days.","title_size":"div","align":"center","before_title_typography_font_weight":"500","typography_typography":"custom","typography_font_weight":"500","typography_line_height_mobile":{"unit":"px","size":"","sizes":[]},"before_title":"Contact Form","before_title_typography_typography":"custom","before_title_typography_font_size":{"unit":"px","size":24,"sizes":[]},"before_title_typography_line_height":{"unit":"px","size":32,"sizes":[]},"before_title_spacing":{"unit":"px","size":12,"sizes":[]},"typography_font_size":{"unit":"px","size":18,"sizes":[]},"typography_line_height":{"unit":"px","size":24,"sizes":[]},"_padding":{"unit":"px","top":"0","right":"0","bottom":"23","left":"0","isLinked":false},"_padding_mobile":{"unit":"px","top":"26","right":"0","bottom":"23","left":"0","isLinked":false}},"elements":[],"isInner":false,"widgetType":"motta-heading","elType":"widget"},{"id":"547447c8","settings":{"form_shortcode":"[contact-form-7 id=\"6676\" title=\"Contact form v1\"]","_padding":{"unit":"px","top":"0","right":"50","bottom":"13","left":"50","isLinked":false},"_padding_tablet":{"unit":"px","top":"0","right":"15","bottom":"0","left":"15","isLinked":false},"_padding_mobile":{"unit":"px","top":"0","right":"0","bottom":"0","left":"0","isLinked":false},"form_skin":"base"},"elements":[],"isInner":false,"widgetType":"motta-contact-form","elType":"widget"}],"isInner":false,"elType":"column"}],"isInner":false,"elType":"section"}],"page_settings":{"header_layout":"page","header_category_menu_display":"default","header_logo_type":"default","header_logo_image":{"id":"default","url":null},"header_logo_text":"default","header_logo_svg":"default","header_logo_width":"default","header_logo_height":"default","motta_header_background":"default","motta_header_text_color":"default","motta_hide_header_section":"default","motta_hide_topbar":"1","motta_hide_campain_bar":"1","motta_hide_header_border":"default","motta_hide_page_header":"1","motta_hide_title":"default","motta_hide_breadcrumb":"default","motta_content_top_spacing":"no","motta_content_top_padding":"63","motta_content_bottom_spacing":"no","motta_content_bottom_padding":"63","motta_hide_footer_section":"default","footer_layout":"8616","footer_mobile_layout":"17121","page_primary_menu":"default"},"version":"0.4","title":"Contact Us v2","type":"page"}