{"content":[{"id":"3eaa5f7","settings":{"background_background":"classic","background_color":"#B4F4DE","padding":{"unit":"px","top":"130","right":"0","bottom":"265","left":"0","isLinked":false},"padding_mobile":{"unit":"px","top":"95","right":"0","bottom":"205","left":"0","isLinked":false}},"elements":[{"id":"ee613db","settings":{"_column_size":100,"_inline_size":null},"elements":[{"id":"77173c9f","settings":{"title":"How can we help you?","align":"center","typography_typography":"custom","typography_font_size":{"unit":"px","size":64,"sizes":[]},"typography_font_weight":"700","typography_font_size_mobile":{"unit":"px","size":28,"sizes":[]},"_padding":{"unit":"px","top":"0","right":"0","bottom":"25","left":"0","isLinked":false},"_padding_mobile":{"unit":"px","top":"0","right":"0","bottom":"15","left":"0","isLinked":false}},"elements":[],"isInner":false,"widgetType":"motta-heading","elType":"widget"},{"id":"3e0fa3f5","settings":{"title":"Our crew of superheroes are standing by for Help & Support!","title_size":"h6","align":"center","typography_typography":"custom","typography_font_weight":"500","_padding":{"unit":"px","top":"0","right":"0","bottom":"45","left":"0","isLinked":false},"_padding_mobile":{"unit":"px","top":"0","right":"0","bottom":"25","left":"0","isLinked":false},"typography_font_size":{"unit":"px","size":18,"sizes":[]}},"elements":[],"isInner":false,"widgetType":"motta-heading","elType":"widget"},{"id":"28e9cf31","settings":{"placeholder":"Search help topics","elements":[{"_id":"9ec4136","text":"Shop with an expert","link":{"url":"https:\/\/motta.uix.store\/help-article\/shop-with-an-expert\/","is_external":false,"nofollow":false,"custom_attributes":""}},{"_id":"df9104c","text":"Help with password","link":{"url":"https:\/\/motta.uix.store\/help-article\/help-with-password\/","is_external":false,"nofollow":false,"custom_attributes":""}},{"_id":"8d82ec3","text":"Tracking your item","link":{"url":"https:\/\/motta.uix.store\/help-article\/tracking-your-item\/","is_external":false,"nofollow":false,"custom_attributes":""}}],"form_type":"help-center","form_skin":"raised","button_position":"inside","button_icon_skins":"text","trending_position":"outside","trending_title":"Popular sections:","form_width":{"unit":"px","size":558,"sizes":[]},"typography_typography":"custom","typography_font_size":{"unit":"px","size":16,"sizes":[]}},"elements":[],"isInner":false,"widgetType":"motta-search","elType":"widget"}],"isInner":false,"elType":"column"}],"isInner":false,"elType":"section"},{"id":"6fb820ce","settings":{"padding":{"unit":"px","top":"0","right":"0","bottom":"95","left":"0","isLinked":false},"padding_mobile":{"unit":"px","top":"30","right":"0","bottom":"60","left":"0","isLinked":false},"margin":{"unit":"px","top":"-200","right":0,"bottom":"0","left":0,"isLinked":false}},"elements":[{"id":"4fda23de","settings":{"_column_size":100,"_inline_size":null},"elements":[{"id":"406927bf","settings":{"articles":"custom","help_center_cats":"orders-purchases,account,returns-refunds,shipping-tracking,fees-billing,other","hide_empty":"none","icon_box_typography_typography":"custom","categories_typography_font_size":{"unit":"px","size":38,"sizes":[]},"list_items_typography_font_size":{"unit":"px","size":42,"sizes":[]},"button_typography_typography":"custom","source":"custom","columns_tablet":2,"columns_mobile":1,"content_spacing_mobile":{"unit":"px","top":"40","right":"40","bottom":"40","left":"40","isLinked":true}},"elements":[],"isInner":false,"widgetType":"motta-articles-grid","elType":"widget"}],"isInner":false,"elType":"column"}],"isInner":false,"elType":"section"}],"page_settings":{"motta_hide_header_section":"default","motta_hide_topbar":"1","motta_hide_campain_bar":"1","motta_hide_page_header":"1","motta_hide_title":"default","motta_hide_breadcrumb":"default","motta_content_top_padding":{"unit":"px","size":"63","sizes":[]},"motta_content_bottom_padding":{"unit":"px","size":"63","sizes":[]},"header_layout":"v12","motta_header_background":"transparent","header_logo_page":{"url":"","id":"","size":"","alt":"","source":"library"},"motta_content_top_spacing":"no","footer_layout":"20024","footer_mobile_layout":"20025","header_logo_type":"svg","header_logo_svg":"<svg viewBox=\"0 0 239 32\" width=\"194\" height=\"25\">\n<path fill=\"#1d2128\" style=\"fill: var(--color1, #1d2128)\" d=\"M32.886 31.102h-6.105v-19.766l-10.080 17.489-10.006-17.526v19.803h-6.142v-29.538h6.622l9.526 16.345 9.612-16.345h6.572v29.538z\"><\/path>\n<path fill=\"#1d2128\" style=\"fill: var(--color1, #1d2128)\" d=\"M38.954 26.425c-0.972-1.575-1.452-3.298-1.452-5.157s0.48-3.582 1.452-5.157c0.972-1.575 2.289-2.818 3.938-3.717 1.649-0.911 3.483-1.354 5.477-1.354s3.828 0.455 5.489 1.354c1.662 0.911 2.978 2.142 3.938 3.717s1.44 3.298 1.44 5.157-0.48 3.582-1.44 5.157c-0.96 1.575-2.277 2.818-3.938 3.717-1.662 0.911-3.495 1.354-5.489 1.354s-3.815-0.455-5.477-1.354c-1.662-0.911-2.966-2.142-3.938-3.717zM53.329 21.255c0-0.886-0.222-1.723-0.665-2.486s-1.046-1.366-1.809-1.809c-0.763-0.443-1.588-0.665-2.486-0.665-1.366 0-2.523 0.48-3.483 1.44s-1.44 2.129-1.44 3.52c0 1.366 0.48 2.523 1.44 3.483s2.117 1.44 3.483 1.44c1.366 0 2.535-0.48 3.508-1.44 0.96-0.948 1.452-2.117 1.452-3.483z\"><\/path>\n<path fill=\"#1d2128\" style=\"fill: var(--color1, #1d2128)\" d=\"M71.212 16.025v15.077h-5.945v-15.077h-3.705v-4.603h3.705v-7.089h5.945v7.089h3.705v4.603h-3.705z\"><\/path>\n<path fill=\"#1d2128\" style=\"fill: var(--color1, #1d2128)\" d=\"M85.982 16.025v15.077h-5.945v-15.077h-3.705v-4.603h3.705v-7.089h5.945v7.089h3.705v4.603h-3.705z\"><\/path>\n<path fill=\"#1d2128\" style=\"fill: var(--color1, #1d2128)\" d=\"M112.677 31.102h-5.908v-2.006c-1.44 1.6-3.409 2.4-5.908 2.4-1.76 0-3.372-0.455-4.849-1.354-1.477-0.911-2.634-2.142-3.508-3.717-0.862-1.575-1.305-3.298-1.305-5.157s0.431-3.582 1.305-5.157c0.862-1.575 2.031-2.818 3.508-3.717 1.465-0.911 3.089-1.354 4.849-1.354 2.498 0 4.468 0.8 5.908 2.4v-2.018h5.908v19.68zM107.052 21.255c0-1.391-0.48-2.56-1.44-3.52s-2.129-1.44-3.52-1.44c-1.366 0-2.523 0.48-3.483 1.44s-1.44 2.129-1.44 3.52c0 1.366 0.48 2.523 1.44 3.483s2.117 1.44 3.483 1.44c1.391 0 2.572-0.48 3.52-1.44 0.96-0.948 1.44-2.117 1.44-3.483z\"><\/path>\n<path fill=\"#33a9c8\" style=\"fill: var(--color2, #33a9c8)\" d=\"M129.538 21.982v0c-5.095 0-9.231 4.135-9.231 9.231v0h9.231v-9.231z\"><\/path>\n<path fill=\"#001bbc\" style=\"fill: var(--color3, #001bbc)\" opacity=\"0.8\" d=\"M124.923 10.658v0c-2.548 0-4.615 2.068-4.615 4.615v0c0 2.548 2.068 4.615 4.615 4.615v0c2.548 0 4.615-2.068 4.615-4.615v0c0-2.56-2.055-4.615-4.615-4.615z\"><\/path>\n<path fill=\"#ff2217\" style=\"fill: var(--color4, #ff2217)\" opacity=\"0.75\" d=\"M131.631 21.982h9.231v9.231h-9.231v-9.231z\"><\/path>\n<path fill=\"#f7931e\" style=\"fill: var(--color5, #f7931e)\" d=\"M140.862 10.658h-9.231v9.231z\"><\/path>\n<path fill=\"#1d2128\" style=\"fill: var(--color1, #1d2128)\" d=\"M236.308 32h-88.615c-1.354 0-2.462-1.108-2.462-2.462v-17.231c0-1.354 1.108-2.462 2.462-2.462h88.615c1.354 0 2.462 1.108 2.462 2.462v17.231c0 1.354-1.108 2.462-2.462 2.462z\"><\/path>\n<path fill=\"#fff\" style=\"fill: var(--color7, #fff)\" d=\"M162.142 26.142h-1.452v-4.652h-5.342v4.652h-1.452v-10.474h1.452v4.48h5.342v-4.48h1.452v10.474z\"><\/path>\n<path fill=\"#fff\" style=\"fill: var(--color7, #fff)\" d=\"M169.649 23.705l1.194 0.418c-0.209 0.665-0.591 1.194-1.157 1.612s-1.243 0.628-2.043 0.628c-0.997 0-1.834-0.345-2.535-1.022-0.689-0.689-1.046-1.612-1.046-2.769 0-1.083 0.332-1.982 1.009-2.683s1.465-1.058 2.388-1.058c1.071 0 1.908 0.332 2.511 1.009s0.898 1.575 0.898 2.708c0 0.172-0.012 0.32-0.025 0.443h-5.342c0.012 0.628 0.222 1.145 0.628 1.551s0.911 0.603 1.514 0.603c1.022-0.012 1.686-0.48 2.006-1.44zM165.551 21.858h3.889c-0.025-0.529-0.197-0.972-0.529-1.305-0.332-0.345-0.812-0.505-1.415-0.505-0.554 0-1.009 0.185-1.354 0.542s-0.554 0.775-0.591 1.268z\"><\/path>\n<path fill=\"#fff\" style=\"fill: var(--color7, #fff)\" d=\"M174.043 26.142h-1.391v-10.695h1.391v10.695z\"><\/path>\n<path fill=\"#fff\" style=\"fill: var(--color7, #fff)\" d=\"M177.785 28.948h-1.378v-9.908h1.342v1.108c0.209-0.369 0.517-0.677 0.935-0.911s0.898-0.357 1.452-0.357c1.022 0 1.822 0.345 2.4 1.046s0.862 1.588 0.862 2.658c0 1.083-0.295 1.982-0.898 2.683-0.591 0.714-1.403 1.058-2.412 1.058-0.517 0-0.985-0.111-1.391-0.32-0.406-0.222-0.714-0.492-0.911-0.825v3.766zM181.982 22.585c0-0.714-0.185-1.317-0.566-1.785s-0.886-0.702-1.526-0.702c-0.628 0-1.145 0.234-1.526 0.702-0.394 0.468-0.578 1.058-0.578 1.785 0 0.738 0.197 1.342 0.578 1.809 0.394 0.468 0.898 0.702 1.526 0.702s1.132-0.234 1.526-0.702c0.369-0.468 0.566-1.071 0.566-1.809z\"><\/path>\n<path fill=\"#fff\" style=\"fill: var(--color7, #fff)\" d=\"M193.538 26.363c-1.428 0-2.646-0.492-3.668-1.477s-1.526-2.314-1.526-3.988c0-1.12 0.258-2.105 0.763-2.954 0.517-0.849 1.157-1.477 1.932-1.883s1.612-0.615 2.498-0.615c1.182 0 2.178 0.295 2.991 0.898 0.812 0.591 1.354 1.403 1.612 2.425l-1.342 0.468c-0.197-0.788-0.578-1.391-1.132-1.822-0.566-0.431-1.268-0.64-2.129-0.64-1.022 0-1.895 0.357-2.634 1.083-0.726 0.726-1.095 1.735-1.095 3.040s0.369 2.314 1.095 3.040c0.726 0.726 1.6 1.095 2.634 1.095 0.862 0 1.575-0.234 2.142-0.689s0.972-1.071 1.194-1.822l1.28 0.468c-0.283 1.009-0.837 1.834-1.649 2.449-0.8 0.615-1.797 0.923-2.966 0.923z\"><\/path>\n<path fill=\"#fff\" style=\"fill: var(--color7, #fff)\" d=\"M204.628 23.705l1.194 0.418c-0.209 0.665-0.591 1.194-1.157 1.612s-1.243 0.628-2.043 0.628c-0.997 0-1.834-0.345-2.535-1.022-0.689-0.689-1.046-1.612-1.046-2.769 0-1.083 0.332-1.982 1.009-2.683s1.465-1.058 2.388-1.058c1.071 0 1.908 0.332 2.511 1.009s0.898 1.575 0.898 2.708c0 0.172-0.012 0.32-0.025 0.443h-5.342c0.012 0.628 0.222 1.145 0.628 1.551s0.911 0.603 1.514 0.603c1.034-0.012 1.698-0.48 2.006-1.44zM200.542 21.858h3.889c-0.025-0.529-0.197-0.972-0.529-1.305-0.332-0.345-0.812-0.505-1.415-0.505-0.554 0-1.009 0.185-1.354 0.542s-0.566 0.775-0.591 1.268z\"><\/path>\n<path fill=\"#fff\" style=\"fill: var(--color7, #fff)\" d=\"M209.034 22.031v4.111h-1.391v-7.102h1.354v1.022c0.468-0.812 1.206-1.231 2.191-1.231 0.812 0 1.44 0.258 1.883 0.788 0.443 0.517 0.652 1.194 0.652 2.018v4.505h-1.391v-4.271c0-1.194-0.554-1.785-1.649-1.785-0.517 0-0.923 0.185-1.218 0.554-0.283 0.369-0.431 0.837-0.431 1.391z\"><\/path>\n<path fill=\"#fff\" style=\"fill: var(--color7, #fff)\" d=\"M217.809 16.788v2.24h1.538v1.255h-1.538v3.692c0 0.332 0.074 0.578 0.234 0.738s0.406 0.234 0.763 0.234c0.209 0 0.394-0.025 0.542-0.062v1.182c-0.234 0.086-0.554 0.135-0.948 0.135-0.615 0-1.095-0.172-1.452-0.529s-0.529-0.849-0.529-1.489v-3.902h-1.354v-1.255h0.382c0.369 0 0.64-0.098 0.825-0.308 0.185-0.197 0.271-0.468 0.271-0.788v-1.157h1.268z\"><\/path>\n<path fill=\"#fff\" style=\"fill: var(--color7, #fff)\" d=\"M226.105 23.705l1.194 0.418c-0.209 0.665-0.591 1.194-1.157 1.612s-1.243 0.628-2.043 0.628c-0.997 0-1.834-0.345-2.535-1.022-0.689-0.689-1.046-1.612-1.046-2.769 0-1.083 0.332-1.982 1.009-2.683s1.465-1.058 2.388-1.058c1.071 0 1.908 0.332 2.511 1.009s0.898 1.575 0.898 2.708c0 0.172-0.012 0.32-0.025 0.443h-5.342c0.012 0.628 0.222 1.145 0.628 1.551s0.911 0.603 1.514 0.603c1.034-0.012 1.698-0.48 2.006-1.44zM222.018 21.858h3.889c-0.025-0.529-0.197-0.972-0.529-1.305-0.332-0.345-0.812-0.505-1.415-0.505-0.554 0-1.009 0.185-1.354 0.542s-0.566 0.775-0.591 1.268z\"><\/path>\n<path fill=\"#fff\" style=\"fill: var(--color7, #fff)\" d=\"M233.058 18.966v1.477c-0.209-0.025-0.406-0.049-0.603-0.049-1.305 0-1.945 0.726-1.945 2.191v3.557h-1.391v-7.102h1.354v1.243c0.431-0.911 1.145-1.354 2.129-1.354 0.16-0.012 0.308 0 0.455 0.037z\"><\/path>\n<\/svg>"},"version":"0.4","title":"Help Center","type":"page"}