{"content":[{"id":"1470aa4e","settings":{"structure":"30","border_border":"solid","border_width":{"unit":"px","top":"1","right":"0","bottom":"0","left":"0","isLinked":false},"border_color":"#ECF0F4","padding":{"unit":"px","top":"50","right":"0","bottom":"46","left":"0","isLinked":false},"margin":{"unit":"px","top":"","right":0,"bottom":"","left":0,"isLinked":true},"margin_mobile":{"unit":"px","top":"","right":0,"bottom":"","left":0,"isLinked":true},"padding_mobile":{"unit":"px","top":"26","right":"0","bottom":"28","left":"0","isLinked":false},"content_position":"space-between","border_width_mobile":{"unit":"px","top":"1","right":"0","bottom":"1","left":"0","isLinked":false},"background_background":"classic","background_color":"#FBFBFD"},"elements":[{"id":"62660968","settings":{"_column_size":33,"_inline_size":25,"_inline_size_tablet":15,"hide_mobile":"hidden-mobile"},"elements":[],"isInner":false,"elType":"column"},{"id":"5300f261","settings":{"_column_size":33,"_inline_size":49.332,"_inline_size_tablet":70,"_inline_size_mobile":100,"border_width":{"unit":"px","top":"0","right":"0","bottom":"0","left":"0","isLinked":true}},"elements":[{"id":"327ec794","settings":{"title":"Get Exclusive Offers & Updates","title_size":"h4","typography_typography":"custom","typography_font_weight":"500","_border_width_mobile":{"unit":"px","top":"1","right":"0","bottom":"0","left":"0","isLinked":false},"_border_color":"#ECF0F4","_border_width":{"unit":"px","top":"0","right":"0","bottom":"0","left":"0","isLinked":true},"typography_line_height":{"unit":"em","size":1,"sizes":[]},"align":"center","typography_font_size_mobile":{"unit":"px","size":20,"sizes":[]},"_padding":{"unit":"px","top":"0","right":"0","bottom":"12","left":"0","isLinked":false}},"elements":[],"isInner":false,"widgetType":"motta-heading","elType":"widget"},{"id":"671fbc6a","settings":{"editor":"<p>Get recommendations, tips, updates, promotions and more.<\/p>","text_color":"#1D2128","typography_typography":"custom","typography_font_size":{"unit":"px","size":14,"sizes":[]},"typography_font_weight":"400","_margin":{"unit":"px","top":"0","right":"0","bottom":"24","left":"0","isLinked":false},"_margin_mobile":{"unit":"px","top":"0","right":"0","bottom":"18","left":"0","isLinked":false},"_padding_mobile":{"unit":"%","top":"0","right":"15","bottom":"0","left":"15","isLinked":false},"align":"center","align_mobile":"center"},"elements":[],"isInner":false,"widgetType":"text-editor","elType":"widget"},{"id":"1cf8b165","settings":{"form_id":"[mc4wp_form id=\"192\"]","shape":"default","button_tablet":"outside","button_mobile":"outside","form_shortcode":"[mc4wp_form id=\"192\"]","form_style":"medium","form_skin":"raised","form_shape":"round","button_mobile_position":"inside"},"elements":[],"isInner":false,"widgetType":"motta-subscribe-box","elType":"widget"}],"isInner":false,"elType":"column"},{"id":"1476b8ef","settings":{"_column_size":33,"_inline_size":25,"_inline_size_tablet":15,"hide_mobile":"hidden-mobile"},"elements":[],"isInner":false,"elType":"column"}],"isInner":false,"elType":"section"},{"id":"3f10760c","settings":{"structure":"60","border_width":{"unit":"px","top":"0","right":"0","bottom":"1","left":"0","isLinked":false},"border_color":"#ECF0F4","margin":{"unit":"px","top":"","right":0,"bottom":"","left":0,"isLinked":true},"border_width_mobile":{"unit":"px","top":"0","right":"0","bottom":"0","left":"0","isLinked":true},"padding":{"unit":"px","top":"0","right":"0","bottom":"27","left":"0","isLinked":false},"padding_mobile":{"unit":"px","top":"20","right":"0","bottom":"0","left":"0","isLinked":false},"background_background":"classic","background_color":"#FBFBFD"},"elements":[{"id":"30090571","settings":{"_column_size":16,"_inline_size":15,"hide_mobile":"hidden-mobile","_inline_size_tablet":2,"hide_tablet":"hidden-tablet"},"elements":[],"isInner":false,"elType":"column"},{"id":"6a451546","settings":{"_column_size":16,"_inline_size":19,"_inline_size_tablet":25,"_inline_size_mobile":100,"padding_mobile":{"unit":"px","top":"0","right":"16","bottom":"0","left":"16","isLinked":false}},"elements":[{"id":"50a281a3","settings":{"title":"Get to Know Us","list_menu":"footer-know-us","toggle":"","mobile_toggle":"yes","menu_items":[{"title_menu":"Menu item 1","_id":"a8e7c16"},{"title_menu":"Menu item 2","_id":"9513bc8"},{"title_menu":"Menu item 3","_id":"9cdea54"}],"toggle_menu":"","toggle_menu_mobile":"yes","toggle_status":"","toggle_status_mobile":"yes","typography_typography":"custom"},"elements":[],"isInner":false,"widgetType":"motta-navigation-menu","elType":"widget"},{"id":"6dbee12c","settings":{"width_mobile":{"unit":"%","size":100,"sizes":[]},"text":"Divider","color":"#ECF0F4","gap":{"unit":"px","size":1,"sizes":[]},"_padding":{"unit":"px","top":"17","right":"0","bottom":"0","left":"0","isLinked":false},"hide_desktop":"hidden-desktop","hide_tablet":"hidden-tablet"},"elements":[],"isInner":false,"widgetType":"divider","elType":"widget"}],"isInner":false,"elType":"column"},{"id":"439d54a9","settings":{"_column_size":16,"_inline_size":20,"_inline_size_tablet":25,"_inline_size_mobile":100,"padding_mobile":{"unit":"px","top":"16","right":"16","bottom":"0","left":"16","isLinked":false}},"elements":[{"id":"1a52fbee","settings":{"title":"Customer Service","list_menu":"footer-service","mobile_toggle":"yes","menu_items":[{"title_menu":"Menu item 1","_id":"637710d"},{"title_menu":"Menu item 2","_id":"6a49752"},{"title_menu":"Menu item 3","_id":"d249a3b"}],"toggle_menu_mobile":"yes"},"elements":[],"isInner":false,"widgetType":"motta-navigation-menu","elType":"widget"},{"id":"68a9abc6","settings":{"width_mobile":{"unit":"%","size":100,"sizes":[]},"text":"Divider","color":"#ECF0F4","gap":{"unit":"px","size":1,"sizes":[]},"_padding":{"unit":"px","top":"17","right":"0","bottom":"0","left":"0","isLinked":false},"hide_desktop":"hidden-desktop","hide_tablet":"hidden-tablet"},"elements":[],"isInner":false,"widgetType":"divider","elType":"widget"}],"isInner":false,"elType":"column"},{"id":"477af719","settings":{"_column_size":16,"_inline_size":19,"_inline_size_tablet":25},"elements":[{"id":"6eef1d9d","settings":{"title":"Orders & Returns","list_menu":"footer-orders-returns","mobile_toggle":"yes","menu_items":[{"title_menu":"Menu item 1","_id":"363a691"},{"title_menu":"Menu item 2","_id":"5ff8737"},{"title_menu":"Menu item 3","_id":"8f3f2fc"}],"toggle_menu_mobile":"yes"},"elements":[],"isInner":false,"widgetType":"motta-navigation-menu","elType":"widget"},{"id":"515fe558","settings":{"width_mobile":{"unit":"%","size":100,"sizes":[]},"text":"Divider","color":"#ECF0F4","gap":{"unit":"px","size":1,"sizes":[]},"_padding":{"unit":"px","top":"17","right":"0","bottom":"0","left":"0","isLinked":false},"hide_desktop":"hidden-desktop","hide_tablet":"hidden-tablet"},"elements":[],"isInner":false,"widgetType":"divider","elType":"widget"}],"isInner":false,"elType":"column"},{"id":"2ed10f43","settings":{"_column_size":16,"_inline_size":14,"_inline_size_tablet":18},"elements":[{"id":"4d7d8390","settings":{"title":"Quick Links","list_menu":"footer-policy","mobile_toggle":"yes","menu_items":[{"title_menu":"Menu item 1","_id":"363a691"},{"title_menu":"Menu item 2","_id":"5ff8737"},{"title_menu":"Menu item 3","_id":"8f3f2fc"}],"toggle_menu_mobile":"yes"},"elements":[],"isInner":false,"widgetType":"motta-navigation-menu","elType":"widget"},{"id":"59231a4d","settings":{"width_mobile":{"unit":"%","size":100,"sizes":[]},"text":"Divider","color":"#ECF0F4","gap":{"unit":"px","size":1,"sizes":[]},"_padding":{"unit":"px","top":"17","right":"0","bottom":"0","left":"0","isLinked":false},"hide_desktop":"hidden-desktop","hide_tablet":"hidden-tablet"},"elements":[],"isInner":false,"widgetType":"divider","elType":"widget"}],"isInner":false,"elType":"column"},{"id":"18454204","settings":{"_column_size":16,"_inline_size":11.66,"_inline_size_tablet":2,"hide_tablet":"hidden-tablet","hide_mobile":"hidden-mobile"},"elements":[],"isInner":false,"elType":"column"}],"isInner":false,"elType":"section"},{"id":"14ea1ce3","settings":{"structure":"20","padding":{"unit":"px","top":"15","right":"0","bottom":"0","left":"0","isLinked":false},"padding_mobile":{"unit":"px","top":"10","right":"0","bottom":"0","left":"0","isLinked":false},"background_background":"classic","background_color":"#FBFBFD"},"elements":[{"id":"2318f491","settings":{"_column_size":50,"_inline_size":null,"padding_mobile":{"unit":"px","top":"0","right":"16","bottom":"0","left":"16","isLinked":false}},"elements":[{"id":"7101e471","settings":{"editor":"<p>Copyright \u00a9 [motta_year] Motta, All rights reserved.<\/p>","text_color":"#1D2128","__globals__":{"typography_typography":""},"typography_typography":"custom","typography_font_size":{"unit":"px","size":14,"sizes":[]},"typography_font_weight":"normal","align_mobile":"center"},"elements":[],"isInner":false,"widgetType":"text-editor","elType":"widget"}],"isInner":false,"elType":"column"},{"id":"2d0c442a","settings":{"_column_size":50,"_inline_size":null,"padding_mobile":{"unit":"px","top":"0","right":"16","bottom":"16","left":"16","isLinked":false}},"elements":[{"id":"1cd3f189","settings":{"social_icon_list":[{"social_icon":{"value":"fab fa-twitter","library":"fa-brands"},"_id":"48272a2","link":{"url":"https:\/\/twitter.com\/motta.uix.store","is_external":"true","nofollow":"","custom_attributes":""}},{"social_icon":{"value":"fab fa-facebook-square","library":"fa-brands"},"_id":"4c9cfd4","link":{"url":"https:\/\/www.facebook.com\/motta.uix.store","is_external":"true","nofollow":"","custom_attributes":""}},{"social_icon":{"value":"fab fa-youtube","library":"fa-brands"},"_id":"c175218","link":{"url":"https:\/\/www.youtube.com\/motta.uix.store","is_external":"true","nofollow":"","custom_attributes":""}},{"_id":"cfb8721","social_icon":{"value":"fab fa-instagram","library":"fa-brands"},"link":{"url":"https:\/\/www.instagram.com\/motta.uix.store\/","is_external":"true","nofollow":"","custom_attributes":""}},{"_id":"65b6e37","social_icon":{"value":"fab fa-whatsapp","library":"fa-brands"},"link":{"url":"https:\/\/www.whatsapp.com\/motta.uix.store","is_external":"true","nofollow":"","custom_attributes":""}}],"icon_spacing":{"unit":"px","size":"","sizes":[]},"align":"right","align_mobile":"center"},"elements":[],"isInner":false,"widgetType":"motta-social-icons","elType":"widget"}],"isInner":false,"elType":"column"}],"isInner":false,"elType":"section"}],"page_settings":[],"version":"0.4","title":"footer-v5","type":"page"}