{"content":[{"id":"12d746d1","settings":{"structure":"50","border_width":{"unit":"px","top":"0","right":"0","bottom":"1","left":"0","isLinked":false},"border_color":"#ECF0F4","margin":{"unit":"px","top":"","right":0,"bottom":"","left":0,"isLinked":true},"border_width_mobile":{"unit":"px","top":"0","right":"0","bottom":"0","left":"0","isLinked":true},"padding":{"unit":"px","top":"60","right":"0","bottom":"30","left":"0","isLinked":false}},"elements":[{"id":"5c72e0ee","settings":{"_column_size":20,"_inline_size":24,"space_between_widgets":0,"_inline_size_tablet":32,"padding_mobile":{"unit":"px","top":"0","right":"16","bottom":"0","left":"16","isLinked":false}},"elements":[{"id":"7c3bda74","settings":{"html":"<img class=\"alignnone size-full wp-image-3054\" src=\"http:\/\/demo3.drfuri.com\/motta\/wp-content\/uploads\/sites\/14\/2022\/05\/Logo-v1.png\" alt=\"\" width=\"114\" height=\"32\" \/>","_margin":{"unit":"px","top":"0","right":"0","bottom":"27","left":"0","isLinked":false}},"elements":[],"isInner":false,"widgetType":"html","elType":"widget"},{"id":"7b811822","settings":{"title":"Best For Shopping","title_size":"h5","title_color":"#1D2128","typography_typography":"custom","typography_font_weight":"500","spacing":{"unit":"px","size":10,"sizes":[]}},"elements":[],"isInner":false,"widgetType":"motta-heading","elType":"widget"},{"id":"7e38aec9","settings":{"editor":"Sed do eiusmod tempor <br>incididuntut labore dolore magna.","text_color":"#7C818B","typography_typography":"custom","typography_font_size":{"unit":"px","size":14,"sizes":[]},"typography_font_weight":"normal","typography_line_height":{"unit":"px","size":20,"sizes":[]},"_margin":{"unit":"px","top":"0","right":"0","bottom":"38","left":"0","isLinked":false},"_margin_mobile":{"unit":"px","top":"0","right":"0","bottom":"18","left":"0","isLinked":false}},"elements":[],"isInner":false,"widgetType":"text-editor","elType":"widget"},{"id":"7e1f33a9","settings":{"social_icon_list":[{"social_icon":{"value":"fab fa-twitter","library":"fa-brands"},"_id":"48272a2","link":{"url":"https:\/\/twitter.com\/motta.uix.store","is_external":"true","nofollow":"","custom_attributes":""}},{"social_icon":{"value":"fab fa-facebook-square","library":"fa-brands"},"_id":"4c9cfd4","link":{"url":"https:\/\/www.facebook.com\/motta.uix.store","is_external":"true","nofollow":"","custom_attributes":""}},{"social_icon":{"value":"fab fa-youtube","library":"fa-brands"},"_id":"c175218","link":{"url":"https:\/\/www.youtube.com\/motta.uix.store","is_external":"true","nofollow":"","custom_attributes":""}},{"_id":"cfb8721","social_icon":{"value":"fab fa-instagram","library":"fa-brands"},"link":{"url":"https:\/\/www.instagram.com\/motta.uix.store\/","is_external":"true","nofollow":"","custom_attributes":""}},{"_id":"65b6e37","social_icon":{"value":"fab fa-whatsapp","library":"fa-brands"},"link":{"url":"https:\/\/www.whatsapp.com\/motta.uix.store","is_external":"true","nofollow":"","custom_attributes":""}}],"icon_spacing":{"unit":"px","size":"","sizes":[]}},"elements":[],"isInner":false,"widgetType":"motta-social-icons","elType":"widget"},{"id":"5d481f7a","settings":{"width_mobile":{"unit":"%","size":100,"sizes":[]},"text":"Divider","color":"#ECF0F4","gap":{"unit":"px","size":1,"sizes":[]},"_padding":{"unit":"px","top":"25","right":"0","bottom":"17","left":"0","isLinked":false},"hide_desktop":"hidden-desktop","hide_tablet":"hidden-tablet"},"elements":[],"isInner":false,"widgetType":"divider","elType":"widget"}],"isInner":false,"elType":"column"},{"id":"2505f68b","settings":{"_column_size":20,"_inline_size":24,"hide_mobile":"hidden-mobile","_inline_size_tablet":2},"elements":[],"isInner":false,"elType":"column"},{"id":"5ac6dd88","settings":{"_column_size":20,"_inline_size":18,"_inline_size_tablet":21,"_inline_size_mobile":100,"padding_mobile":{"unit":"px","top":"0","right":"16","bottom":"0","left":"16","isLinked":false}},"elements":[{"id":"6c975b04","settings":{"title":"Get to Know Us","list_menu":"footer-know-us","toggle":"","mobile_toggle":"yes","menu_items":[{"title_menu":"Menu item 1","_id":"a8e7c16"},{"title_menu":"Menu item 2","_id":"9513bc8"},{"title_menu":"Menu item 3","_id":"9cdea54"}],"toggle_menu":"","toggle_menu_mobile":"yes","toggle_status":""},"elements":[],"isInner":false,"widgetType":"motta-navigation-menu","elType":"widget"},{"id":"43d0b4e7","settings":{"width_mobile":{"unit":"%","size":100,"sizes":[]},"text":"Divider","color":"#ECF0F4","gap":{"unit":"px","size":1,"sizes":[]},"_padding":{"unit":"px","top":"17","right":"0","bottom":"0","left":"0","isLinked":false},"hide_desktop":"hidden-desktop","hide_tablet":"hidden-tablet"},"elements":[],"isInner":false,"widgetType":"divider","elType":"widget"}],"isInner":false,"elType":"column"},{"id":"12f1f955","settings":{"_column_size":20,"_inline_size":18.803,"_inline_size_tablet":20,"_inline_size_mobile":100,"padding_mobile":{"unit":"px","top":"16","right":"16","bottom":"0","left":"16","isLinked":false}},"elements":[{"id":"70c8ee5e","settings":{"title":"Customer Service","list_menu":"footer-service","mobile_toggle":"yes","menu_items":[{"title_menu":"Menu item 1","_id":"637710d"},{"title_menu":"Menu item 2","_id":"6a49752"},{"title_menu":"Menu item 3","_id":"d249a3b"}],"toggle_menu_mobile":"yes"},"elements":[],"isInner":false,"widgetType":"motta-navigation-menu","elType":"widget"},{"id":"7117c02f","settings":{"width_mobile":{"unit":"%","size":100,"sizes":[]},"text":"Divider","color":"#ECF0F4","gap":{"unit":"px","size":1,"sizes":[]},"_padding":{"unit":"px","top":"17","right":"0","bottom":"0","left":"0","isLinked":false},"hide_desktop":"hidden-desktop","hide_tablet":"hidden-tablet"},"elements":[],"isInner":false,"widgetType":"divider","elType":"widget"}],"isInner":false,"elType":"column"},{"id":"2ac8c838","settings":{"_column_size":20,"_inline_size":15,"_inline_size_tablet":22},"elements":[{"id":"34fa32d1","settings":{"title":"Orders & Returns","list_menu":"footer-orders-returns","mobile_toggle":"yes","menu_items":[{"title_menu":"Menu item 1","_id":"363a691"},{"title_menu":"Menu item 2","_id":"5ff8737"},{"title_menu":"Menu item 3","_id":"8f3f2fc"}],"toggle_menu_mobile":"yes"},"elements":[],"isInner":false,"widgetType":"motta-navigation-menu","elType":"widget"},{"id":"3009e30d","settings":{"width_mobile":{"unit":"%","size":100,"sizes":[]},"text":"Divider","color":"#ECF0F4","gap":{"unit":"px","size":1,"sizes":[]},"_padding":{"unit":"px","top":"17","right":"0","bottom":"0","left":"0","isLinked":false},"hide_desktop":"hidden-desktop","hide_tablet":"hidden-tablet"},"elements":[],"isInner":false,"widgetType":"divider","elType":"widget"}],"isInner":false,"elType":"column"}],"isInner":false,"elType":"section"},{"id":"252df16c","settings":{"structure":"20","margin":{"unit":"px","top":"","right":0,"bottom":"","left":0,"isLinked":true},"margin_mobile":{"unit":"px","top":"","right":0,"bottom":"","left":0,"isLinked":true},"content_position":"middle"},"elements":[{"id":"21cc80a4","settings":{"_column_size":50,"_inline_size":null,"padding_mobile":{"unit":"px","top":"0","right":"16","bottom":"0","left":"16","isLinked":false}},"elements":[{"id":"3ac18b9b","settings":{"editor":"<div>Copyright \u00a9 2021 Motta, All Rights Reserved. <a style=\"font-weight: 500; text-decoration: underline;\" href=\"https:\/\/motta.uix.store\/legal\/privacy-policy\/\">Privacy Notice<\/a> <a style=\"font-weight: 500; text-decoration: underline;\"href=\"https:\/\/motta.uix.store\/legal\/terms-of-use\/\">Terms of Use<\/a><\/div>","typography_typography":"custom","typography_font_size":{"unit":"px","size":12,"sizes":[]}},"elements":[],"isInner":false,"widgetType":"text-editor","elType":"widget"}],"isInner":false,"elType":"column"},{"id":"112896b0","settings":{"_column_size":50,"_inline_size":null},"elements":[{"id":"4947269c","settings":{"currency":"","align":"flex-end"},"elements":[],"isInner":false,"widgetType":"motta-preferences","elType":"widget"}],"isInner":false,"elType":"column"}],"isInner":false,"elType":"section"}],"page_settings":[],"version":"0.4","title":"footer-for-help-center","type":"page"}