{"content":[{"id":"42cf0b98","settings":{"structure":"20","border_border":"solid","border_width":{"unit":"px","top":"4","right":"0","bottom":"0","left":"0","isLinked":false},"border_color":"#ECF0F4","margin":{"unit":"px","top":"","right":0,"bottom":"","left":0,"isLinked":true},"padding":{"unit":"px","top":"18","right":"0","bottom":"0","left":"0","isLinked":false},"margin_mobile":{"unit":"px","top":"","right":0,"bottom":"","left":0,"isLinked":true},"border_width_mobile":{"unit":"px","top":"4","right":"0","bottom":"0","left":"0","isLinked":false},"padding_mobile":{"unit":"px","top":"18","right":"0","bottom":"10","left":"0","isLinked":false}},"elements":[{"id":"509ec607","settings":{"_column_size":50,"_inline_size":null,"_inline_size_tablet":50,"_inline_size_mobile":50,"padding_mobile":{"unit":"px","top":"16","right":"10","bottom":"16","left":"10","isLinked":false}},"elements":[{"id":"73be126","settings":{"title":"Worldwide Delivery","description":"200 countries and regions worldwide","icon":{"value":{"url":"https:\/\/motta.uix.store\/electronic\/wp-content\/uploads\/sites\/6\/2021\/12\/worldwide.svg","id":18469},"library":"svg"},"icon_color":"#7C818B","icon_size":{"unit":"px","size":47,"sizes":[]},"title_typography_font_weight":"500","title_spacing":{"unit":"px","size":3,"sizes":[]},"description_spacing":{"unit":"px","size":0,"sizes":[]},"position_mobile":"top","align_mobile":"center","position_tablet":"left","icon_spacing_mobile":{"unit":"px","size":13,"sizes":[]},"alignment_mobile":"center","description_typography_typography":"custom","alignment":"center","title_typography_typography":"custom","title_typography_font_size":{"unit":"px","size":16,"sizes":[]},"description_color":"#7C818B"},"elements":[],"isInner":false,"widgetType":"motta-icon-box","elType":"widget"}],"isInner":false,"elType":"column"},{"id":"43462fff","settings":{"_column_size":50,"_inline_size":null,"_inline_size_tablet":50,"_inline_size_mobile":50,"padding_mobile":{"unit":"px","top":"16","right":"8","bottom":"16","left":"3","isLinked":false}},"elements":[{"id":"31efee2f","settings":{"title":"Secure Payment","description":"Pay with popular and secure payment methods","icon":{"value":{"url":"https:\/\/motta.uix.store\/electronic\/wp-content\/uploads\/sites\/6\/2021\/12\/secure-payment.svg","id":18470},"library":"svg"},"icon_color":"#7C818B","icon_size":{"unit":"px","size":47,"sizes":[]},"title_typography_font_weight":"500","title_spacing":{"unit":"px","size":3,"sizes":[]},"description_spacing":{"unit":"px","size":0,"sizes":[]},"position_mobile":"top","align_mobile":"center","position_tablet":"left","icon_spacing_mobile":{"unit":"px","size":13,"sizes":[]},"alignment_mobile":"center","description_typography_typography":"custom","alignment":"center","title_typography_typography":"custom","title_typography_font_size":{"unit":"px","size":16,"sizes":[]},"description_color":"#7C818B"},"elements":[],"isInner":false,"widgetType":"motta-icon-box","elType":"widget"}],"isInner":false,"elType":"column"}],"isInner":false,"elType":"section"},{"id":"733882e4","settings":{"structure":"20","border_width":{"unit":"px","top":"4","right":"0","bottom":"0","left":"0","isLinked":false},"border_color":"#ECF0F4","margin":{"unit":"px","top":"","right":0,"bottom":"","left":0,"isLinked":true},"margin_mobile":{"unit":"px","top":"","right":0,"bottom":"","left":0,"isLinked":true},"border_width_mobile":{"unit":"px","top":"4","right":"0","bottom":"0","left":"0","isLinked":false},"padding_mobile":{"unit":"px","top":"18","right":"0","bottom":"10","left":"0","isLinked":false}},"elements":[{"id":"38683bb1","settings":{"_column_size":50,"_inline_size":null,"_inline_size_tablet":50,"_inline_size_mobile":50,"padding_mobile":{"unit":"px","top":"7","right":"3","bottom":"16","left":"8","isLinked":false}},"elements":[{"id":"7f5ad86d","settings":{"title":"60-day Return Policy","description":"Merchandise must be returned within 60 days.","icon":{"value":{"url":"https:\/\/motta.uix.store\/electronic\/wp-content\/uploads\/sites\/6\/2021\/12\/return.svg","id":18473},"library":"svg"},"icon_color":"#7C818B","icon_size":{"unit":"px","size":47,"sizes":[]},"title_typography_font_weight":"500","title_spacing":{"unit":"px","size":3,"sizes":[]},"description_spacing":{"unit":"px","size":0,"sizes":[]},"position_mobile":"top","align_mobile":"center","position_tablet":"left","icon_spacing_mobile":{"unit":"px","size":13,"sizes":[]},"alignment_mobile":"center","description_typography_typography":"custom","alignment":"center","title_typography_typography":"custom","title_typography_font_size":{"unit":"px","size":16,"sizes":[]},"description_color":"#7C818B"},"elements":[],"isInner":false,"widgetType":"motta-icon-box","elType":"widget"}],"isInner":false,"elType":"column"},{"id":"4e9a703f","settings":{"_column_size":50,"_inline_size":null,"_inline_size_tablet":50,"_inline_size_mobile":50,"padding_mobile":{"unit":"px","top":"7","right":"10","bottom":"16","left":"10","isLinked":false}},"elements":[{"id":"2512490","settings":{"title":"24\/7 Help Center","description":"We'll respond to you within 24 hours","icon":{"value":{"url":"https:\/\/motta.uix.store\/electronic\/wp-content\/uploads\/sites\/6\/2021\/12\/help-center.svg","id":18478},"library":"svg"},"icon_color":"#7C818B","icon_size":{"unit":"px","size":47,"sizes":[]},"title_typography_font_weight":"500","title_spacing":{"unit":"px","size":3,"sizes":[]},"description_spacing":{"unit":"px","size":0,"sizes":[]},"position_mobile":"top","align_mobile":"center","position_tablet":"left","icon_spacing_mobile":{"unit":"px","size":13,"sizes":[]},"alignment_mobile":"center","description_typography_typography":"custom","alignment":"center","title_typography_typography":"custom","title_typography_font_size":{"unit":"px","size":16,"sizes":[]},"description_color":"#7C818B"},"elements":[],"isInner":false,"widgetType":"motta-icon-box","elType":"widget"}],"isInner":false,"elType":"column"}],"isInner":false,"elType":"section"},{"id":"c38ea5c","settings":{"border_border":"solid","border_width":{"unit":"px","top":"1","right":"0","bottom":"0","left":"0","isLinked":false},"border_color":"#ECF0F4","margin":{"unit":"px","top":"","right":0,"bottom":"","left":0,"isLinked":true},"border_width_mobile":{"unit":"px","top":"1","right":"0","bottom":"0","left":"0","isLinked":false}},"elements":[{"id":"74aaff47","settings":{"_column_size":100,"_inline_size":null,"padding":{"unit":"px","top":"16","right":"16","bottom":"0","left":"16","isLinked":false}},"elements":[{"id":"3e5ad06d","settings":{"title":"Get to Know Us","list_menu":"footer-know-us","spacing":{"unit":"px","size":10,"sizes":[]},"menu_items":[{"title_menu":"Menu item 1","_id":"4c380bd"},{"title_menu":"Menu item 2","_id":"a5bef50"},{"title_menu":"Menu item 3","_id":"14bed9f"}],"toggle_menu_mobile":"yes","toggle_menu":"yes","toggle_menu_tablet":"yes","toggle_status":""},"elements":[],"isInner":false,"widgetType":"motta-navigation-menu","elType":"widget"},{"id":"5969ea19","settings":{"text":"Divider","color":"#ECF0F4","gap_mobile":{"unit":"px","size":19,"sizes":[]}},"elements":[],"isInner":false,"widgetType":"divider","elType":"widget"}],"isInner":false,"elType":"column"}],"isInner":false,"elType":"section"},{"id":"543ff4bc","settings":{"border_width":{"unit":"px","top":"0","right":"0","bottom":"0","left":"0","isLinked":false},"border_color":"#ECF0F4","margin":{"unit":"px","top":"","right":0,"bottom":"","left":0,"isLinked":true},"border_width_mobile":{"unit":"px","top":"1","right":"0","bottom":"0","left":"0","isLinked":false}},"elements":[{"id":"191c672e","settings":{"_column_size":100,"_inline_size":null,"padding":{"unit":"px","top":"0","right":"16","bottom":"0","left":"16","isLinked":false}},"elements":[{"id":"7cd0802a","settings":{"title":"Customer Service","list_menu":"footer-service","spacing":{"unit":"px","size":10,"sizes":[]},"menu_items":[{"title_menu":"Menu item 1","_id":"1adc015"},{"title_menu":"Menu item 2","_id":"e33d5fd"},{"title_menu":"Menu item 3","_id":"3a282d8"}],"toggle_menu_mobile":"yes","toggle_menu":"yes","toggle_menu_tablet":"yes","toggle_status":""},"elements":[],"isInner":false,"widgetType":"motta-navigation-menu","elType":"widget"},{"id":"4e8dcb87","settings":{"text":"Divider","color":"#ECF0F4","gap_mobile":{"unit":"px","size":19,"sizes":[]}},"elements":[],"isInner":false,"widgetType":"divider","elType":"widget"}],"isInner":false,"elType":"column"}],"isInner":false,"elType":"section"},{"id":"5c8a779c","settings":{"border_width":{"unit":"px","top":"0","right":"0","bottom":"0","left":"0","isLinked":false},"border_color":"#ECF0F4","margin":{"unit":"px","top":"","right":0,"bottom":"","left":0,"isLinked":true},"border_width_mobile":{"unit":"px","top":"1","right":"0","bottom":"0","left":"0","isLinked":false}},"elements":[{"id":"787671ed","settings":{"_column_size":100,"_inline_size":null,"padding":{"unit":"px","top":"0","right":"16","bottom":"0","left":"16","isLinked":false}},"elements":[{"id":"3653ee80","settings":{"title":"Orders & Returns","list_menu":"footer-orders-returns","spacing":{"unit":"px","size":10,"sizes":[]},"menu_items":[{"title_menu":"Menu item 1","_id":"89c522a"},{"title_menu":"Menu item 2","_id":"60a87da"},{"title_menu":"Menu item 3","_id":"4306d95"}],"toggle_menu_mobile":"yes","toggle_menu":"yes","toggle_menu_tablet":"yes","toggle_status":""},"elements":[],"isInner":false,"widgetType":"motta-navigation-menu","elType":"widget"},{"id":"48f4eeb5","settings":{"text":"Divider","color":"#ECF0F4","gap_mobile":{"unit":"px","size":19,"sizes":[]}},"elements":[],"isInner":false,"widgetType":"divider","elType":"widget"}],"isInner":false,"elType":"column"}],"isInner":false,"elType":"section"},{"id":"36269aaa","settings":{"border_width":{"unit":"px","top":"0","right":"0","bottom":"0","left":"0","isLinked":false},"border_color":"#ECF0F4","margin":{"unit":"px","top":"","right":0,"bottom":"","left":0,"isLinked":true},"border_width_mobile":{"unit":"px","top":"1","right":"0","bottom":"0","left":"0","isLinked":false}},"elements":[{"id":"498431b0","settings":{"_column_size":100,"_inline_size":null,"padding":{"unit":"px","top":"0","right":"16","bottom":"0","left":"16","isLinked":false}},"elements":[{"id":"5c1eb0e9","settings":{"title":"Legal","list_menu":"footer-policy","spacing":{"unit":"px","size":10,"sizes":[]},"menu_items":[{"title_menu":"Menu item 1","_id":"40437ac"},{"title_menu":"Menu item 2","_id":"01c7f80"},{"title_menu":"Menu item 3","_id":"353b88e"}],"toggle_menu_mobile":"yes","toggle_menu":"yes","toggle_menu_tablet":"yes","toggle_status":""},"elements":[],"isInner":false,"widgetType":"motta-navigation-menu","elType":"widget"},{"id":"26e980e0","settings":{"text":"Divider","color":"#ECF0F4","gap_mobile":{"unit":"px","size":19,"sizes":[]}},"elements":[],"isInner":false,"widgetType":"divider","elType":"widget"}],"isInner":false,"elType":"column"}],"isInner":false,"elType":"section"},{"id":"412bb09e","settings":{"border_width":{"unit":"px","top":"0","right":"0","bottom":"0","left":"0","isLinked":false},"border_color":"#ECF0F4","margin":{"unit":"px","top":"","right":0,"bottom":"","left":0,"isLinked":true},"padding":{"unit":"px","top":"10","right":"0","bottom":"0","left":"0","isLinked":false},"border_width_mobile":{"unit":"px","top":"1","right":"0","bottom":"0","left":"0","isLinked":false}},"elements":[{"id":"74d95a0a","settings":{"_column_size":100,"_inline_size":null,"padding":{"unit":"px","top":"0","right":"16","bottom":"18","left":"16","isLinked":false}},"elements":[{"id":"4a759845","settings":{"title":"Let\u2019s keep in touch","title_size":"h6","typography_typography":"custom","typography_font_weight":"500","spacing":{"unit":"px","size":20,"sizes":[]}},"elements":[],"isInner":false,"widgetType":"motta-heading","elType":"widget"},{"id":"55a8f8a4","settings":{"editor":"<div>Get recommendations, tips, updates and more.<\/div>","text_color":"#7C818B","typography_typography":"custom","typography_font_size":{"unit":"px","size":14,"sizes":[]},"typography_font_weight":"normal","_padding":{"unit":"px","top":"0","right":"0","bottom":"11","left":"0","isLinked":false}},"elements":[],"isInner":false,"widgetType":"text-editor","elType":"widget"},{"id":"1cfbf0c9","settings":{"form_id":"192","style":"medium","_margin":{"unit":"px","top":"0","right":"0","bottom":"30","left":"0","isLinked":false},"form_shortcode":"[mc4wp_form id=\"192\"]","form_height":{"unit":"px","size":44,"sizes":[]},"form_shape":"round","button_padding":{"unit":"px","top":"0","right":"20","bottom":"0","left":"20","isLinked":false},"button_options":"yes","button_width":{"unit":"px","size":100,"sizes":[]}},"elements":[],"isInner":false,"widgetType":"motta-subscribe-box","elType":"widget"},{"id":"3b39709f","settings":{"title":"Stay Connected","title_size":"h6","typography_typography":"custom","typography_font_weight":"500","spacing":{"unit":"px","size":11,"sizes":[]}},"elements":[],"isInner":false,"widgetType":"motta-heading","elType":"widget"},{"id":"4cb759c7","settings":{"social_icon_list":[{"social_icon":{"value":"fab fa-twitter","library":"fa-brands"},"_id":"48272a2","link":{"url":"https:\/\/twitter.com\/motta.uix.store","is_external":"true","nofollow":"","custom_attributes":""}},{"social_icon":{"value":"fab fa-facebook-square","library":"fa-brands"},"_id":"4c9cfd4","link":{"url":"https:\/\/www.facebook.com\/motta.uix.store","is_external":"true","nofollow":"","custom_attributes":""}},{"social_icon":{"value":"fab fa-youtube","library":"fa-brands"},"_id":"c175218","link":{"url":"https:\/\/www.youtube.com\/motta.uix.store","is_external":"true","nofollow":"","custom_attributes":""}},{"_id":"cfb8721","social_icon":{"value":"fab fa-instagram","library":"fa-brands"},"link":{"url":"https:\/\/www.instagram.com\/motta.uix.store\/","is_external":"true","nofollow":"","custom_attributes":""}},{"_id":"65b6e37","social_icon":{"value":"fab fa-whatsapp","library":"fa-brands"},"link":{"url":"https:\/\/www.whatsapp.com\/motta.uix.store","is_external":"true","nofollow":"","custom_attributes":""}}],"icon_spacing":{"unit":"px","size":25,"sizes":[]},"_margin_mobile":{"unit":"px","top":"0","right":"0","bottom":"2","left":"0","isLinked":false},"align_mobile":"center"},"elements":[],"isInner":false,"widgetType":"motta-social-icons","elType":"widget"}],"isInner":false,"elType":"column"}],"isInner":false,"elType":"section"},{"id":"1bef60b8","settings":{"border_border":"solid","border_width":{"unit":"px","top":"1","right":"0","bottom":"0","left":"0","isLinked":false},"border_color":"#ECF0F4","padding":{"unit":"px","top":"6","right":"0","bottom":"0","left":"0","isLinked":false}},"elements":[{"id":"1f6100d4","settings":{"_column_size":100,"_inline_size":null},"elements":[{"id":"55c7e582","settings":{"images":[{"_id":"3f444e9","image":{"url":"https:\/\/motta.uix.store\/wp-content\/uploads\/2021\/12\/footer-bank-transfer.png","id":14322,"alt":"","source":"library"}},{"image":{"url":"https:\/\/motta.uix.store\/wp-content\/uploads\/2021\/12\/footer-visa.png","id":14325,"alt":"","source":"library"},"_id":"ef81aaa"},{"image":{"url":"https:\/\/motta.uix.store\/wp-content\/uploads\/2021\/12\/footer-mastercard.png","id":14323,"alt":"","source":"library"},"_id":"98a9132"},{"image":{"url":"https:\/\/motta.uix.store\/wp-content\/uploads\/2021\/12\/footer-paypal.png","id":14324,"alt":"","source":"library"},"_id":"2435dc6"}],"slides_horizontal_position":"center","slides_horizontal_position_mobile":"center","spacing_image_item":{"unit":"px","size":25,"sizes":[]},"spacing_image_item_mobile":{"unit":"px","size":11,"sizes":[]},"_padding":{"unit":"px","top":"0","right":"0","bottom":"13","left":"0","isLinked":false}},"elements":[],"isInner":false,"widgetType":"motta-image-grid","elType":"widget"},{"id":"2cdb5b6","settings":{"text":"Divider","color":"#ECF0F4","gap":{"unit":"px","size":5,"sizes":[]}},"elements":[],"isInner":false,"widgetType":"divider","elType":"widget"}],"isInner":false,"elType":"column"}],"isInner":false,"elType":"section"},{"id":"3308e22f","settings":{"structure":"20","border_width":{"unit":"px","top":"0","right":"0","bottom":"0","left":"0","isLinked":true},"border_width_mobile":{"unit":"px","top":"1","right":"0","bottom":"0","left":"0","isLinked":false},"border_color":"#ECF0F4"},"elements":[{"id":"12e591","settings":{"_column_size":50,"_inline_size":null,"_inline_size_mobile":50,"padding":{"unit":"px","top":"0","right":"16","bottom":"0","left":"16","isLinked":false}},"elements":[{"id":"3d4170f2","settings":{"editor":"Copyright \u00a9 [motta_year] Motta,<br\/> All rights reserved.","text_color":"#1D2128","__globals__":{"typography_typography":""},"typography_typography":"custom","typography_font_size":{"unit":"px","size":14,"sizes":[]},"typography_font_weight":"normal","align_mobile":"left","_margin":{"unit":"px","top":"4","right":"0","bottom":"0","left":"0","isLinked":false},"_margin_mobile":{"unit":"px","top":"4","right":"0","bottom":"18","left":"0","isLinked":false},"_border_width":{"unit":"px","top":"0","right":"0","bottom":"0","left":"0","isLinked":true},"_border_width_mobile":{"unit":"px","top":"0","right":"0","bottom":"1","left":"0","isLinked":false},"_border_color":"#ECF0F4"},"elements":[],"isInner":false,"widgetType":"text-editor","elType":"widget"}],"isInner":false,"elType":"column"},{"id":"28207b5b","settings":{"_column_size":50,"_inline_size":null,"padding_mobile":{"unit":"px","top":"0","right":"16","bottom":"0","left":"16","isLinked":false},"_inline_size_mobile":50},"elements":[{"id":"64cb752b","settings":{"currency":"","align":"flex-end","align_mobile":"flex-end","flag":"yes","language_color":"#7C818B","_padding":{"unit":"px","top":"10","right":"0","bottom":"0","left":"0","isLinked":false}},"elements":[],"isInner":false,"widgetType":"motta-preferences","elType":"widget"}],"isInner":false,"elType":"column"}],"isInner":false,"elType":"section"}],"page_settings":[],"version":"0.4","title":"footer-mobile-v6","type":"page"}