{"content":[{"id":"4e9ef3f8","settings":{"structure":"20","border_border":"solid","border_width":{"unit":"px","top":"1","right":"0","bottom":"0","left":"0","isLinked":false},"border_width_mobile":{"unit":"px","top":"4","right":"0","bottom":"0","left":"0","isLinked":false},"border_color":"#ECF0F4","padding":{"unit":"px","top":"5","right":"0","bottom":"5","left":"0","isLinked":false},"padding_mobile":{"unit":"px","top":"0","right":"0","bottom":"0","left":"0","isLinked":true}},"elements":[{"id":"476a1dac","settings":{"_column_size":50,"_inline_size":null},"elements":[{"id":"5cee8986","settings":{"title":"","list_menu":"footer-policy","type":"row","typography_menu_typography":"custom","typography_menu_font_size":{"unit":"px","size":12,"sizes":[]},"menu_color":"#1D2128","menu_items":[{"title_menu":"Menu item 1","_id":"67947a4"},{"title_menu":"Menu item 2","_id":"4e24119"},{"title_menu":"Menu item 3","_id":"e4df219"}],"menu_stype":"row"},"elements":[],"isInner":false,"widgetType":"motta-navigation-menu","elType":"widget"}],"isInner":false,"elType":"column"},{"id":"78ee610d","settings":{"_column_size":50,"_inline_size":null,"padding_mobile":{"unit":"px","top":"10","right":"16","bottom":"10","left":"16","isLinked":false}},"elements":[{"id":"491990f7","settings":{"social_icon_list":[{"social_icon":{"value":"fab fa-twitter","library":"fa-brands"},"_id":"1ef0dac","link":{"url":"twitter.com","is_external":"true","nofollow":"","custom_attributes":""}},{"social_icon":{"value":"fab fa-facebook-square","library":"fa-brands"},"_id":"5f52894","link":{"url":"facebook.com","is_external":"true","nofollow":"","custom_attributes":""}},{"social_icon":{"value":"fab fa-youtube","library":"fa-brands"},"_id":"20cba2c","link":{"url":"youtube.com","is_external":"true","nofollow":"","custom_attributes":""}},{"_id":"2c4f023","social_icon":{"value":"fab fa-instagram","library":"fa-brands"},"link":{"url":"instagram.com","is_external":"true","nofollow":"","custom_attributes":""}},{"_id":"fa9c800","social_icon":{"value":"fab fa-whatsapp","library":"fa-brands"},"link":{"url":"whatapp.com","is_external":"true","nofollow":"","custom_attributes":""}}],"align":"right","align_mobile":"center","icon_color":"#7C818B","icon_size":{"unit":"px","size":17,"sizes":[]},"icon_spacing":{"unit":"px","size":15,"sizes":[]}},"elements":[],"isInner":false,"widgetType":"motta-social-icons","elType":"widget"}],"isInner":false,"elType":"column"}],"isInner":false,"elType":"section"},{"id":"2e034042","settings":{"structure":"20","padding":{"unit":"px","top":"10","right":"0","bottom":"8","left":"0","isLinked":false},"padding_mobile":{"unit":"px","top":"0","right":"0","bottom":"5","left":"0","isLinked":false}},"elements":[{"id":"1a247beb","settings":{"_column_size":50,"_inline_size":null},"elements":[{"id":"1a7fdfa2","settings":{"editor":"Copyright \u00a9 [motta_year] Motta, All rights reserved.","align_mobile":"center","text_color":"#1D2128","typography_typography":"custom","typography_font_size":{"unit":"px","size":13,"sizes":[]}},"elements":[],"isInner":false,"widgetType":"text-editor","elType":"widget"}],"isInner":false,"elType":"column"},{"id":"700c9264","settings":{"_column_size":50,"_inline_size":null},"elements":[{"id":"294fcefa","settings":{"currency":"","align":"flex-end","flag":"yes","language_color":"#7C818B","align_mobile":"center"},"elements":[],"isInner":false,"widgetType":"motta-preferences","elType":"widget"}],"isInner":false,"elType":"column"}],"isInner":false,"elType":"section"}],"page_settings":[],"version":"0.4","title":"footer-for-blog","type":"page"}