{"content":[{"id":"6954f363","settings":{"gap":"narrow","structure":"33","padding":{"unit":"px","top":"6","right":"0","bottom":"0","left":"0","isLinked":false},"padding_mobile":{"unit":"px","top":"0","right":"0","bottom":"0","left":"0","isLinked":false}},"elements":[{"id":"2030b496","settings":{"_column_size":25,"_inline_size":24.5,"_inline_size_tablet":100},"elements":[],"isInner":false,"elType":"column"},{"id":"58ad6d21","settings":{"_column_size":50,"_inline_size":50,"_inline_size_tablet":60},"elements":[{"id":"4dcc16c4","settings":{"slides":[{"before_desc":"Performance <br>\nMeets Design","description":"Save up to $250 on select laptops","button_text":"Shop Now","_id":"82c5a47","banner_background_img":{"id":9844,"url":"https:\/\/motta.uix.store\/wp-content\/uploads\/2022\/07\/homev2-slider1.jpg","alt":"","source":"library"},"title":"Performance <br\/>\nMeets Design","custom_style":"yes","heading_custom_color":"#1C393D","beforedesc_custom_color":"#1C393D","content_custom_color":"#1C393D","btn_custom_color":"#1C393D","background_size":"auto","background_size_tablet":"cover","background_size_mobile":"cover","background_position":"center center","background_position_tablet":"center center","background_position_xy":{"unit":"px","top":"-50","right":0,"bottom":0,"left":"-55","isLinked":false},"before_title":"Laptop Savings","before_heading_custom_color":"#1C393D","title_custom_color":"#1C393D","subtitle":"Laptop Savings","subtitle_custom_color":"#1C393D","primary_button_text":"Shop Now","custom_button_options":"yes","custom_button_color":"#1C393D","custom_button_border_color":"#1C393D","primary_button_link":{"url":"https:\/\/motta.uix.store\/product-category\/electronics\/computers-accessories\/","is_external":"","nofollow":"","custom_attributes":""}},{"before_desc":"The Speakers of <br>\nThe House","description":"Mini packs a punch. From $99.","button_text":"Shop Now","_id":"8e4b9de","banner_background_img":{"id":9845,"url":"https:\/\/motta.uix.store\/wp-content\/uploads\/2022\/07\/homev2-slider2.jpg","alt":"","source":"library"},"title":"The Speakers of<br\/>\nThe House","custom_style":"yes","heading_custom_color":"#1D2128","beforedesc_custom_color":"#1D2128","content_custom_color":"#1D2128","btn_custom_color":"#1D2128","background_size":"auto","background_position":"center center","background_position_xy":{"unit":"px","top":"-50","right":0,"bottom":0,"left":"-55","isLinked":false},"before_title":"Smarthome","subtitle":"Smarthome","primary_button_text":"Shop Now","custom_button_options":"yes","custom_button_color":"#1D2128","custom_button_border_color":"#1D2128","primary_button_link":{"url":"https:\/\/motta.uix.store\/product-category\/electronics\/home-audio\/","is_external":"","nofollow":"","custom_attributes":""}},{"before_desc":"Small Kitchen <br>\nAppliances On Sale","description":"Save up to 30% on select small kitchen appliances.","button_text":"Shop Now","_id":"583e52a","banner_background_img":{"id":9846,"url":"https:\/\/motta.uix.store\/wp-content\/uploads\/2022\/07\/homev2-slider3.jpg","alt":"","source":"library"},"title":"Small Kitchen<br\/>\nAppliances On Sale","custom_style":"yes","heading_custom_color":"#FFFFFF","beforedesc_custom_color":"#FFFFFF","content_custom_color":"#FFFFFF","btn_custom_color":"#FFFFFF","background_size":"auto","background_position":"center center","background_position_xy":{"unit":"px","top":"-50","right":0,"bottom":0,"left":"-55","isLinked":false},"before_title":"Appliances","before_heading_custom_color":"#FFFFFF","title_custom_color":"#FFFFFF","subtitle":"Appliances","subtitle_custom_color":"#FFFFFF","primary_button_text":"Shop Now","custom_button_options":"yes","custom_button_color":"#FFFFFF","custom_button_border_color":"#FFFFFF","primary_button_link":{"url":"https:\/\/motta.uix.store\/product-category\/homegarden\/kitchen-dining\/","is_external":"","nofollow":"","custom_attributes":""}}],"slides_height":{"unit":"px","size":300,"sizes":[]},"navigation":"dots","autoplay":"","heading_typography_typography":"custom","heading_typography_font_size":{"unit":"px","size":10,"sizes":[]},"heading_typography_font_weight":"600","heading_typography_text_transform":"uppercase","beforedesc_typography_typography":"custom","beforedesc_typography_font_size":{"unit":"px","size":24,"sizes":[]},"beforedesc_typography_font_weight":"600","description_typography_typography":"custom","description_typography_font_size":{"unit":"px","size":14,"sizes":[]},"description_typography_font_weight":"500","type":"ghost","shape":"circle","size":"small","dots_style_layout":"2","slides_height_tablet":{"unit":"px","size":230,"sizes":[]},"slides_height_mobile":{"unit":"px","size":240,"sizes":[]},"infinite":"yes","heading_spacing":{"unit":"px","size":11,"sizes":[]},"beforedesc_typography_line_height":{"unit":"px","size":29,"sizes":[]},"beforedesc_spacing":{"unit":"px","size":11,"sizes":[]},"description_spacing":{"unit":"px","size":12,"sizes":[]},"btn_padding":{"unit":"px","top":"14","right":"19","bottom":"14","left":"19","isLinked":false},"centeredSlides":"yes","sliders_dots_bgcolor":"#0000006E","sliders_dots_ac_bgcolor":"#FFFFFF","skin":"ghost","before_title_spacing":{"unit":"px","size":12,"sizes":[]},"title_typography_typography":"custom","title_typography_font_size":{"unit":"px","size":28,"sizes":[]},"title_typography_font_weight":"700","title_typography_line_height":{"unit":"px","size":28,"sizes":[]},"btn_bgcolor":"#02010100","sliders_dots_active_bgcolor":"#FFFFFF","link_type":"all","sliders_dots_bg_overlay":"yes","subtitle_spacing_mobile":{"unit":"px","size":10,"sizes":[]},"title_typography_font_size_mobile":{"unit":"px","size":18,"sizes":[]},"title_typography_line_height_mobile":{"unit":"px","size":20,"sizes":[]},"slides_vertical_position_mobile":"middle","slides_content_padding":{"unit":"px","top":"62","right":"48","bottom":"48","left":"46","isLinked":false},"slides_content_padding_tablet":{"unit":"px","top":"30","right":"25","bottom":"25","left":"25","isLinked":false},"slides_content_padding_mobile":{"unit":"px","top":"0","right":"20","bottom":"20","left":"20","isLinked":false},"primary_button_skin":"ghost","primary_button_options":"yes","primary_button_background_color":"#02010100","subtitle_spacing":{"unit":"px","size":10,"sizes":[]},"primary_button_size":"small","primary_button_width":{"unit":"px","size":100,"sizes":[]},"slides_text_align":"","subtitle_typography_typography":"custom","description_typography_font_size_mobile":{"unit":"px","size":11,"sizes":[]},"primary_button_typography_typography":"custom","before_desc_typography_typography":"custom","sliders_dots_vertical_spacing":{"unit":"px","size":20,"sizes":[]}},"elements":[],"isInner":false,"widgetType":"motta-slides","elType":"widget"}],"isInner":false,"elType":"column"},{"id":"22374ab3","settings":{"_column_size":25,"_inline_size":25.5,"padding_mobile":{"unit":"px","top":"8","right":"16","bottom":"4","left":"16","isLinked":false},"_inline_size_tablet":40},"elements":[{"id":"4bff1529","settings":{"title":"Spring Revival","button_text":"Shop Now","height":{"unit":"px","size":300,"sizes":[]},"image":{"id":13398,"url":"https:\/\/motta.uix.store\/wp-content\/uploads\/2022\/08\/homev2-limited-time-offer.jpg","alt":"","source":"library"},"image_mobile":{"url":"","id":"","alt":"","source":"library"},"due_date":"2022-06-21 12:00","description":"Save up to 25% on All Furniture.","height_tablet":{"unit":"px","size":230,"sizes":[]},"height_mobile":{"unit":"px","size":140,"sizes":[]},"before_title_spacing":{"unit":"px","size":4,"sizes":[]},"before_title_typography_typography":"custom","before_title_typography_font_size":{"unit":"px","size":10,"sizes":[]},"before_title_typography_font_weight":"600","before_title_typography_text_transform":"uppercase","title_spacing":{"unit":"px","size":0,"sizes":[]},"title_typography_typography":"custom","title_typography_font_size":{"unit":"px","size":18,"sizes":[]},"title_typography_font_weight":"600","desc_spacing":{"unit":"px","size":8,"sizes":[]},"desc_typography_typography":"custom","desc_typography_font_size":{"unit":"px","size":14,"sizes":[]},"desc_typography_font_size_mobile":{"unit":"px","size":11,"sizes":[]},"desc_typography_font_weight":"500","type":"ghost","shape":"circle","button_padding":{"unit":"px","top":"14","right":"18","bottom":"14","left":"17","isLinked":false},"button_color":"#1D2128","title_spacing_mobile":{"unit":"px","size":0,"sizes":[]},"desc_spacing_mobile":{"unit":"px","size":7,"sizes":[]},"skin":"ghost","countdown_date":"2022-07-06 12:00","button_show":"yes","background_position":"center bottom","background_size":"contain","banner_background_color":"#FFEEE4","background_position_tablet":"initial","background_position_mobile":"right center","background_position_x":{"unit":"%","size":100,"sizes":[]},"background_position_x_tablet":{"unit":"%","size":0,"sizes":[]},"background_position_x_mobile":{"unit":"%","size":0,"sizes":[]},"background_position_y":{"unit":"px","size":8,"sizes":[]},"background_position_y_tablet":{"unit":"px","size":61,"sizes":[]},"background_position_y_mobile":{"unit":"%","size":0,"sizes":[]},"background_size_mobile":"contain","countdown_text":"Limited Time Offer","banner_spacing":{"unit":"px","top":"21","right":"21","bottom":"21","left":"24","isLinked":false},"banner_spacing_tablet":{"unit":"px","top":"20","right":"20","bottom":"20","left":"20","isLinked":true},"banner_spacing_mobile":{"unit":"px","top":"16","right":"20","bottom":"16","left":"20","isLinked":false},"section_countdown_flexible_items":"row","section_countdown_spacing":{"unit":"px","size":0,"sizes":[]},"primary_button_text":"Shop Now","primary_button_skin":"ghost","primary_button_options":"yes","primary_button_background_color":"#02010100","primary_button_color":"#1D2128","primary_button_border_color":"#1D2128","second_button_typography_typography":"custom","second_button_options":"yes","primary_button_size":"small","primary_button_width":{"unit":"px","size":100,"sizes":[]},"primary_button_link":{"url":"https:\/\/motta.uix.store\/product-category\/homegarden\/furniture\/","is_external":"","nofollow":"","custom_attributes":""},"youtube_url":"https:\/\/www.youtube.com\/watch?v=XHOmBV4js_E","countdown_text_typography":"custom"},"elements":[],"isInner":false,"widgetType":"motta-banner","elType":"widget"}],"isInner":false,"elType":"column"}],"isInner":false,"elType":"section"},{"id":"758e3550","settings":{"gap":"narrow","structure":"33"},"elements":[{"id":"147d6ae9","settings":{"_column_size":25,"_inline_size":24.5,"_inline_size_tablet":100},"elements":[],"isInner":false,"elType":"column"},{"id":"4bdfe624","settings":{"_column_size":50,"_inline_size":37.75,"padding_mobile":{"unit":"px","top":"4","right":"16","bottom":"4","left":"16","isLinked":false},"_inline_size_tablet":50},"elements":[{"id":"660f03fd","settings":{"image":{"id":13402,"url":"https:\/\/motta.uix.store\/wp-content\/uploads\/2022\/08\/homev2-weeklypicks.jpg","alt":"","source":"library"},"before_title":"Weekly Picks ","title":"Trail Running","description":"Comfortable, Confident Fit","button_text":"Shop Now","link_type":"only","height":{"unit":"px","size":184,"sizes":[]},"height_mobile":{"unit":"px","size":140,"sizes":[]},"before_title_spacing":{"unit":"px","size":3,"sizes":[]},"before_title_spacing_tablet":{"unit":"px","size":5,"sizes":[]},"before_title_typography_typography":"custom","before_title_typography_font_size":{"unit":"px","size":11,"sizes":[]},"before_title_typography_font_weight":"600","before_title_typography_text_transform":"uppercase","before_title_color":"#A03171","title_spacing":{"unit":"px","size":0,"sizes":[]},"title_typography_typography":"custom","title_typography_font_size":{"unit":"px","size":18,"sizes":[]},"title_typography_font_weight":"600","title_color":"#A03171","desc_spacing":{"unit":"px","size":12,"sizes":[]},"desc_spacing_tablet":{"unit":"px","size":8,"sizes":[]},"desc_typography_typography":"custom","desc_typography_font_size":{"unit":"px","size":14,"sizes":[]},"desc_typography_font_weight":"500","desc_color":"#A03171","type":"ghost","shape":"circle","button_padding":{"unit":"px","top":"14","right":"17","bottom":"14","left":"17","isLinked":false},"button_color":"#A03171","before_title_spacing_mobile":{"unit":"px","size":4,"sizes":[]},"title_spacing_mobile":{"unit":"px","size":0,"sizes":[]},"button_hover_background_color":"#02010100","skin":"ghost","desc_spacing_mobile":{"unit":"px","size":7,"sizes":[]},"background_position":"right center","background_size":"contain","banner_background_color":"#F9DAE0","banner_spacing":{"unit":"px","top":"36","right":"20","bottom":"20","left":"24","isLinked":false},"banner_spacing_mobile":{"unit":"px","top":"17","right":"20","bottom":"16","left":"20","isLinked":false},"primary_button_text":"Shop Now","primary_button_skin":"ghost","primary_button_options":"yes","primary_button_background_color":"#02010100","primary_button_color":"#A03171","primary_button_border_color":"#A03171","primary_button_size":"small","primary_button_width":{"unit":"px","size":100,"sizes":[]},"primary_button_link":{"url":"https:\/\/motta.uix.store\/product-category\/fashion\/man\/shoes-man\/","is_external":"","nofollow":"","custom_attributes":""},"youtube_url":"https:\/\/www.youtube.com\/watch?v=XHOmBV4js_E","desc_typography_font_size_mobile":{"unit":"px","size":11,"sizes":[]}},"elements":[],"isInner":false,"widgetType":"motta-banner","elType":"widget"}],"isInner":false,"elType":"column"},{"id":"22530a94","settings":{"_column_size":25,"_inline_size":37.75,"padding_mobile":{"unit":"px","top":"4","right":"16","bottom":"8","left":"16","isLinked":false},"_inline_size_tablet":50},"elements":[{"id":"7b83f219","settings":{"image":{"id":13403,"url":"https:\/\/motta.uix.store\/wp-content\/uploads\/2022\/08\/homev2-saveonappliance.jpg","alt":"","source":"library"},"before_title":"Save on appliances","title":"Vacuum and Mop","description":"Low prices on vacuums.","button_text":"Shop Now","link_type":"only","height":{"unit":"px","size":184,"sizes":[]},"height_mobile":{"unit":"px","size":140,"sizes":[]},"before_title_spacing":{"unit":"px","size":3,"sizes":[]},"before_title_spacing_tablet":{"unit":"px","size":5,"sizes":[]},"before_title_typography_typography":"custom","before_title_typography_font_size":{"unit":"px","size":11,"sizes":[]},"before_title_typography_font_weight":"600","before_title_typography_text_transform":"uppercase","before_title_color":"#052168","title_spacing":{"unit":"px","size":0,"sizes":[]},"title_typography_typography":"custom","title_typography_font_size":{"unit":"px","size":18,"sizes":[]},"title_typography_font_weight":"600","title_color":"#052168","desc_spacing":{"unit":"px","size":11,"sizes":[]},"desc_spacing_tablet":{"unit":"px","size":6,"sizes":[]},"desc_typography_typography":"custom","desc_typography_font_size":{"unit":"px","size":14,"sizes":[]},"desc_typography_font_weight":"500","desc_color":"#052168","type":"ghost","shape":"circle","button_padding":{"unit":"px","top":"14","right":"17","bottom":"14","left":"17","isLinked":false},"button_color":"#052168","before_title_spacing_mobile":{"unit":"px","size":4,"sizes":[]},"title_spacing_mobile":{"unit":"px","size":0,"sizes":[]},"desc_spacing_mobile":{"unit":"px","size":7,"sizes":[]},"button_hover_background_color":"#02010100","skin":"ghost","banner_background_color":"#C2DFF4","background_position":"right center","background_size":"contain","banner_spacing":{"unit":"px","top":"36","right":"20","bottom":"20","left":"24","isLinked":false},"banner_spacing_mobile":{"unit":"px","top":"17","right":"20","bottom":"016","left":"20","isLinked":false},"primary_button_text":"Shop Now","primary_button_skin":"ghost","primary_button_typography_typography":"custom","primary_button_options":"yes","primary_button_background_color":"#02010100","primary_button_color":"#052168","primary_button_border_color":"#052168","primary_button_size":"small","primary_button_width":{"unit":"px","size":100,"sizes":[]},"primary_button_link":{"url":"https:\/\/motta.uix.store\/product\/30-wall-mount-hood-in-black-stainless-steel\/","is_external":"","nofollow":"","custom_attributes":""},"youtube_url":"https:\/\/www.youtube.com\/watch?v=XHOmBV4js_E","desc_typography_font_size_mobile":{"unit":"px","size":11,"sizes":[]}},"elements":[],"isInner":false,"widgetType":"motta-banner","elType":"widget"}],"isInner":false,"elType":"column"}],"isInner":false,"elType":"section"},{"id":"2aea92a6","settings":{"structure":"60","padding":{"unit":"px","top":"45","right":"0","bottom":"20","left":"0","isLinked":false},"padding_tablet":{"unit":"px","top":"12","right":"12","bottom":"12","left":"12","isLinked":true},"padding_mobile":{"unit":"px","top":"05","right":"0","bottom":"0","left":"0","isLinked":false}},"elements":[{"id":"1392e8e0","settings":{"_column_size":16,"_inline_size":7,"_inline_size_mobile":100,"_inline_size_tablet":100},"elements":[],"isInner":false,"elType":"column"},{"id":"7079ff1","settings":{"_column_size":16,"_inline_size":20.83,"_inline_size_tablet":23,"_inline_size_mobile":50},"elements":[{"id":"53c1876a","settings":{"icon":{"value":{"url":"https:\/\/motta.uix.store\/wp-content\/uploads\/2022\/08\/free-shipping.svg","id":13410},"library":"svg"},"title":"Fast, Free Shipping","description":"On order over $50","position":"left","position_tablet":"top","position_mobile":"top","alignment_tablet":"center","alignment_mobile":"center","title_color":"#1D2128","title_typography_typography":"custom","title_typography_font_size":{"unit":"px","size":14,"sizes":[]},"title_typography_font_weight":"500","title_spacing":{"unit":"px","size":2,"sizes":[]},"description_color":"#7C818B","description_typography_typography":"custom","description_typography_font_size":{"unit":"px","size":14,"sizes":[]},"description_typography_font_weight":"400","icon_color":"#7C818B","icon_spacing":{"unit":"px","size":16,"sizes":[]},"icon_spacing_mobile":{"unit":"px","size":18,"sizes":[]},"icon_size":{"unit":"px","size":32,"sizes":[]},"icon_vertical_alignment":"middle"},"elements":[],"isInner":false,"widgetType":"motta-icon-box","elType":"widget"}],"isInner":false,"elType":"column"},{"id":"77da8655","settings":{"_column_size":16,"_inline_size":20,"_inline_size_mobile":50,"_inline_size_tablet":23},"elements":[{"id":"67170970","settings":{"icon":{"value":{"url":"https:\/\/motta.uix.store\/wp-content\/uploads\/2022\/08\/next-day-delivery.svg","id":13412},"library":"svg"},"title":"Next Day Delivery","description":"Free\u2013 spend over $99","position":"left","position_tablet":"top","position_mobile":"top","alignment_tablet":"center","alignment_mobile":"center","title_color":"#1D2128","title_typography_typography":"custom","title_typography_font_size":{"unit":"px","size":14,"sizes":[]},"title_typography_font_weight":"500","title_spacing":{"unit":"px","size":2,"sizes":[]},"description_color":"#7C818B","description_typography_typography":"custom","description_typography_font_size":{"unit":"px","size":14,"sizes":[]},"description_typography_font_weight":"400","icon_color":"#7C818B","icon_spacing":{"unit":"px","size":16,"sizes":[]},"icon_spacing_mobile":{"unit":"px","size":18,"sizes":[]},"icon_size":{"unit":"px","size":32,"sizes":[]},"icon_vertical_alignment":"middle"},"elements":[],"isInner":false,"widgetType":"motta-icon-box","elType":"widget"}],"isInner":false,"elType":"column"},{"id":"10ee3aeb","settings":{"_column_size":16,"_inline_size":23.5,"_inline_size_mobile":50,"_inline_size_tablet":26,"padding_mobile":{"unit":"px","top":"0","right":"16","bottom":"6","left":"16","isLinked":false}},"elements":[{"id":"371cccd4","settings":{"icon":{"value":{"url":"https:\/\/motta.uix.store\/wp-content\/uploads\/2022\/08\/low-price.svg","id":13411},"library":"svg"},"title":"Low Price Guarantee","description":"We offer competitive prices","position":"left","position_tablet":"top","position_mobile":"top","alignment_tablet":"center","alignment_mobile":"center","title_color":"#1D2128","title_typography_typography":"custom","title_typography_font_size":{"unit":"px","size":14,"sizes":[]},"title_typography_font_weight":"500","title_spacing":{"unit":"px","size":2,"sizes":[]},"description_color":"#7C818B","description_typography_typography":"custom","description_typography_font_size":{"unit":"px","size":14,"sizes":[]},"description_typography_font_weight":"400","icon_color":"#7C818B","icon_spacing":{"unit":"px","size":16,"sizes":[]},"icon_spacing_mobile":{"unit":"px","size":18,"sizes":[]},"icon_size":{"unit":"px","size":32,"sizes":[]},"icon_vertical_alignment":"middle"},"elements":[],"isInner":false,"widgetType":"motta-icon-box","elType":"widget"}],"isInner":false,"elType":"column"},{"id":"715c5e5c","settings":{"_column_size":16,"_inline_size":22,"_inline_size_mobile":50,"_inline_size_tablet":27,"padding_mobile":{"unit":"px","top":"0","right":"16","bottom":"6","left":"16","isLinked":false}},"elements":[{"id":"6e183803","settings":{"icon":{"value":{"url":"https:\/\/motta.uix.store\/wp-content\/uploads\/2022\/08\/satisfaction.svg","id":13413},"library":"svg"},"title":"Satisfaction Guarantee","description":"We Guarantee Our Products","position":"left","position_tablet":"top","position_mobile":"top","alignment_tablet":"center","alignment_mobile":"center","title_color":"#1D2128","title_typography_typography":"custom","title_typography_font_size":{"unit":"px","size":14,"sizes":[]},"title_typography_font_weight":"500","title_spacing":{"unit":"px","size":2,"sizes":[]},"description_color":"#7C818B","description_typography_typography":"custom","description_typography_font_size":{"unit":"px","size":14,"sizes":[]},"description_typography_font_weight":"400","icon_color":"#7C818B","icon_spacing":{"unit":"px","size":16,"sizes":[]},"icon_spacing_mobile":{"unit":"px","size":18,"sizes":[]},"icon_size":{"unit":"px","size":32,"sizes":[]},"icon_vertical_alignment":"middle"},"elements":[],"isInner":false,"widgetType":"motta-icon-box","elType":"widget"}],"isInner":false,"elType":"column"},{"id":"30cc8e0d","settings":{"_column_size":16,"_inline_size":5.331,"_inline_size_tablet":100},"elements":[],"isInner":false,"elType":"column"}],"isInner":false,"elType":"section"},{"id":"10336075","settings":{"structure":"30","border_border":"solid","border_width_mobile":{"unit":"px","top":"0","right":"0","bottom":"4","left":"0","isLinked":false},"border_color":"#ECF0F4","padding_mobile":{"unit":"px","top":"0","right":"0","bottom":"16","left":"0","isLinked":false},"border_width":{"unit":"px","top":"0","right":"0","bottom":"0","left":"0","isLinked":true},"tablet_column_alignment":"column_xs"},"elements":[{"id":"2cff22e7","settings":{"_column_size":33,"_inline_size":null,"padding_mobile":{"unit":"px","top":"16","right":"16","bottom":"6","left":"16","isLinked":false}},"elements":[{"id":"77ce1e80","settings":{"image":{"id":9857,"url":"https:\/\/motta.uix.store\/wp-content\/uploads\/2022\/07\/homev2-new-arrivals.jpg","alt":"","source":"library"},"before_title":"New Arr\u0131vals","title":"Work and Play","description":"Enjoy a 3-year guarantee <br>\nincluded ","button_text":"Shop Now","text_box":"From","unit_box":"$399","background_repeat_tablet":"no-repeat","background_size_tablet":"contain","height":{"unit":"px","size":180,"sizes":[]},"before_title_spacing":{"unit":"px","size":3,"sizes":[]},"before_title_typography_typography":"custom","before_title_typography_font_size":{"unit":"px","size":11,"sizes":[]},"before_title_typography_font_weight":"600","before_title_typography_text_transform":"uppercase","before_title_color":"#20894D","title_spacing":{"unit":"px","size":2,"sizes":[]},"title_typography_typography":"custom","title_typography_font_size":{"unit":"px","size":18,"sizes":[]},"title_typography_font_weight":"600","title_color":"#20894D","desc_spacing":{"unit":"px","size":17,"sizes":[]},"desc_spacing_tablet":{"unit":"px","size":10,"sizes":[]},"desc_typography_typography":"custom","desc_typography_font_size":{"unit":"px","size":14,"sizes":[]},"desc_typography_font_weight":"500","desc_typography_line_height":{"unit":"px","size":16,"sizes":[]},"desc_color":"#20894D","type":"subtle","button_color":"#20894D","sale_text_typography_typography":"custom","sale_text_typography_font_size":{"unit":"px","size":11,"sizes":[]},"sale_unit_typography_typography":"custom","sale_unit_typography_font_size":{"unit":"px","size":11,"sizes":[]},"sale_unit_typography_font_weight":"600","sale_bgcolor":"#20894D","height_mobile":{"unit":"px","size":180,"sizes":[]},"desc_spacing_mobile":{"unit":"px","size":16,"sizes":[]},"desc_typography_font_size_mobile":{"unit":"px","size":14,"sizes":[]},"skin":"subtle","sale_text":"From","sale_unit":"$399","banner_vertical_position_mobile":"middle","banner_spacing":{"unit":"px","top":"28","right":"20","bottom":"20","left":"30","isLinked":false},"banner_spacing_tablet":{"unit":"px","top":"20","right":"20","bottom":"20","left":"20","isLinked":true},"banner_spacing_mobile":{"unit":"px","top":"16","right":"16","bottom":"16","left":"16","isLinked":true},"primary_button_text":"Shop Now","primary_button_skin":"subtle","primary_button_typography_typography":"custom","primary_button_options":"yes","primary_button_color":"#20894D","banner_background_color":"#E3F4ED","background_position":"right center","background_size":"contain","primary_button_link":{"url":"https:\/\/motta.uix.store\/product\/11-inch-tablet-pro-2020-space-gray\/","is_external":"","nofollow":"","custom_attributes":""},"youtube_url":"https:\/\/www.youtube.com\/watch?v=XHOmBV4js_E"},"elements":[],"isInner":false,"widgetType":"motta-banner","elType":"widget"}],"isInner":false,"elType":"column"},{"id":"50ca956","settings":{"_column_size":33,"_inline_size":null,"padding_mobile":{"unit":"px","top":"6","right":"16","bottom":"6","left":"16","isLinked":false}},"elements":[{"id":"b7337ae","settings":{"image":{"id":9858,"url":"https:\/\/motta.uix.store\/wp-content\/uploads\/2022\/07\/homev2-clearance.jpg","alt":"","source":"library"},"before_title":"clearance","title":"Kitchen Bundle","description":"Get up to 15% off <br>\nKitchen Appliances","button_text":"Shop Now","text_box":"Save","unit_box":"15% Off","background_repeat_tablet":"no-repeat","background_size_tablet":"contain","height":{"unit":"px","size":180,"sizes":[]},"before_title_spacing":{"unit":"px","size":2,"sizes":[]},"before_title_typography_typography":"custom","before_title_typography_font_size":{"unit":"px","size":11,"sizes":[]},"before_title_typography_font_weight":"600","before_title_typography_text_transform":"uppercase","before_title_color":"#535361","title_spacing":{"unit":"px","size":5,"sizes":[]},"title_typography_typography":"custom","title_typography_font_size":{"unit":"px","size":18,"sizes":[]},"title_typography_font_weight":"600","title_color":"#535361","desc_spacing":{"unit":"px","size":7,"sizes":[]},"desc_typography_typography":"custom","desc_typography_font_size":{"unit":"px","size":14,"sizes":[]},"desc_typography_font_weight":"500","desc_typography_line_height":{"unit":"px","size":16,"sizes":[]},"desc_color":"#535361","type":"subtle","button_color":"#535361","sale_text_typography_typography":"custom","sale_text_typography_font_size":{"unit":"px","size":11,"sizes":[]},"sale_unit_typography_typography":"custom","sale_unit_typography_font_size":{"unit":"px","size":11,"sizes":[]},"sale_unit_typography_font_weight":"600","sale_bgcolor":"#535361","height_mobile":{"unit":"px","size":180,"sizes":[]},"desc_spacing_mobile":{"unit":"px","size":9,"sizes":[]},"desc_typography_font_size_mobile":{"unit":"px","size":14,"sizes":[]},"skin":"subtle","sale_text":"Save","sale_unit":"15% Off","banner_vertical_position_mobile":"middle","banner_spacing":{"unit":"px","top":"28","right":"20","bottom":"20","left":"30","isLinked":false},"banner_spacing_tablet":{"unit":"px","top":"20","right":"20","bottom":"20","left":"20","isLinked":true},"banner_spacing_mobile":{"unit":"px","top":"16","right":"16","bottom":"16","left":"16","isLinked":true},"primary_button_text":"Shop Now","primary_button_skin":"subtle","primary_button_options":"yes","primary_button_color":"#535361","banner_background_color":"#E7E6E7","background_position":"right center","background_size":"contain","primary_button_link":{"url":"https:\/\/motta.uix.store\/product\/4-door-french-door-refrigerator-with-21-5-touch-screen\/","is_external":"","nofollow":"","custom_attributes":""},"youtube_url":"https:\/\/www.youtube.com\/watch?v=XHOmBV4js_E","sale_text_typography_font_size_mobile":{"unit":"px","size":11,"sizes":[]}},"elements":[],"isInner":false,"widgetType":"motta-banner","elType":"widget"}],"isInner":false,"elType":"column"},{"id":"310913ce","settings":{"_column_size":33,"_inline_size":null,"padding_mobile":{"unit":"px","top":"6","right":"16","bottom":"16","left":"16","isLinked":false}},"elements":[{"id":"2e572cf4","settings":{"image":{"id":9859,"url":"https:\/\/motta.uix.store\/wp-content\/uploads\/2022\/07\/homev2-featured.jpg","alt":"","source":"library"},"before_title":"Featured","title":"Hygienic Shaving","description":"Your best shave, or your <br>\nmoney back.","button_text":"Shop Now","text_box":"Up to","unit_box":"25% Off","background_repeat_tablet":"no-repeat","background_size_tablet":"contain","height":{"unit":"px","size":180,"sizes":[]},"before_title_spacing":{"unit":"px","size":2,"sizes":[]},"before_title_typography_typography":"custom","before_title_typography_font_size":{"unit":"px","size":11,"sizes":[]},"before_title_typography_font_weight":"600","before_title_typography_text_transform":"uppercase","before_title_color":"#6B6619","title_spacing":{"unit":"px","size":5,"sizes":[]},"title_typography_typography":"custom","title_typography_font_size":{"unit":"px","size":18,"sizes":[]},"title_typography_font_weight":"600","title_color":"#6B6619","desc_spacing":{"unit":"px","size":7,"sizes":[]},"desc_typography_typography":"custom","desc_typography_font_size":{"unit":"px","size":14,"sizes":[]},"desc_typography_font_weight":"500","desc_typography_line_height":{"unit":"px","size":16,"sizes":[]},"desc_color":"#6B6619","type":"subtle","button_color":"#6B6619","sale_text_typography_typography":"custom","sale_text_typography_font_size":{"unit":"px","size":11,"sizes":[]},"sale_unit_typography_typography":"custom","sale_unit_typography_font_size":{"unit":"px","size":11,"sizes":[]},"sale_unit_typography_font_weight":"600","sale_bgcolor":"#6B6619","height_mobile":{"unit":"px","size":180,"sizes":[]},"desc_spacing_mobile":{"unit":"px","size":9,"sizes":[]},"desc_typography_font_size_mobile":{"unit":"px","size":14,"sizes":[]},"skin":"subtle","sale_text":"Up to","sale_unit":"25% Off","banner_vertical_position_mobile":"middle","banner_spacing":{"unit":"px","top":"28","right":"20","bottom":"20","left":"30","isLinked":false},"banner_spacing_tablet":{"unit":"px","top":"20","right":"20","bottom":"20","left":"20","isLinked":true},"banner_spacing_mobile":{"unit":"px","top":"16","right":"16","bottom":"16","left":"16","isLinked":true},"primary_button_text":"Shop Now","primary_button_skin":"subtle","primary_button_options":"yes","primary_button_color":"#6B6619","banner_background_color":"#F2EED8","background_position":"right center","background_size":"contain","primary_button_link":{"url":"https:\/\/motta.uix.store\/product-category\/electronics\/accessories-supplies\/","is_external":"","nofollow":"","custom_attributes":""},"youtube_url":"https:\/\/www.youtube.com\/watch?v=XHOmBV4js_E","sale_text_typography_font_size_mobile":{"unit":"px","size":11,"sizes":[]}},"elements":[],"isInner":false,"widgetType":"motta-banner","elType":"widget"}],"isInner":false,"elType":"column"}],"isInner":false,"elType":"section"},{"id":"5ca26855","settings":{"padding":{"unit":"px","top":"48","right":"0","bottom":"32","left":"0","isLinked":false},"padding_mobile":{"unit":"px","top":"16","right":"0","bottom":"6","left":"0","isLinked":false},"border_border":"solid","border_width":{"unit":"px","top":"0","right":"0","bottom":"0","left":"0","isLinked":false},"border_width_mobile":{"unit":"px","top":"0","right":"0","bottom":"4","left":"0","isLinked":false},"border_color":"#ECF0F4"},"elements":[{"id":"63f53a21","settings":{"_column_size":100,"_inline_size":null},"elements":[{"id":"472b1553","settings":{"title":"Flash Deals","button_text":"See All Products","button_color":"#1D2128","sale_text":"Ends in","limit":7,"navigation_mobile":"dots","sliders_dots_style":"yes","slides_to_show_tablet":3,"slides_to_scroll_tablet":3,"navigation_tablet":"arrows","button_text_mobile":"See All","primary_button_text":"See All Products","primary_mobile_button_text":"See All","primary_button_link":{"url":"https:\/\/motta.uix.store\/flash-deals\/","is_external":"","nofollow":"","custom_attributes":""},"sliders_arrow_style":"yes","sliders_arrows_size":{"unit":"px","size":16,"sizes":[]},"arrows_spacing_vertical":{"unit":"%","size":42,"sizes":[]},"arrows_spacing_vertical_tablet":{"unit":"%","size":"","sizes":[]},"arrows_spacing_vertical_mobile":{"unit":"%","size":"","sizes":[]},"product_tag":"electric","orderby":"date","hide_progress_bar":"yes","sliders_dots_offset_ver_mobile":{"unit":"px","size":10,"sizes":[]},"title_typography_typography":"custom","title_typography_font_size":{"unit":"px","size":28,"sizes":[]},"title_typography_font_size_mobile":{"unit":"px","size":18,"sizes":[]}},"elements":[],"isInner":false,"widgetType":"motta-product-deals","elType":"widget"}],"isInner":false,"elType":"column"}],"isInner":false,"elType":"section"},{"id":"55e39d4f","settings":{"padding_mobile":{"unit":"px","top":"26","right":"0","bottom":"0","left":"0","isLinked":false}},"elements":[{"id":"42cb241b","settings":{"_column_size":100,"_inline_size":null,"padding_mobile":{"unit":"px","top":"0","right":"16","bottom":"0","left":"16","isLinked":false},"padding":{"unit":"px","top":"12","right":"12","bottom":"0","left":"12","isLinked":false}},"elements":[{"id":"1986d58b","settings":{"title":"What Are You Shopping for Today?","button_text":"See All","title_size":"div","title_color":"#1D2128","typography_font_size":{"unit":"px","size":28,"sizes":[]},"typography_font_size_mobile":{"unit":"px","size":18,"sizes":[]},"typography_font_weight":"500","button_color":"#1D2128","primary_button_text":"See All","primary_button_link":{"url":"https:\/\/motta.uix.store\/shop\/","is_external":"","nofollow":"","custom_attributes":""},"size":"large","typography_typography":"custom"},"elements":[],"isInner":false,"widgetType":"motta-heading","elType":"widget"}],"isInner":false,"elType":"column"}],"isInner":false,"elType":"section"},{"id":"65deb198","settings":{"structure":"30","margin":{"unit":"px","top":"","right":0,"bottom":"","left":0,"isLinked":true},"padding":{"unit":"px","top":"3","right":"0","bottom":"0","left":"0","isLinked":false},"tablet_column_alignment":"column_xs"},"elements":[{"id":"3c731d12","settings":{"_column_size":33,"_inline_size":null,"padding_mobile":{"unit":"px","top":"16","right":"16","bottom":"6","left":"16","isLinked":false}},"elements":[{"id":"53a76ded","settings":{"image":{"id":9860,"url":"https:\/\/motta.uix.store\/wp-content\/uploads\/2022\/07\/homev2-homegarden.jpg","alt":"","source":"library"},"title":"Home & Garden ","description":"Furniture, Kitchen, Lighting and More!","button_text":"See More","slides_horizontal_position":"center","slides_text_align":"center","height":{"unit":"px","size":364,"sizes":[]},"height_mobile":{"unit":"px","size":343,"sizes":[]},"title_spacing":{"unit":"px","size":5,"sizes":[]},"title_typography_typography":"custom","title_typography_font_size":{"unit":"px","size":28,"sizes":[]},"title_typography_font_size_mobile":{"unit":"px","size":28,"sizes":[]},"title_typography_font_weight":"600","title_color":"#0F6F69","desc_spacing":{"unit":"px","size":15,"sizes":[]},"desc_typography_typography":"custom","desc_typography_font_size":{"unit":"px","size":14,"sizes":[]},"desc_typography_font_size_mobile":{"unit":"px","size":14,"sizes":[]},"desc_typography_font_weight":"500","desc_color":"#0F6F69","type":"ghost","shape":"circle","button_padding":{"unit":"px","top":"14","right":"19","bottom":"14","left":"19","isLinked":false},"button_color":"#0F6F69","skin":"ghost","banner_horizontal_position":"center","banner_vertical_position":"top","banner_text_align":"center","banner_spacing":{"unit":"px","top":"35","right":"20","bottom":"20","left":"20","isLinked":false},"banner_spacing_mobile":{"unit":"px","top":"30","right":"20","bottom":"20","left":"20","isLinked":false},"primary_button_text":"See More","primary_button_skin":"ghost","primary_button_options":"yes","primary_button_background_color":"#02010100","primary_button_color":"#0F6F69","primary_button_border_color":"#0F6F69","primary_button_link":{"url":"https:\/\/motta.uix.store\/product-category\/homegarden\/","is_external":"","nofollow":"","custom_attributes":""},"primary_button_size":"small","primary_button_width":{"unit":"px","size":96,"sizes":[]},"background_position":"center center","background_position_tablet":"center center","background_repeat_tablet":"no-repeat","background_size_tablet":"cover","youtube_url":"https:\/\/www.youtube.com\/watch?v=XHOmBV4js_E","border_radius_img":{"unit":"px","top":"3","right":"3","bottom":"3","left":"3","isLinked":true}},"elements":[],"isInner":false,"widgetType":"motta-banner","elType":"widget"}],"isInner":false,"elType":"column"},{"id":"3199f94","settings":{"_column_size":33,"_inline_size":null,"padding_mobile":{"unit":"px","top":"6","right":"16","bottom":"6","left":"16","isLinked":false}},"elements":[{"id":"3a258d56","settings":{"image":{"id":9861,"url":"https:\/\/motta.uix.store\/wp-content\/uploads\/2022\/07\/homev2-electronics.jpg","alt":"","source":"library"},"title":"Electronics","description":"TVs, Cell Phones, Laptops and More!","button_text":"See More","slides_horizontal_position":"center","slides_text_align":"center","height":{"unit":"px","size":364,"sizes":[]},"height_mobile":{"unit":"px","size":343,"sizes":[]},"title_spacing":{"unit":"px","size":5,"sizes":[]},"title_typography_typography":"custom","title_typography_font_size":{"unit":"px","size":28,"sizes":[]},"title_typography_font_size_mobile":{"unit":"px","size":28,"sizes":[]},"title_typography_font_weight":"600","title_color":"#0D4BB2","desc_spacing":{"unit":"px","size":15,"sizes":[]},"desc_typography_typography":"custom","desc_typography_font_size":{"unit":"px","size":14,"sizes":[]},"desc_typography_font_size_mobile":{"unit":"px","size":14,"sizes":[]},"desc_typography_font_weight":"500","desc_color":"#0D4BB2","type":"ghost","shape":"circle","button_padding":{"unit":"px","top":"14","right":"19","bottom":"14","left":"19","isLinked":false},"button_color":"#0D4BB2","skin":"ghost","banner_horizontal_position":"center","banner_vertical_position":"top","banner_text_align":"center","banner_spacing":{"unit":"px","top":"35","right":"20","bottom":"20","left":"20","isLinked":false},"banner_spacing_mobile":{"unit":"px","top":"30","right":"20","bottom":"20","left":"20","isLinked":false},"primary_button_text":"See More","primary_button_skin":"ghost","primary_button_options":"yes","primary_button_background_color":"#02010100","primary_button_color":"#0D4BB2","primary_button_border_color":"#0D4BB2","primary_button_link":{"url":"https:\/\/motta.uix.store\/product-category\/electronics\/","is_external":"","nofollow":"","custom_attributes":""},"primary_button_size":"small","primary_button_width":{"unit":"px","size":96,"sizes":[]},"background_position":"center center","youtube_url":"https:\/\/www.youtube.com\/watch?v=XHOmBV4js_E","border_radius_img":{"unit":"px","top":"3","right":"3","bottom":"3","left":"3","isLinked":true}},"elements":[],"isInner":false,"widgetType":"motta-banner","elType":"widget"}],"isInner":false,"elType":"column"},{"id":"45b09016","settings":{"_column_size":33,"_inline_size":null,"padding_mobile":{"unit":"px","top":"6","right":"16","bottom":"6","left":"16","isLinked":false}},"elements":[{"id":"366ac736","settings":{"image":{"id":9862,"url":"https:\/\/motta.uix.store\/wp-content\/uploads\/2022\/07\/homev2-fashion.jpg","alt":"","source":"library"},"title":"Fashion","description":"Clothing, Shoes, Accessories and More!","button_text":"See More","slides_horizontal_position":"center","slides_text_align":"center","height":{"unit":"px","size":364,"sizes":[]},"height_mobile":{"unit":"px","size":343,"sizes":[]},"title_spacing":{"unit":"px","size":5,"sizes":[]},"title_typography_typography":"custom","title_typography_font_size":{"unit":"px","size":28,"sizes":[]},"title_typography_font_size_mobile":{"unit":"px","size":28,"sizes":[]},"title_typography_font_weight":"600","title_color":"#9D1244","desc_spacing":{"unit":"px","size":15,"sizes":[]},"desc_typography_typography":"custom","desc_typography_font_size":{"unit":"px","size":14,"sizes":[]},"desc_typography_font_size_mobile":{"unit":"px","size":14,"sizes":[]},"desc_typography_font_weight":"500","desc_color":"#9D1244","type":"ghost","shape":"circle","button_padding":{"unit":"px","top":"14","right":"19","bottom":"14","left":"19","isLinked":false},"button_color":"#9D1244","skin":"ghost","banner_horizontal_position":"center","banner_vertical_position":"top","banner_text_align":"center","banner_spacing":{"unit":"px","top":"35","right":"20","bottom":"20","left":"20","isLinked":false},"banner_spacing_mobile":{"unit":"px","top":"30","right":"20","bottom":"20","left":"20","isLinked":false},"primary_button_text":"See More","primary_button_skin":"ghost","primary_button_options":"yes","primary_button_background_color":"#02010100","primary_button_color":"#9D1244","primary_button_border_color":"#9D1244","primary_button_link":{"url":"https:\/\/motta.uix.store\/product-category\/fashion\/","is_external":"","nofollow":"","custom_attributes":""},"primary_button_size":"small","primary_button_width":{"unit":"px","size":96,"sizes":[]},"background_position":"center center","youtube_url":"https:\/\/www.youtube.com\/watch?v=XHOmBV4js_E","_title":"[Motta] Banner Image","border_radius_img":{"unit":"px","top":"3","right":"3","bottom":"3","left":"3","isLinked":true}},"elements":[],"isInner":false,"widgetType":"motta-banner","elType":"widget"}],"isInner":false,"elType":"column"}],"isInner":false,"elType":"section"},{"id":"7bd59f3a","settings":{"structure":"60","border_border":"solid","border_width":{"unit":"px","top":"0","right":"0","bottom":"0","left":"0","isLinked":true},"border_width_mobile":{"unit":"px","top":"0","right":"0","bottom":"4","left":"0","isLinked":false},"border_color":"#ECF0F4","padding_mobile":{"unit":"px","top":"0","right":"0","bottom":"22","left":"0","isLinked":false},"tablet_column_alignment":"column_xxxs"},"elements":[{"id":"264a3cc3","settings":{"_column_size":16,"_inline_size":null,"_inline_size_mobile":50,"padding_mobile":{"unit":"px","top":"6","right":"6","bottom":"10","left":"16","isLinked":false}},"elements":[{"id":"2e4e5a44","settings":{"image":{"id":9863,"url":"http:\/\/localhost\/dev\/motta\/wp-content\/uploads\/sites\/12\/2022\/07\/homev2-watches.jpg","alt":"","source":"library"},"title":"Watches","button_text":"See More","image_spacing":{"unit":"px","size":6,"sizes":[]},"title_typography_typography":"custom","title_typography_font_size":{"unit":"px","size":18,"sizes":[]},"title_typography_font_weight":"700","title_color":"#1D2128","title_spacing":{"unit":"px","size":0,"sizes":[]},"button_color":"#1D2128","align_mobile":"center","image_spacing_mobile":{"unit":"px","size":2,"sizes":[]},"title_typography_font_size_mobile":{"unit":"px","size":18,"sizes":[]},"link":{"url":"#","is_external":"","nofollow":"","custom_attributes":""},"primary_button_text":"See More","primary_button_link":{"url":"https:\/\/motta.uix.store\/product-category\/electronics\/gps-navigation\/","is_external":"","nofollow":"","custom_attributes":""},"primary_button_typography_typography":"custom","image_border_radius":{"unit":"px","size":3,"sizes":[]}},"elements":[],"isInner":false,"widgetType":"motta-image-box","elType":"widget"}],"isInner":false,"elType":"column"},{"id":"165614ca","settings":{"_column_size":16,"_inline_size":null,"_inline_size_mobile":50,"padding_mobile":{"unit":"px","top":"6","right":"16","bottom":"10","left":"6","isLinked":false}},"elements":[{"id":"8b6339b","settings":{"image":{"id":9864,"url":"http:\/\/localhost\/dev\/motta\/wp-content\/uploads\/sites\/12\/2022\/07\/homev2-toysgames.jpg","alt":"","source":"library"},"title":"Toys & Games","button_text":"See More","image_spacing":{"unit":"px","size":6,"sizes":[]},"title_typography_typography":"custom","title_typography_font_size":{"unit":"px","size":18,"sizes":[]},"title_typography_font_weight":"700","title_color":"#1D2128","title_spacing":{"unit":"px","size":0,"sizes":[]},"button_color":"#1D2128","align_mobile":"center","image_spacing_mobile":{"unit":"px","size":2,"sizes":[]},"title_typography_font_size_mobile":{"unit":"px","size":18,"sizes":[]},"primary_button_text":"See More","primary_button_link":{"url":"https:\/\/motta.uix.store\/product-category\/toysgames\/","is_external":"","nofollow":"","custom_attributes":""},"primary_button_typography_typography":"custom","image_border_radius":{"unit":"px","size":3,"sizes":[]}},"elements":[],"isInner":false,"widgetType":"motta-image-box","elType":"widget"}],"isInner":false,"elType":"column"},{"id":"3b4b199f","settings":{"_column_size":16,"_inline_size":null,"_inline_size_mobile":50,"padding_mobile":{"unit":"px","top":"10","right":"6","bottom":"10","left":"16","isLinked":false}},"elements":[{"id":"3f2d2bba","settings":{"image":{"id":9865,"url":"http:\/\/localhost\/dev\/motta\/wp-content\/uploads\/sites\/12\/2022\/07\/homev2-beauty.jpg","alt":"","source":"library"},"title":"Beauty & Health","button_text":"See More","image_spacing":{"unit":"px","size":6,"sizes":[]},"title_typography_typography":"custom","title_typography_font_size":{"unit":"px","size":18,"sizes":[]},"title_typography_font_weight":"700","title_color":"#1D2128","title_spacing":{"unit":"px","size":0,"sizes":[]},"button_color":"#1D2128","align_mobile":"center","image_spacing_mobile":{"unit":"px","size":2,"sizes":[]},"title_typography_font_size_mobile":{"unit":"px","size":18,"sizes":[]},"primary_button_text":"See More","primary_button_link":{"url":"https:\/\/motta.uix.store\/product-category\/beauty-health\/","is_external":"","nofollow":"","custom_attributes":""},"primary_button_typography_typography":"custom","image_border_radius":{"unit":"px","size":3,"sizes":[]}},"elements":[],"isInner":false,"widgetType":"motta-image-box","elType":"widget"}],"isInner":false,"elType":"column"},{"id":"2ddf74b1","settings":{"_column_size":16,"_inline_size":null,"_inline_size_mobile":50,"padding_mobile":{"unit":"px","top":"10","right":"16","bottom":"10","left":"6","isLinked":false}},"elements":[{"id":"68fa0719","settings":{"image":{"id":9866,"url":"http:\/\/localhost\/dev\/motta\/wp-content\/uploads\/sites\/12\/2022\/07\/homev2-jewelry.jpg","alt":"","source":"library"},"title":"Jewelry","button_text":"See More","image_spacing":{"unit":"px","size":6,"sizes":[]},"title_typography_typography":"custom","title_typography_font_size":{"unit":"px","size":18,"sizes":[]},"title_typography_font_weight":"700","title_color":"#1D2128","title_spacing":{"unit":"px","size":0,"sizes":[]},"button_color":"#1D2128","align_mobile":"center","image_spacing_mobile":{"unit":"px","size":2,"sizes":[]},"title_typography_font_size_mobile":{"unit":"px","size":18,"sizes":[]},"primary_button_text":"See More","primary_button_link":{"url":"https:\/\/motta.uix.store\/product-category\/jewelry\/","is_external":"","nofollow":"","custom_attributes":""},"primary_button_typography_typography":"custom","image_border_radius":{"unit":"px","size":3,"sizes":[]}},"elements":[],"isInner":false,"widgetType":"motta-image-box","elType":"widget"}],"isInner":false,"elType":"column"},{"id":"62ac131d","settings":{"_column_size":16,"_inline_size":null,"_inline_size_mobile":50,"padding_mobile":{"unit":"px","top":"6","right":"6","bottom":"6","left":"16","isLinked":false}},"elements":[{"id":"395d8665","settings":{"image":{"id":9867,"url":"http:\/\/localhost\/dev\/motta\/wp-content\/uploads\/sites\/12\/2022\/07\/homev2-appliances.jpg","alt":"","source":"library"},"title":"Appliances","button_text":"See More","image_spacing":{"unit":"px","size":6,"sizes":[]},"title_typography_typography":"custom","title_typography_font_size":{"unit":"px","size":18,"sizes":[]},"title_typography_font_weight":"700","title_color":"#1D2128","title_spacing":{"unit":"px","size":0,"sizes":[]},"button_color":"#1D2128","align_mobile":"center","image_spacing_mobile":{"unit":"px","size":2,"sizes":[]},"title_typography_font_size_mobile":{"unit":"px","size":18,"sizes":[]},"primary_button_text":"See More","primary_button_link":{"url":"https:\/\/motta.uix.store\/product-category\/electronics\/wearable-technology\/","is_external":"","nofollow":"","custom_attributes":""},"primary_button_typography_typography":"custom","image_border_radius":{"unit":"px","size":3,"sizes":[]}},"elements":[],"isInner":false,"widgetType":"motta-image-box","elType":"widget"}],"isInner":false,"elType":"column"},{"id":"161dc8c3","settings":{"_column_size":16,"_inline_size":null,"_inline_size_mobile":50,"padding_mobile":{"unit":"px","top":"6","right":"16","bottom":"6","left":"6","isLinked":false}},"elements":[{"id":"4b5adf7","settings":{"image":{"id":9868,"url":"http:\/\/localhost\/dev\/motta\/wp-content\/uploads\/sites\/12\/2022\/07\/homev2-sports.jpg","alt":"","source":"library"},"title":"Sports","button_text":"See More","image_spacing":{"unit":"px","size":6,"sizes":[]},"title_typography_typography":"custom","title_typography_font_size":{"unit":"px","size":18,"sizes":[]},"title_typography_font_weight":"700","title_color":"#1D2128","title_spacing":{"unit":"px","size":0,"sizes":[]},"button_color":"#1D2128","align_mobile":"center","image_spacing_mobile":{"unit":"px","size":2,"sizes":[]},"title_typography_font_size_mobile":{"unit":"px","size":18,"sizes":[]},"primary_button_text":"See More","primary_button_link":{"url":"https:\/\/motta.uix.store\/product-category\/sports\/","is_external":"","nofollow":"","custom_attributes":""},"primary_button_typography_typography":"custom","image_border_radius":{"unit":"px","size":3,"sizes":[]}},"elements":[],"isInner":false,"widgetType":"motta-image-box","elType":"widget"}],"isInner":false,"elType":"column"}],"isInner":false,"elType":"section"},{"id":"7ed3bb0e","settings":{"padding":{"unit":"px","top":"50","right":"0","bottom":"25","left":"0","isLinked":false},"padding_mobile":{"unit":"px","top":"16","right":"0","bottom":"10","left":"0","isLinked":false},"border_border":"solid","border_width":{"unit":"px","top":"0","right":"0","bottom":"0","left":"0","isLinked":true},"border_width_mobile":{"unit":"px","top":"0","right":"0","bottom":"4","left":"0","isLinked":false},"border_color":"#ECF0F4"},"elements":[{"id":"4890e0b1","settings":{"_column_size":100,"_inline_size":null},"elements":[{"id":"3d25c0ac","settings":{"title":"Featured Products","button_text":"See All Products","link":{"url":"#","is_external":"","nofollow":"","custom_attributes":""},"title_size":"h4","typography_font_weight":"500","button_color":"#1D2128","title_color":"#1D2128","typography_font_size":{"unit":"px","size":28,"sizes":[]},"typography_font_size_mobile":{"unit":"px","size":18,"sizes":[]},"_padding_mobile":{"unit":"px","top":"0","right":"0","bottom":"15","left":"0","isLinked":false},"_padding":{"unit":"px","top":"0","right":"0","bottom":"20","left":"0","isLinked":false},"button_text_mobile":"See All","primary_button_text":"See All Products","primary_mobile_button_text":"See All ","primary_button_link":{"url":"https:\/\/motta.uix.store\/shop\/","is_external":"","nofollow":"","custom_attributes":""},"size":"large","typography_typography":"custom"},"elements":[],"isInner":false,"widgetType":"motta-heading","elType":"widget"},{"id":"c895cf2","settings":{"title":"Featured Products","button_text":"See All Products","sliders_arrow_style":"yes","arrows_spacing_vertical":{"unit":"%","size":33,"sizes":[]},"navigation_mobile":"dots","autoplay":"","slides_to_show_tablet":"3","slides_to_scroll_tablet":3,"navigation_tablet":"arrows","arrows_spacing_vertical_tablet":{"unit":"%","size":"","sizes":[]},"arrows_spacing_vertical_mobile":{"unit":"%","size":"","sizes":[]},"sliders_arrows_vertical_spacing":{"unit":"%","size":29,"sizes":[]},"sliders_arrows_vertical_spacing_tablet":{"unit":"%","size":"","sizes":[]},"sliders_arrows_vertical_spacing_mobile":{"unit":"%","size":"","sizes":[]},"type":"featured_products","tag":["electric"],"sliders_arrows_horizontal_spacing_tablet":{"unit":"px","size":0,"sizes":[]},"sliders_dots_vertical_spacing_mobile":{"unit":"px","size":15,"sizes":[]}},"elements":[],"isInner":false,"widgetType":"motta-products-carousel","elType":"widget"}],"isInner":false,"elType":"column"}],"isInner":false,"elType":"section"},{"id":"3f6bc312","settings":{"padding_mobile":{"unit":"px","top":"12","right":"0","bottom":"0","left":"0","isLinked":false},"margin":{"unit":"px","top":"","right":0,"bottom":"","left":0,"isLinked":true}},"elements":[{"id":"51c54701","settings":{"_column_size":100,"_inline_size":null},"elements":[{"id":"537a4132","settings":{"title":"Trending Brands","title_size":"div","title_color":"#1D2128","typography_font_size":{"unit":"px","size":28,"sizes":[]},"typography_font_size_mobile":{"unit":"px","size":18,"sizes":[]},"typography_font_weight":"500","button_color":"#1D2128","size":"large","typography_typography":"custom"},"elements":[],"isInner":false,"widgetType":"motta-heading","elType":"widget"}],"isInner":false,"elType":"column"}],"isInner":false,"elType":"section"},{"id":"4ffe27dc","settings":{"structure":"60","margin":{"unit":"px","top":"-2","right":0,"bottom":"0","left":0,"isLinked":false},"mobile_column_alignment":"column_xs"},"elements":[{"id":"32b55f80","settings":{"_column_size":16,"_inline_size":null},"elements":[{"id":"7909791a","settings":{"image":{"id":9872,"url":"http:\/\/localhost\/dev\/motta\/wp-content\/uploads\/sites\/12\/2022\/07\/homev2-samsung.png","alt":"","source":"library"},"title":"Samsung","image_spacing":{"unit":"px","size":36,"sizes":[]},"title_typography_typography":"custom","title_typography_font_size":{"unit":"px","size":14,"sizes":[]},"title_typography_font_weight":"500","title_color":"#1D2128","title_spacing":{"unit":"px","size":0,"sizes":[]},"button_color":"#1D2128","primary_button_link":{"url":"https:\/\/motta.uix.store\/blog\/product-brand\/samsung\/","is_external":"","nofollow":"","custom_attributes":""}},"elements":[],"isInner":false,"widgetType":"motta-image-box","elType":"widget"}],"isInner":false,"elType":"column"},{"id":"333b3778","settings":{"_column_size":16,"_inline_size":null},"elements":[{"id":"32ff9a99","settings":{"image":{"id":15669,"url":"https:\/\/motta.uix.store\/wp-content\/uploads\/2022\/09\/homev2-nike.png","alt":"","source":"library"},"title":"Nike","image_spacing":{"unit":"px","size":36,"sizes":[]},"title_typography_typography":"custom","title_typography_font_size":{"unit":"px","size":14,"sizes":[]},"title_typography_font_weight":"500","title_color":"#1D2128","title_spacing":{"unit":"px","size":0,"sizes":[]},"button_color":"#1D2128","primary_button_link":{"url":"https:\/\/motta.uix.store\/blog\/product-brand\/nike\/","is_external":"","nofollow":"","custom_attributes":""}},"elements":[],"isInner":false,"widgetType":"motta-image-box","elType":"widget"}],"isInner":false,"elType":"column"},{"id":"3aed2f69","settings":{"_column_size":16,"_inline_size":null},"elements":[{"id":"2b9c34c8","settings":{"image":{"id":9874,"url":"http:\/\/localhost\/dev\/motta\/wp-content\/uploads\/sites\/12\/2022\/07\/homev2-kit.png","alt":"","source":"library"},"title":"KitchenAid","image_spacing":{"unit":"px","size":36,"sizes":[]},"title_typography_typography":"custom","title_typography_font_size":{"unit":"px","size":14,"sizes":[]},"title_typography_font_weight":"500","title_color":"#1D2128","title_spacing":{"unit":"px","size":0,"sizes":[]},"button_color":"#1D2128","primary_button_link":{"url":"https:\/\/motta.uix.store\/blog\/product-brand\/kitchenaid\/","is_external":"","nofollow":"","custom_attributes":""}},"elements":[],"isInner":false,"widgetType":"motta-image-box","elType":"widget"}],"isInner":false,"elType":"column"},{"id":"4303cc02","settings":{"_column_size":16,"_inline_size":null},"elements":[{"id":"23c30a37","settings":{"image":{"id":9875,"url":"http:\/\/localhost\/dev\/motta\/wp-content\/uploads\/sites\/12\/2022\/07\/homev2-apple.png","alt":"","source":"library"},"title":"Apple","image_spacing":{"unit":"px","size":36,"sizes":[]},"title_typography_typography":"custom","title_typography_font_size":{"unit":"px","size":14,"sizes":[]},"title_typography_font_weight":"500","title_color":"#1D2128","title_spacing":{"unit":"px","size":0,"sizes":[]},"button_color":"#1D2128","primary_button_link":{"url":"https:\/\/motta.uix.store\/blog\/product-brand\/apple\/","is_external":"","nofollow":"","custom_attributes":""}},"elements":[],"isInner":false,"widgetType":"motta-image-box","elType":"widget"}],"isInner":false,"elType":"column"},{"id":"7005b74f","settings":{"_column_size":16,"_inline_size":null},"elements":[{"id":"4d3aa37d","settings":{"image":{"id":9876,"url":"http:\/\/localhost\/dev\/motta\/wp-content\/uploads\/sites\/12\/2022\/07\/homev2-intel-1.png","alt":"","source":"library"},"title":"Intel","image_spacing":{"unit":"px","size":36,"sizes":[]},"title_typography_typography":"custom","title_typography_font_size":{"unit":"px","size":14,"sizes":[]},"title_typography_font_weight":"500","title_color":"#1D2128","title_spacing":{"unit":"px","size":0,"sizes":[]},"button_color":"#1D2128","primary_button_link":{"url":"https:\/\/motta.uix.store\/blog\/product-brand\/intel\/","is_external":"","nofollow":"","custom_attributes":""}},"elements":[],"isInner":false,"widgetType":"motta-image-box","elType":"widget"}],"isInner":false,"elType":"column"},{"id":"5b4f038e","settings":{"_column_size":16,"_inline_size":null},"elements":[{"id":"1b0c2cb0","settings":{"image":{"id":9877,"url":"http:\/\/localhost\/dev\/motta\/wp-content\/uploads\/sites\/12\/2022\/07\/homev2-he.png","alt":"","source":"library"},"title":"Herman Miller","image_spacing":{"unit":"px","size":36,"sizes":[]},"title_typography_typography":"custom","title_typography_font_size":{"unit":"px","size":14,"sizes":[]},"title_typography_font_weight":"500","title_color":"#1D2128","title_spacing":{"unit":"px","size":0,"sizes":[]},"button_color":"#1D2128","primary_button_link":{"url":"https:\/\/motta.uix.store\/blog\/product-brand\/herman-miller\/","is_external":"","nofollow":"","custom_attributes":""}},"elements":[],"isInner":false,"widgetType":"motta-image-box","elType":"widget"}],"isInner":false,"elType":"column"}],"isInner":false,"elType":"section"},{"id":"eaa5ef2","settings":{"padding":{"unit":"px","top":"44","right":"0","bottom":"0","left":"0","isLinked":false},"padding_tablet":{"unit":"px","top":"15","right":"0","bottom":"0","left":"0","isLinked":false},"padding_mobile":{"unit":"px","top":"25","right":"0","bottom":"0","left":"0","isLinked":false}},"elements":[{"id":"7de48985","settings":{"_column_size":100,"_inline_size":null},"elements":[{"id":"7b26b192","settings":{"structure":"20","background_background":"classic","background_image":{"id":"","url":"http:\/\/localhost:3000:3000:3000\/dev\/motta\/wp-content\/plugins\/elementor\/assets\/images\/placeholder.png"},"background_position_tablet":"initial","background_xpos_tablet":{"unit":"px","size":-337,"sizes":[]},"background_image_mobile":{"url":"","id":"","alt":"","source":"library"},"background_position_mobile":"center center","background_repeat_mobile":"no-repeat","background_size_mobile":"cover","content_position":"bottom","background_color":"#ECF0F4","border_border":"solid","border_width":{"unit":"px","top":"0","right":"0","bottom":"4","left":"0","isLinked":false},"border_color":"#6E2EFF","margin":{"unit":"px","top":"0","right":0,"bottom":"50","left":0,"isLinked":false},"margin_mobile":{"unit":"px","top":"0","right":0,"bottom":"20","left":0,"isLinked":false},"padding_mobile":{"unit":"px","top":"0","right":"5","bottom":"0","left":"5","isLinked":false},"border_radius":{"unit":"px","top":"3","right":"3","bottom":"3","left":"3","isLinked":true}},"elements":[{"id":"24d57ac8","settings":{"_column_size":50,"_inline_size":44.735,"padding":{"unit":"px","top":"42","right":"42","bottom":"44","left":"47","isLinked":false},"padding_tablet":{"unit":"px","top":"42","right":"42","bottom":"38","left":"42","isLinked":false},"padding_mobile":{"unit":"px","top":"27","right":"16","bottom":"27","left":"14","isLinked":false}},"elements":[{"id":"29ff782f","settings":{"before_title":"Simplify your shopping <br class=\"hidden-xs\">\nwith the app","title":"Simplify your shopping<br> \nwith the app\n","before_title_typography_typography":"custom","before_title_typography_font_size":{"unit":"px","size":24,"sizes":[]},"before_title_typography_font_weight":"500","before_title_typography_line_height":{"unit":"px","size":32,"sizes":[]},"before_title_spacing":{"unit":"px","size":11,"sizes":[]},"typography_typography":"custom","typography_font_size":{"unit":"px","size":28,"sizes":[]},"typography_font_weight":"500","before_title_spacing_mobile":{"unit":"px","size":9,"sizes":[]},"typography_line_height_mobile":{"unit":"px","size":32,"sizes":[]},"typography_line_height":{"unit":"px","size":32,"sizes":[]},"_padding":{"unit":"px","top":"0","right":"0","bottom":"11","left":"0","isLinked":false}},"elements":[],"isInner":false,"widgetType":"motta-heading","elType":"widget"},{"id":"18e3d3f4","settings":{"before_title":"Simplify your shopping <br class=\"hidden-xs\">\nwith the app","title":"Shopping on the go is fast and easy with our free app.","before_title_typography_typography":"custom","before_title_typography_font_size":{"unit":"px","size":24,"sizes":[]},"before_title_typography_font_weight":"500","before_title_typography_line_height":{"unit":"px","size":32,"sizes":[]},"before_title_spacing":{"unit":"px","size":11,"sizes":[]},"typography_typography":"custom","typography_font_size":{"unit":"px","size":14,"sizes":[]},"typography_font_weight":"500","before_title_spacing_mobile":{"unit":"px","size":9,"sizes":[]},"typography_line_height_mobile":{"unit":"px","size":20,"sizes":[]}},"elements":[],"isInner":false,"widgetType":"motta-heading","elType":"widget"},{"id":"521948e3","settings":{"images":[{"_id":"ca51a5a","image":{"url":"http:\/\/localhost\/dev\/motta\/wp-content\/uploads\/sites\/12\/2022\/04\/appstore.png","id":4613,"alt":"","source":"library"}},{"_id":"38118a7","image":{"url":"http:\/\/localhost\/dev\/motta\/wp-content\/uploads\/sites\/12\/2022\/04\/ggstore.png","id":4614,"alt":"","source":"library"}}],"slides_horizontal_position":"left","_padding":{"unit":"px","top":"16","right":"0","bottom":"40","left":"0","isLinked":false}},"elements":[],"isInner":false,"widgetType":"motta-image-grid","elType":"widget"},{"id":"30993c7f","settings":{"title":"Receive a download link","title_size":"div","typography_typography":"custom","typography_font_size":{"unit":"px","size":14,"sizes":[]},"typography_font_weight":"500","_margin":{"unit":"px","top":"0","right":"0","bottom":"10","left":"0","isLinked":false}},"elements":[],"isInner":false,"widgetType":"motta-heading","elType":"widget"},{"id":"52edee7c","settings":{"form_shortcode":"[mc4wp_form id=\"192\"]","form_height":{"unit":"px","size":44,"sizes":[]},"button_mobile_skin":"smooth","button_padding":{"unit":"px","top":"0","right":"20","bottom":"0","left":"20","isLinked":false},"button_options":"yes","button_width":{"unit":"px","size":100,"sizes":[]},"field_border":"none"},"elements":[],"isInner":false,"widgetType":"motta-subscribe-box","elType":"widget"}],"isInner":true,"elType":"column"},{"id":"2ff43c9a","settings":{"_column_size":50,"_inline_size":55.265,"padding_mobile":{"unit":"px","top":"0","right":"0","bottom":"0","left":"0","isLinked":false},"margin":{"unit":"px","top":"0","right":"0","bottom":"-4","left":"0","isLinked":false},"padding":{"unit":"px","top":"0","right":"0","bottom":"0","left":"0","isLinked":true}},"elements":[{"id":"134ecc7c","settings":{"image":{"url":"http:\/\/localhost:3000\/dev\/motta\/wp-content\/uploads\/sites\/12\/2022\/07\/home2_newsletter.png","id":8159,"alt":"","source":"library"}},"elements":[],"isInner":false,"widgetType":"image","elType":"widget"}],"isInner":true,"elType":"column"}],"isInner":true,"elType":"section"}],"isInner":false,"elType":"column"}],"isInner":false,"elType":"section"}],"page_settings":{"footer_mobile_layout":"3024","motta_hide_page_header":"1","header_layout":"v2","header_category_menu_display":"onpageload","motta_content_top_spacing":"no","motta_content_bottom_spacing":"no","footer_layout":"4015"},"version":"0.4","title":"home-v2","type":"page"}