{"content":[{"id":"58ec95a4","settings":{"margin":{"unit":"px","top":"","right":0,"bottom":"","left":0,"isLinked":true},"margin_mobile":{"unit":"px","top":"","right":0,"bottom":"","left":0,"isLinked":true}},"elements":[{"id":"6630702a","settings":{"_column_size":100,"_inline_size":null,"padding_mobile":{"unit":"px","top":"0","right":"0","bottom":"0","left":"0","isLinked":false}},"elements":[{"id":"519b9fe9","settings":{"slides":[{"title":"Say hello to the <br class=\"hidden-xs\" \/>\nnew iMac.","description":"You've never seen a computer like this before","button_text":"Buy Now","_id":"09b93f2","banner_background_img":{"url":"","id":"","alt":"","source":"library"},"background_size":"auto","background_position":"right bottom","background_repeat":"no-repeat","banner_image":{"url":"http:\/\/localhost\/motta\/wp-content\/uploads\/sites\/30\/2022\/07\/1.jpg","id":692,"alt":"","source":"library"},"before_title":"New Arrivals","button_text_2":"Learn More","link_2":{"url":"#","is_external":"","nofollow":"","custom_attributes":""},"image":{"id":18154,"url":"https:\/\/motta.uix.store\/electronic\/wp-content\/uploads\/sites\/6\/2022\/09\/homev7-slider1.jpg","alt":"","source":"library"},"subtitle":"New Arrivals","primary_button_text":"Buy Now","primary_button_link":{"url":"https:\/\/motta.uix.store\/electronic\/product\/macbook-air-13-inch-8gb-ram-256gb-ssd-storage-gold-2020-model\/","is_external":"","nofollow":"","custom_attributes":""},"second_button_text":"Learn More","second_button_link":{"url":"https:\/\/motta.uix.store\/electronic\/product-category\/laptops-computers\/laptops\/","is_external":"","nofollow":"","custom_attributes":""}},{"title":"GoPro HERO9 <br class=\"hidden-xs\" \/>\nBlack Bundle","description":"Includes Free Extra Shorty, while supplies last.","button_text":"Buy Now","banner_background_img":{"url":"","id":"","alt":"","source":"library"},"background_size":"auto","background_position":"right center","background_repeat":"no-repeat","banner_image":{"url":"http:\/\/localhost\/motta\/wp-content\/uploads\/sites\/30\/2022\/07\/2.jpg","id":693,"alt":"","source":"library"},"before_title":"Featured","button_text_2":"Learn More","link_2":{"url":"#","is_external":"","nofollow":"","custom_attributes":""},"_id":"0914504","image":{"id":18155,"url":"https:\/\/motta.uix.store\/electronic\/wp-content\/uploads\/sites\/6\/2022\/09\/homev7-slider2.jpg","alt":"","source":"library"},"subtitle":"Featured","primary_button_text":"Buy Now","primary_button_link":{"url":"https:\/\/motta.uix.store\/electronic\/product\/joby-griptight-pro-telepod-tripod\/","is_external":"","nofollow":"","custom_attributes":""},"second_button_text":"Learn More","second_button_link":{"url":"https:\/\/motta.uix.store\/electronic\/product-category\/cameras\/cameras-lenses\/","is_external":"","nofollow":"","custom_attributes":""}},{"title":"Samsung Neo QLED 8K Smart TV","description":"Quantum Matrix Technology Pro","button_text":"Buy Now","banner_background_img":{"url":"","id":"","alt":"","source":"library"},"background_size":"auto","background_position":"right center","background_repeat":"no-repeat","banner_image":{"url":"http:\/\/localhost\/motta\/wp-content\/uploads\/sites\/30\/2022\/07\/3.jpg","id":694,"alt":"","source":"library"},"before_title":"New Arr\u0131vals","button_text_2":"Learn More","link_2":{"url":"#","is_external":"","nofollow":"","custom_attributes":""},"_id":"25a9df7","image":{"id":18156,"url":"https:\/\/motta.uix.store\/electronic\/wp-content\/uploads\/sites\/6\/2022\/09\/homev7-slider3.jpg","alt":"","source":"library"},"subtitle":"New Arrivals","primary_button_text":"Buy Now","primary_button_link":{"url":"https:\/\/motta.uix.store\/electronic\/product\/rog-zephyrus-m15-15-6-gaming-laptop-intel-core-i7-16gb\/","is_external":"","nofollow":"","custom_attributes":""},"second_button_text":"Learn More","second_button_link":{"url":"https:\/\/motta.uix.store\/electronic\/product-category\/tvs-video\/tvs\/","is_external":"","nofollow":"","custom_attributes":""}},{"title":"The future of health is on your wrist.","description":"Get up to $185 toward a new Apple Watch.","button_text":"Buy Now","banner_background_img":{"url":"","id":"","alt":"","source":"library"},"background_size":"auto","background_position":"right center","background_repeat":"no-repeat","banner_image":{"url":"http:\/\/localhost\/motta\/wp-content\/uploads\/sites\/30\/2022\/07\/4.jpg","id":695,"alt":"","source":"library"},"before_title":"Featured","button_text_2":"Learn More","link_2":{"url":"#","is_external":"","nofollow":"","custom_attributes":""},"_id":"0c72e13","image":{"id":18157,"url":"https:\/\/motta.uix.store\/electronic\/wp-content\/uploads\/sites\/6\/2022\/09\/homev7-slider4.jpg","alt":"","source":"library"},"subtitle":"Featured","primary_button_text":"Buy Now","primary_button_link":{"url":"https:\/\/motta.uix.store\/electronic\/product\/apple-watch-series-5-gps-40mm-gold\/","is_external":"","nofollow":"","custom_attributes":""},"second_button_text":"Learn More","second_button_link":{"url":"https:\/\/motta.uix.store\/electronic\/product-category\/wearable-technology\/","is_external":"","nofollow":"","custom_attributes":""}}],"slides_height":{"unit":"px","size":388,"sizes":[]},"slides_height_mobile":{"unit":"px","size":420,"sizes":[]},"navigation":"both","navigation_tablet":"dots","navigation_mobile":"dots","autoplay":"","slides_layout_mobile":"center","slides_vertical_position":"middle","slides_text_align_mobile":"center","before_title_spacing":{"unit":"px","size":2,"sizes":[]},"title_spacing":{"unit":"px","size":15,"sizes":[]},"description_typography_typography":"custom","description_typography_font_size":{"unit":"px","size":18,"sizes":[]},"description_typography_font_weight":"700","description_typography_line_height":{"unit":"px","size":24,"sizes":[]},"description_spacing":{"unit":"px","size":26,"sizes":[]},"button_2_color":"#1D2128","arrow_style_layout":"2","sliders_arrow_style":"yes","sliders_arrows_radius":{"unit":"%","top":"100","right":"100","bottom":"100","left":"100","isLinked":true},"dots_style_layout":"2","sliders_dots_style":"yes","sliders_dots_offset_ver_mobile":{"unit":"px","size":2,"sizes":[]},"sliders_bgcolor_dots":"#02010100","_border_border":"solid","_border_width":{"unit":"px","top":"0","right":"0","bottom":"1","left":"0","isLinked":false},"_border_color":"#ECF0F4","slides_horizontal_position_mobile":"left","title_typography_typography":"custom","title_typography_font_size_mobile":{"unit":"px","size":28,"sizes":[]},"title_spacing_mobile":{"unit":"px","size":6,"sizes":[]},"description_typography_font_size_mobile":{"unit":"px","size":14,"sizes":[]},"description_spacing_mobile":{"unit":"px","size":16,"sizes":[]},"image_custom_width":{"unit":"px","size":650,"sizes":[]},"image_custom_width_tablet":{"unit":"%","size":53,"sizes":[]},"image_custom_position_mobile":"bottom","sliders_dots_vertical_spacing_mobile":{"unit":"px","size":6,"sizes":[]},"slides_content_width":{"unit":"px","size":470,"sizes":[]},"slides_content_width_tablet":{"unit":"px","size":330,"sizes":[]},"slides_content_width_mobile":{"unit":"%","size":100,"sizes":[]},"slides_content_padding":{"unit":"px","top":"0","right":"0","bottom":"20","left":"97","isLinked":false},"slides_content_padding_mobile":{"unit":"px","top":"25","right":"20","bottom":"20","left":"20","isLinked":false},"title_typography_font_size_tablet":{"unit":"px","size":36,"sizes":[]},"title_typography_line_height_tablet":{"unit":"px","size":40,"sizes":[]},"title_typography_line_height_mobile":{"unit":"px","size":26,"sizes":[]},"description_typography_font_size_tablet":{"unit":"px","size":14,"sizes":[]},"image_custom_height_mobile":{"unit":"px","size":250,"sizes":[]},"slides_content_padding_tablet":{"unit":"px","top":"0","right":"0","bottom":"0","left":"30","isLinked":false},"primary_button_options":"yes","second_button_typography_typography":"custom","second_button_options":"yes","second_button_color":"#1D2128","subtitle_spacing":{"unit":"px","size":10,"sizes":[]},"sliders_arrow_color":"#000000","slides_text_align":"","subtitle_typography_typography":"custom","before_desc_typography_typography":"custom","primary_button_typography_typography":"custom"},"elements":[],"isInner":false,"widgetType":"motta-slides","elType":"widget"}],"isInner":false,"elType":"column"}],"isInner":false,"elType":"section"},{"id":"7b95f66b","settings":{"structure":"90","margin":{"unit":"px","top":"","right":0,"bottom":"","left":0,"isLinked":true},"margin_mobile":{"unit":"px","top":"","right":0,"bottom":"","left":0,"isLinked":true},"padding":{"unit":"px","top":"24","right":"0","bottom":"20","left":"0","isLinked":false},"padding_mobile":{"unit":"px","top":"23","right":"0","bottom":"5","left":"0","isLinked":false},"tablet_column_alignment":"column_xxxs"},"elements":[{"id":"69a6f51c","settings":{"_column_size":11,"_inline_size":null,"_inline_size_tablet":33.333,"_inline_size_mobile":33.333},"elements":[{"id":"516aba05","settings":{"icon":{"value":{"url":"https:\/\/motta.uix.store\/electronic\/wp-content\/uploads\/sites\/6\/2022\/10\/laptop-computer-xl.svg","id":18491},"library":"svg"},"title":"Laptop&Computer","description":"","alignment":"center","title_color":"#1D2128","title_typography_typography":"custom","title_typography_font_size":{"unit":"px","size":14,"sizes":[]},"title_typography_font_weight":"500","title_spacing":{"unit":"px","size":0,"sizes":[]},"icon_color":"#7C818B","icon_spacing":{"unit":"px","size":25,"sizes":[]},"icon_size":{"unit":"px","size":64,"sizes":[]},"primary_button_link":{"url":"https:\/\/motta.uix.store\/electronic\/product-category\/laptops-computers\/","is_external":"","nofollow":"","custom_attributes":""},"button_link_type":"all"},"elements":[],"isInner":false,"widgetType":"motta-icon-box","elType":"widget"}],"isInner":false,"elType":"column"},{"id":"5f8d5f75","settings":{"_column_size":11,"_inline_size":null,"_inline_size_tablet":33.333,"_inline_size_mobile":33.333},"elements":[{"id":"33f6eadf","settings":{"icon":{"value":{"url":"https:\/\/motta.uix.store\/electronic\/wp-content\/uploads\/sites\/6\/2022\/10\/TVs-Video-xl.svg","id":18498},"library":"svg"},"title":"TVs & Video","description":"","alignment":"center","title_color":"#1D2128","title_typography_typography":"custom","title_typography_font_size":{"unit":"px","size":14,"sizes":[]},"title_typography_font_weight":"500","title_spacing":{"unit":"px","size":0,"sizes":[]},"icon_color":"#7C818B","icon_spacing":{"unit":"px","size":25,"sizes":[]},"icon_size":{"unit":"px","size":64,"sizes":[]},"primary_button_link":{"url":"https:\/\/motta.uix.store\/electronic\/product-category\/tvs-video\/","is_external":"","nofollow":"","custom_attributes":""},"button_link_type":"all"},"elements":[],"isInner":false,"widgetType":"motta-icon-box","elType":"widget"}],"isInner":false,"elType":"column"},{"id":"79de38a1","settings":{"_column_size":11,"_inline_size":null,"_inline_size_tablet":33.333,"_inline_size_mobile":33.333},"elements":[{"id":"35ef73b2","settings":{"icon":{"value":{"url":"https:\/\/motta.uix.store\/electronic\/wp-content\/uploads\/sites\/6\/2022\/10\/cellphones-xl.svg","id":18494},"library":"svg"},"title":"Cell Phones","description":"","alignment":"center","title_color":"#1D2128","title_typography_typography":"custom","title_typography_font_size":{"unit":"px","size":14,"sizes":[]},"title_typography_font_weight":"500","title_spacing":{"unit":"px","size":0,"sizes":[]},"icon_color":"#7C818B","icon_spacing":{"unit":"px","size":25,"sizes":[]},"icon_size":{"unit":"px","size":64,"sizes":[]},"primary_button_link":{"url":"https:\/\/motta.uix.store\/electronic\/product-category\/cell-phones\/","is_external":"","nofollow":"","custom_attributes":""},"button_link_type":"all"},"elements":[],"isInner":false,"widgetType":"motta-icon-box","elType":"widget"}],"isInner":false,"elType":"column"},{"id":"75062032","settings":{"_column_size":11,"_inline_size":null,"_inline_size_tablet":33.333,"_inline_size_mobile":33.333},"elements":[{"id":"6fa1ffed","settings":{"icon":{"value":{"url":"https:\/\/motta.uix.store\/electronic\/wp-content\/uploads\/sites\/6\/2022\/10\/wearabletech-xl.svg","id":18499},"library":"svg"},"title":"Wearable Tech","description":"","alignment":"center","title_color":"#1D2128","title_typography_typography":"custom","title_typography_font_size":{"unit":"px","size":14,"sizes":[]},"title_typography_font_weight":"500","title_spacing":{"unit":"px","size":0,"sizes":[]},"icon_color":"#7C818B","icon_spacing":{"unit":"px","size":25,"sizes":[]},"icon_size":{"unit":"px","size":64,"sizes":[]},"primary_button_link":{"url":"https:\/\/motta.uix.store\/electronic\/product-category\/wearable-technology\/","is_external":"","nofollow":"","custom_attributes":""},"button_link_type":"all"},"elements":[],"isInner":false,"widgetType":"motta-icon-box","elType":"widget"}],"isInner":false,"elType":"column"},{"id":"1d26fcef","settings":{"_column_size":11,"_inline_size":null,"_inline_size_tablet":33.333,"_inline_size_mobile":33.333},"elements":[{"id":"4640adf2","settings":{"icon":{"value":{"url":"https:\/\/motta.uix.store\/electronic\/wp-content\/uploads\/sites\/6\/2022\/10\/appliances-xl.svg","id":18492},"library":"svg"},"title":"Appliances","description":"","alignment":"center","title_color":"#1D2128","title_typography_typography":"custom","title_typography_font_size":{"unit":"px","size":14,"sizes":[]},"title_typography_font_weight":"500","title_spacing":{"unit":"px","size":0,"sizes":[]},"icon_color":"#7C818B","icon_spacing":{"unit":"px","size":25,"sizes":[]},"icon_size":{"unit":"px","size":64,"sizes":[]},"primary_button_link":{"url":"https:\/\/motta.uix.store\/electronic\/product-category\/smart-home\/","is_external":"","nofollow":"","custom_attributes":""},"button_link_type":"all"},"elements":[],"isInner":false,"widgetType":"motta-icon-box","elType":"widget"}],"isInner":false,"elType":"column"},{"id":"6a3ed5d6","settings":{"_column_size":11,"_inline_size":null,"_inline_size_tablet":33.333,"_inline_size_mobile":33.333},"elements":[{"id":"3bbd6624","settings":{"icon":{"value":{"url":"https:\/\/motta.uix.store\/electronic\/wp-content\/uploads\/sites\/6\/2022\/10\/cameras.svg","id":18493},"library":"svg"},"title":"Cameras","description":"","alignment":"center","title_color":"#1D2128","title_typography_typography":"custom","title_typography_font_size":{"unit":"px","size":14,"sizes":[]},"title_typography_font_weight":"500","title_spacing":{"unit":"px","size":0,"sizes":[]},"icon_color":"#7C818B","icon_spacing":{"unit":"px","size":25,"sizes":[]},"icon_size":{"unit":"px","size":64,"sizes":[]},"primary_button_link":{"url":"https:\/\/motta.uix.store\/electronic\/product-category\/cameras\/","is_external":"","nofollow":"","custom_attributes":""},"button_link_type":"all"},"elements":[],"isInner":false,"widgetType":"motta-icon-box","elType":"widget"}],"isInner":false,"elType":"column"},{"id":"7139008a","settings":{"_column_size":11,"_inline_size":null,"_inline_size_tablet":33.333,"_inline_size_mobile":33.333},"elements":[{"id":"5120b000","settings":{"icon":{"value":{"url":"https:\/\/motta.uix.store\/electronic\/wp-content\/uploads\/sites\/6\/2022\/10\/ipads-tablets-xl.svg","id":18496},"library":"svg"},"title":"iPads&Tablets","description":"","alignment":"center","title_color":"#1D2128","title_typography_typography":"custom","title_typography_font_size":{"unit":"px","size":14,"sizes":[]},"title_typography_font_weight":"500","title_spacing":{"unit":"px","size":0,"sizes":[]},"icon_color":"#7C818B","icon_spacing":{"unit":"px","size":25,"sizes":[]},"icon_size":{"unit":"px","size":64,"sizes":[]},"primary_button_link":{"url":"https:\/\/motta.uix.store\/electronic\/product-category\/ipads-tablets\/","is_external":"","nofollow":"","custom_attributes":""},"button_link_type":"all"},"elements":[],"isInner":false,"widgetType":"motta-icon-box","elType":"widget"}],"isInner":false,"elType":"column"},{"id":"12f6feff","settings":{"_column_size":11,"_inline_size":null,"_inline_size_tablet":33.333,"_inline_size_mobile":33.333},"elements":[{"id":"63121def","settings":{"icon":{"value":{"url":"https:\/\/motta.uix.store\/electronic\/wp-content\/uploads\/sites\/6\/2022\/10\/headphones-xl.svg","id":18495},"library":"svg"},"title":"Headphones","description":"","alignment":"center","title_color":"#1D2128","title_typography_typography":"custom","title_typography_font_size":{"unit":"px","size":14,"sizes":[]},"title_typography_font_weight":"500","title_spacing":{"unit":"px","size":0,"sizes":[]},"icon_color":"#7C818B","icon_spacing":{"unit":"px","size":25,"sizes":[]},"icon_size":{"unit":"px","size":64,"sizes":[]},"primary_button_link":{"url":"https:\/\/motta.uix.store\/electronic\/product-category\/headphones\/","is_external":"","nofollow":"","custom_attributes":""},"button_link_type":"all"},"elements":[],"isInner":false,"widgetType":"motta-icon-box","elType":"widget"}],"isInner":false,"elType":"column"},{"id":"2a1f8f","settings":{"_column_size":11,"_inline_size":null,"_inline_size_tablet":33.333,"_inline_size_mobile":33.333},"elements":[{"id":"25c84806","settings":{"icon":{"value":{"url":"https:\/\/motta.uix.store\/electronic\/wp-content\/uploads\/sites\/6\/2022\/10\/networking-xl.svg","id":18497},"library":"svg"},"title":"Networking","description":"","alignment":"center","title_color":"#1D2128","title_typography_typography":"custom","title_typography_font_size":{"unit":"px","size":14,"sizes":[]},"title_typography_font_weight":"500","title_spacing":{"unit":"px","size":0,"sizes":[]},"icon_color":"#7C818B","icon_spacing":{"unit":"px","size":25,"sizes":[]},"icon_size":{"unit":"px","size":64,"sizes":[]},"primary_button_link":{"url":"https:\/\/motta.uix.store\/electronic\/product-category\/networking\/","is_external":"","nofollow":"","custom_attributes":""},"button_link_type":"all"},"elements":[],"isInner":false,"widgetType":"motta-icon-box","elType":"widget"}],"isInner":false,"elType":"column"}],"isInner":false,"elType":"section"},{"id":"16eff010","settings":{"structure":"22"},"elements":[{"id":"442ba05d","settings":{"_column_size":66,"_inline_size":null,"_inline_size_tablet":100,"margin_mobile":{"unit":"px","top":"0","right":"0","bottom":"9","left":"0","isLinked":false}},"elements":[{"id":"18f4d914","settings":{"slides":[{"title":"See the world in a<br \/>\nbillion shades of color","description":"100% Color Volume with Quantum Dot","button_text":"Explore Now","_id":"cbf0c43","banner_background_img":{"url":"","id":""},"banner_image":{"url":"http:\/\/localhost\/motta\/wp-content\/uploads\/sites\/30\/2022\/07\/m-1.jpg","id":782,"alt":"","source":"library"},"before_title":"Featured","button_text_2":"Learn More","link_2":{"url":"#","is_external":"","nofollow":"","custom_attributes":""},"subtitle":"featured","image":{"id":18158,"url":"https:\/\/motta.uix.store\/electronic\/wp-content\/uploads\/sites\/6\/2022\/09\/homev7-slider5.jpg","alt":"","source":"library"},"primary_button_text":"Explore Now","primary_button_link":{"url":"https:\/\/motta.uix.store\/electronic\/product\/galaxy-13-3-book-s-256gb-mercury-gray-wi-fi\/","is_external":"","nofollow":"","custom_attributes":""},"second_button_text":"Learn More","second_button_link":{"url":"https:\/\/motta.uix.store\/electronic\/product-category\/tvs-video\/tv-accessories\/","is_external":"","nofollow":"","custom_attributes":""}},{"title":"Blast past fast.","description":"The fastest chip ever in a smartphone","button_text":"Explore Now","banner_background_img":{"url":"","id":""},"banner_image":{"url":"http:\/\/localhost\/motta\/wp-content\/uploads\/sites\/30\/2022\/07\/m-2.jpg","id":813,"alt":"","source":"library"},"before_title":"Featured","button_text_2":"Learn More","link_2":{"url":"#","is_external":"","nofollow":"","custom_attributes":""},"_id":"21411d4","subtitle":"Featured","image":{"id":18159,"url":"https:\/\/motta.uix.store\/electronic\/wp-content\/uploads\/sites\/6\/2022\/09\/homev7-slider6.jpg","alt":"","source":"library"},"primary_button_text":"Explore Now","primary_button_link":{"url":"https:\/\/motta.uix.store\/electronic\/product\/apple-iphone-11-pro-max-space-gray-256-gb\/","is_external":"","nofollow":"","custom_attributes":""},"second_button_text":"Learn More","second_button_link":{"url":"https:\/\/motta.uix.store\/electronic\/product-category\/cell-phones\/cell-phone-accessories\/","is_external":"","nofollow":"","custom_attributes":""}}],"slides_height":{"unit":"px","size":320,"sizes":[]},"slides_height_mobile":{"unit":"px","size":488,"sizes":[]},"navigation":"dots","slides_layout_mobile":"center","slides_horizontal_position_mobile":"left","slides_vertical_position":"middle","slides_text_align_mobile":"center","title_typography_typography":"custom","title_typography_font_size":{"unit":"px","size":26,"sizes":[]},"title_typography_font_size_mobile":{"unit":"px","size":24,"sizes":[]},"title_typography_line_height":{"unit":"px","size":30,"sizes":[]},"title_spacing_mobile":{"unit":"px","size":6,"sizes":[]},"description_color":"#1D2128","description_typography_typography":"custom","description_typography_font_size_mobile":{"unit":"px","size":12,"sizes":[]},"description_typography_font_weight":"500","description_spacing_mobile":{"unit":"px","size":16,"sizes":[]},"button_2_color":"#1D2128","arrow_style_layout":"2","sliders_arrow_style":"yes","sliders_arrows_radius":{"unit":"px","top":"0","right":"2","bottom":"2","left":"0","isLinked":false},"sliders_dots_style":"yes","sliders_dots_offset_ver_mobile":{"unit":"px","size":5,"sizes":[]},"sliders_bgcolor_dots":"#02010100","_border_border":"solid","_border_width":{"unit":"px","top":"1","right":"1","bottom":"1","left":"1","isLinked":true},"_border_color":"#ECF0F4","navigation_tablet":"dots","navigation_mobile":"both","autoplay":"","sliders_arrows_size":{"unit":"px","size":20,"sizes":[]},"sliders_arrows_width":{"unit":"px","size":32,"sizes":[]},"sliders_arrows_height":{"unit":"px","size":60,"sizes":[]},"sliders_arrow_color":"#7C818B","sliders_arrow_bgcolor":"#ECF0F4","sliders_arrow_box_shadow_box_shadow_type":"yes","sliders_arrow_box_shadow_box_shadow":{"horizontal":0,"vertical":0,"blur":10,"spread":0,"color":"rgba(0, 0, 0, 0)"},"sliders_dots_offset_ver":{"unit":"px","size":12,"sizes":[]},"sliders_dots_spacing_mobile":{"unit":"px","size":0,"sizes":[]},"sliders_dots_align":"left","sliders_dots_align_tablet":"left","sliders_dots_align_mobile":"center","_border_radius":{"unit":"px","top":"2","right":"2","bottom":"2","left":"2","isLinked":true},"sliders_dots_horizontal_spacing":{"unit":"px","size":61,"sizes":[]},"image_custom_width":{"unit":"px","size":380,"sizes":[]},"image_custom_position_mobile":"bottom","sliders_dots_horizontal_spacing_mobile":{"unit":"%","size":50,"sizes":[]},"slides_content_width":{"unit":"px","size":325,"sizes":[]},"slides_content_padding":{"unit":"px","top":"40","right":"10","bottom":"40","left":"40","isLinked":false},"slides_content_padding_mobile":{"unit":"px","top":"25","right":"25","bottom":"25","left":"25","isLinked":true},"second_button_typography_typography":"custom","second_button_options":"yes","second_button_color":"#1D2128","subtitle_spacing":{"unit":"px","size":10,"sizes":[]},"arrows_icon":"thin","slides_text_align":"","subtitle_typography_typography":"custom"},"elements":[],"isInner":false,"widgetType":"motta-slides","elType":"widget"}],"isInner":false,"elType":"column"},{"id":"4ae90d60","settings":{"_column_size":33,"_inline_size":null,"_inline_size_tablet":100},"elements":[{"id":"3987512c","settings":{"image":{"id":18163,"url":"https:\/\/motta.uix.store\/electronic\/wp-content\/uploads\/sites\/6\/2022\/09\/homev7-dailydelas.jpg","alt":"","source":"library"},"title":"Daily Deals","description":"Today\u2019s featured deals and top tech.","button_text":"Shop Now","button_link_type":"only","countdown_date":"2022-07-07 12:00","background_position":"right center","background_size_tablet":"contain","height":{"unit":"px","size":320,"sizes":[]},"height_mobile":{"unit":"px","size":302,"sizes":[]},"before_title_spacing":{"unit":"px","size":13,"sizes":[]},"before_title_typography_typography":"custom","before_title_typography_font_size":{"unit":"px","size":10,"sizes":[]},"before_title_typography_font_weight":"700","before_title_typography_text_transform":"uppercase","before_title_color":"#D8125D","title_spacing":{"unit":"px","size":7,"sizes":[]},"title_typography_typography":"custom","title_typography_font_size":{"unit":"px","size":28,"sizes":[]},"title_typography_font_weight":"700","title_typography_line_height":{"unit":"px","size":32,"sizes":[]},"title_color":"#D8125D","desc_spacing":{"unit":"px","size":20,"sizes":[]},"desc_typography_typography":"custom","desc_typography_font_size":{"unit":"px","size":14,"sizes":[]},"desc_typography_font_weight":"500","desc_typography_line_height":{"unit":"px","size":16,"sizes":[]},"desc_color":"#D8125D","size":"medium","button_background_color":"#D8125D","countdown_position_x":{"unit":"%","size":65,"sizes":[]},"countdown_position_x_tablet":{"unit":"%","size":"","sizes":[]},"countdown_position_x_mobile":{"unit":"%","size":"","sizes":[]},"countdown_position_y":{"unit":"px","size":32,"sizes":[]},"countdown_bgcolor":"#D8125D","countdown_text":"Deal of the days","banner_spacing":{"unit":"px","top":"32","right":"48","bottom":"00","left":"48","isLinked":false},"section_countdown_flexible_items":"row","section_countdown_spacing":{"unit":"px","size":10,"sizes":[]},"countdown_text_color":"#D8125D","countdown_digits_size_font_size":{"unit":"px","size":10,"sizes":[]},"banner_spacing_mobile":{"unit":"px","top":"32","right":"32","bottom":"32","left":"32","isLinked":true},"banner_background_color":"#ECF0F4","primary_button_text":"Shop Now","primary_button_options":"yes","primary_button_background_color":"#D8125D","primary_button_link":{"url":"https:\/\/motta.uix.store\/electronic\/product-deals-of-the-day\/","is_external":"","nofollow":"","custom_attributes":""},"image_hover_effect":"","youtube_url":"https:\/\/www.youtube.com\/watch?v=XHOmBV4js_E","countdown_text_typography":"custom","countdown_divider_xy":{"unit":"px","top":"2","right":"0","bottom":0,"left":0,"isLinked":false},"border_radius_img":{"unit":"px","top":"2","right":"2","bottom":"2","left":"2","isLinked":true}},"elements":[],"isInner":false,"widgetType":"motta-banner","elType":"widget"}],"isInner":false,"elType":"column"}],"isInner":false,"elType":"section"},{"id":"3dc8ee4c","settings":[],"elements":[{"id":"5616282e","settings":{"_column_size":100,"_inline_size":null,"padding_mobile":{"unit":"px","top":"13","right":"16","bottom":"4","left":"16","isLinked":false}},"elements":[{"id":"7e37e748","settings":{"title":"Today's Popular Picks","button_text":"See All Products","link":{"url":"#","is_external":"","nofollow":"","custom_attributes":""},"title_size":"h4","typography_font_size_mobile":{"unit":"px","size":18,"sizes":[]},"typography_font_weight":"500","typography_line_height":{"unit":"px","size":20,"sizes":[]},"typography_line_height_mobile":{"unit":"px","size":20,"sizes":[]},"button_color":"#1D2128","_padding":{"unit":"px","top":"23","right":"0","bottom":"20","left":"0","isLinked":false},"_padding_mobile":{"unit":"px","top":"5","right":"0","bottom":"0","left":"0","isLinked":false},"button_text_mobile":"See All","primary_button_text":"See All Products","primary_mobile_button_text":"See All","primary_button_link":{"url":"https:\/\/motta.uix.store\/electronic\/shop\/","is_external":"","nofollow":"","custom_attributes":""},"size":"large","typography_typography":"custom"},"elements":[],"isInner":false,"widgetType":"motta-heading","elType":"widget"}],"isInner":false,"elType":"column"}],"isInner":false,"elType":"section"},{"id":"21e43d82","settings":{"margin":{"unit":"px","top":"0","right":0,"bottom":"24","left":0,"isLinked":false},"margin_mobile":{"unit":"px","top":"0","right":0,"bottom":"0","left":0,"isLinked":false}},"elements":[{"id":"b765a7c","settings":{"_column_size":100,"_inline_size":null},"elements":[{"id":"44fb3915","settings":{"navigation_tablet":"scrollbar","navigation_mobile":"scrollbar","autoplay":"","sliders_arrow_style":"yes","arrows_spacing":{"unit":"%","size":"","sizes":[]},"arrows_spacing_tablet":{"unit":"%","size":"","sizes":[]},"arrows_spacing_mobile":{"unit":"%","size":"","sizes":[]},"arrows_spacing_vertical":{"unit":"%","size":34,"sizes":[]},"arrows_spacing_vertical_tablet":{"unit":"%","size":"","sizes":[]},"arrows_spacing_vertical_mobile":{"unit":"%","size":"","sizes":[]},"scrollbar_spacing_mobile":{"unit":"px","size":24,"sizes":[]},"slides_to_show_tablet":"3","slides_to_scroll_tablet":3,"sliders_arrows_vertical_spacing":{"unit":"%","size":30,"sizes":[]},"sliders_arrows_vertical_spacing_tablet":{"unit":"%","size":"","sizes":[]},"sliders_arrows_vertical_spacing_mobile":{"unit":"%","size":"","sizes":[]},"category":[],"tag":["electric-5"],"product_item_padding":{"unit":"px","top":"0","right":"12","bottom":"0","left":"12","isLinked":false,"size":11},"product_item_padding_mobile":{"unit":"px","top":"0","right":"7","bottom":"0","left":"7","isLinked":false,"size":8},"content_button_padding":{"unit":"px","size":11,"sizes":[]},"content_button_padding_mobile":{"unit":"px","size":8,"sizes":[]},"product_padding":{"unit":"px","top":"15","right":"15","bottom":"15","left":"15","isLinked":true},"show_border":"yes","spaceBetween_mobile":{"unit":"px","size":7,"sizes":[]}},"elements":[],"isInner":false,"widgetType":"motta-products-carousel","elType":"widget"}],"isInner":false,"elType":"column"}],"isInner":false,"elType":"section"},{"id":"75a4d234","settings":{"padding_mobile":{"unit":"px","top":"5","right":"0","bottom":"5","left":"0","isLinked":false}},"elements":[{"id":"394f049e","settings":{"_column_size":100,"_inline_size":null},"elements":[{"id":"6c2f727f","settings":{"image":{"id":18164,"url":"https:\/\/motta.uix.store\/electronic\/wp-content\/uploads\/sites\/6\/2022\/09\/homev7-flexiblepayment.jpg","alt":"","source":"library"},"before_title":"flexible payment","title":"Shop now, Pay later, No fees","button_text":"Learn More","button_link_type":"only","content_spacing_mobile":{"unit":"px","top":"0","right":"0","bottom":"0","left":"0","isLinked":false},"slides_horizontal_position":"center","slides_vertical_position":"middle","slides_text_align":"center","border_radius_img":{"unit":"px","top":"180","right":"180","bottom":"180","left":"180","isLinked":true},"height":{"unit":"px","size":180,"sizes":[]},"height_mobile":{"unit":"px","size":60,"sizes":[]},"before_title_spacing":{"unit":"px","size":11,"sizes":[]},"before_title_spacing_mobile":{"unit":"px","size":0,"sizes":[]},"before_title_typography_typography":"custom","before_title_typography_font_size":{"unit":"px","size":11,"sizes":[]},"before_title_typography_font_size_mobile":{"unit":"px","size":0,"sizes":[]},"before_title_typography_font_weight":"700","before_title_typography_text_transform":"uppercase","before_title_typography_line_height":{"unit":"px","size":32,"sizes":[]},"before_title_typography_line_height_mobile":{"unit":"px","size":0,"sizes":[]},"before_title_color":"#11248F","title_spacing_mobile":{"unit":"px","size":0,"sizes":[]},"title_typography_typography":"custom","title_typography_font_size":{"unit":"px","size":34,"sizes":[]},"title_typography_font_size_mobile":{"unit":"px","size":16,"sizes":[]},"title_typography_font_weight":"700","title_typography_line_height":{"unit":"px","size":16,"sizes":[]},"title_typography_line_height_mobile":{"unit":"px","size":16,"sizes":[]},"title_color":"#11248F","desc_spacing_mobile":{"unit":"px","size":0,"sizes":[]},"desc_typography_typography":"custom","desc_typography_font_size_mobile":{"unit":"px","size":0,"sizes":[]},"desc_typography_line_height_mobile":{"unit":"px","size":0,"sizes":[]},"button_hide_on_mobile":"none","skin":"subtle","button_color":"#11248F","banner_vertical_position":"middle","banner_text_align":"center","primary_button_text":"Learn More","primary_button_skin":"subtle","primary_button_options":"yes","primary_button_color":"#11248F","primary_button_link":{"url":"https:\/\/motta.uix.store\/electronic\/shop\/","is_external":"","nofollow":"","custom_attributes":""},"image_hover_effect":"","youtube_url":"https:\/\/www.youtube.com\/watch?v=XHOmBV4js_E"},"elements":[],"isInner":false,"widgetType":"motta-banner","elType":"widget"}],"isInner":false,"elType":"column"}],"isInner":false,"elType":"section"},{"id":"e8bcd2b","settings":[],"elements":[{"id":"7e702734","settings":{"_column_size":100,"_inline_size":null,"padding_mobile":{"unit":"px","top":"13","right":"16","bottom":"4","left":"16","isLinked":false}},"elements":[{"id":"388b9fe5","settings":{"title":"New Arrivals","button_text":"See All Products","link":{"url":"#","is_external":"","nofollow":"","custom_attributes":""},"title_size":"h4","typography_font_size_mobile":{"unit":"px","size":18,"sizes":[]},"typography_font_weight":"500","typography_line_height":{"unit":"px","size":20,"sizes":[]},"typography_line_height_mobile":{"unit":"px","size":20,"sizes":[]},"button_color":"#1D2128","_padding":{"unit":"px","top":"22","right":"0","bottom":"20","left":"0","isLinked":false},"_padding_mobile":{"unit":"px","top":"0","right":"0","bottom":"0","left":"0","isLinked":false},"button_text_mobile":"See All","primary_button_text":"See All Products","primary_mobile_button_text":"See All","primary_button_link":{"url":"https:\/\/motta.uix.store\/electronic\/shop\/","is_external":"","nofollow":"","custom_attributes":""},"size":"large","typography_typography":"custom"},"elements":[],"isInner":false,"widgetType":"motta-heading","elType":"widget"}],"isInner":false,"elType":"column"}],"isInner":false,"elType":"section"},{"id":"2fc6803d","settings":{"border_width_tablet":{"unit":"px","top":"0","right":"0","bottom":"0","left":"0","isLinked":false},"border_width_mobile":{"unit":"px","top":"0","right":"0","bottom":"0","left":"0","isLinked":false},"border_color":"#ECF0F4","margin":{"unit":"px","top":"","right":0,"bottom":"","left":0,"isLinked":true},"margin_mobile":{"unit":"px","top":"0","right":0,"bottom":"0","left":0,"isLinked":false},"padding_tablet":{"unit":"px","top":"0","right":"0","bottom":"0","left":"0","isLinked":false}},"elements":[{"id":"6538a234","settings":{"_column_size":100,"_inline_size":null},"elements":[{"id":"68cb375b","settings":{"tag":["electric-6"],"slides_to_show_tablet":"3","slides_to_scroll_tablet":3,"navigation_tablet":"scrollbar","autoplay":"","show_border":"yes","product_item_padding":{"unit":"px","top":"0","right":"12","bottom":"0","left":"12","isLinked":false,"size":11},"product_item_padding_mobile":{"unit":"px","top":"0","right":"7","bottom":"0","left":"7","isLinked":false,"size":8},"sliders_arrow_style":"yes","sliders_arrows_vertical_spacing":{"unit":"%","size":30,"sizes":[]},"sliders_arrows_vertical_spacing_tablet":{"unit":"%","size":"","sizes":[]},"sliders_arrows_vertical_spacing_mobile":{"unit":"%","size":"","sizes":[]},"scrollbar_spacing_mobile":{"unit":"px","size":24,"sizes":[]},"content_button_padding":{"unit":"px","size":11,"sizes":[]},"content_button_padding_mobile":{"unit":"px","size":8,"sizes":[]},"navigation_mobile":"scrollbar","spaceBetween_mobile":{"unit":"px","size":7,"sizes":[]}},"elements":[],"isInner":false,"widgetType":"motta-products-carousel","elType":"widget"}],"isInner":false,"elType":"column"}],"isInner":false,"elType":"section"},{"id":"56a813cb","settings":{"hide_mobile":"hidden-mobile"},"elements":[{"id":"8a1b64","settings":{"_column_size":100,"_inline_size":null,"padding":{"unit":"px","top":"0","right":"16","bottom":"0","left":"16","isLinked":false}},"elements":[{"id":"65c4f12c","settings":{"text":"Divider","color":"#ECF0F4"},"elements":[],"isInner":false,"widgetType":"divider","elType":"widget"}],"isInner":false,"elType":"column"}],"isInner":false,"elType":"section"},{"id":"58df5a40","settings":[],"elements":[{"id":"6890e46a","settings":{"_column_size":100,"_inline_size":null,"padding_mobile":{"unit":"px","top":"10","right":"16","bottom":"4","left":"16","isLinked":false}},"elements":[{"id":"544cf86b","settings":{"title":"Our Featured Offers","button_text":"See All Offers","link":{"url":"#","is_external":"","nofollow":"","custom_attributes":""},"title_size":"h4","typography_font_size_mobile":{"unit":"px","size":18,"sizes":[]},"typography_font_weight":"500","typography_line_height":{"unit":"px","size":20,"sizes":[]},"typography_line_height_mobile":{"unit":"px","size":20,"sizes":[]},"button_color":"#1D2128","_padding":{"unit":"px","top":"21","right":"0","bottom":"0","left":"0","isLinked":false},"_padding_mobile":{"unit":"px","top":"5","right":"0","bottom":"0","left":"0","isLinked":false},"button_text_mobile":"See All","primary_button_text":"See All Offers","primary_mobile_button_text":"See All","primary_button_link":{"url":"https:\/\/motta.uix.store\/electronic\/shop\/","is_external":"","nofollow":"","custom_attributes":""},"size":"large","typography_typography":"custom"},"elements":[],"isInner":false,"widgetType":"motta-heading","elType":"widget"}],"isInner":false,"elType":"column"}],"isInner":false,"elType":"section"},{"id":"6a9fe36a","settings":{"structure":"40","border_width_tablet":{"unit":"px","top":"0","right":"0","bottom":"0","left":"0","isLinked":false},"border_width_mobile":{"unit":"px","top":"0","right":"0","bottom":"0","left":"0","isLinked":false},"border_color":"#ECF0F4","padding":{"unit":"px","top":"13","right":"0","bottom":"021","left":"0","isLinked":false},"padding_mobile":{"unit":"px","top":"0","right":"0","bottom":"0","left":"0","isLinked":false}},"elements":[{"id":"3d15faf5","settings":{"_column_size":25,"_inline_size":null,"_inline_size_tablet":50,"_inline_size_mobile":50,"padding_mobile":{"unit":"px","top":"16","right":"14","bottom":"16","left":"16","isLinked":false}},"elements":[{"id":"6aa9233d","settings":{"image":{"id":18165,"url":"https:\/\/motta.uix.store\/electronic\/wp-content\/uploads\/sites\/6\/2022\/09\/homev7-imagebox1.png","alt":"","source":"library"},"title":"Free $50 gift card with<br \/>\nXbox Series X pre-order.","button_text":"Shop Now","link":{"url":"#","is_external":"","nofollow":"","custom_attributes":""},"image_spacing":{"unit":"px","size":3,"sizes":[]},"title_typography_typography":"custom","title_typography_font_size":{"unit":"px","size":22,"sizes":[]},"title_typography_font_size_mobile":{"unit":"px","size":14,"sizes":[]},"title_typography_font_weight":"500","title_typography_line_height":{"unit":"px","size":28,"sizes":[]},"title_typography_line_height_mobile":{"unit":"px","size":20,"sizes":[]},"title_spacing":{"unit":"px","size":4,"sizes":[]},"button_color":"#1D2128","sale_text":"Free","sale_unit":"$50","sale_bgcolor":"#11248F","sale_text_typography_font_size":{"unit":"px","size":36,"sizes":[]},"sale_unit_typography_font_size":{"unit":"px","size":51,"sizes":[]},"primary_button_text":"Shop Now","primary_button_link":{"url":"https:\/\/motta.uix.store\/electronic\/product\/1tb-gaming-console-wireless-game-pad-black\/","is_external":"","nofollow":"","custom_attributes":""},"primary_button_options":"yes","primary_button_color":"#1D2128","primary_button_typography_typography":"custom"},"elements":[],"isInner":false,"widgetType":"motta-image-box","elType":"widget"}],"isInner":false,"elType":"column"},{"id":"af4b77b","settings":{"_column_size":25,"_inline_size":null,"_inline_size_tablet":50,"_inline_size_mobile":50,"padding_mobile":{"unit":"px","top":"16","right":"16","bottom":"16","left":"14","isLinked":false}},"elements":[{"id":"4f538b35","settings":{"image":{"id":18166,"url":"https:\/\/motta.uix.store\/electronic\/wp-content\/uploads\/sites\/6\/2022\/09\/homev7-imagebox2.png","alt":"","source":"library"},"title":"Save up to $200<br \/>\non Select Monitors","button_text":"Shop Now","link":{"url":"#","is_external":"","nofollow":"","custom_attributes":""},"image_spacing":{"unit":"px","size":3,"sizes":[]},"title_typography_typography":"custom","title_typography_font_size":{"unit":"px","size":22,"sizes":[]},"title_typography_font_size_mobile":{"unit":"px","size":14,"sizes":[]},"title_typography_font_weight":"500","title_typography_line_height":{"unit":"px","size":28,"sizes":[]},"title_typography_line_height_mobile":{"unit":"px","size":20,"sizes":[]},"title_spacing":{"unit":"px","size":4,"sizes":[]},"button_color":"#1D2128","primary_button_text":"Shop Now","primary_button_link":{"url":"https:\/\/motta.uix.store\/electronic\/product\/smart-keyboard-folio-for-12-9-english\/","is_external":"","nofollow":"","custom_attributes":""},"primary_button_options":"yes","primary_button_color":"#1D2128","sale_bgcolor":"#11248F","sale_text_typography_font_size":{"unit":"px","size":36,"sizes":[]},"sale_unit_typography_font_size":{"unit":"px","size":51,"sizes":[]},"primary_button_typography_typography":"custom"},"elements":[],"isInner":false,"widgetType":"motta-image-box","elType":"widget"}],"isInner":false,"elType":"column"},{"id":"5a579f0","settings":{"_column_size":25,"_inline_size":null,"_inline_size_tablet":50,"_inline_size_mobile":50,"padding_mobile":{"unit":"px","top":"0","right":"14","bottom":"16","left":"16","isLinked":false}},"elements":[{"id":"70bae20","settings":{"image":{"id":18167,"url":"https:\/\/motta.uix.store\/electronic\/wp-content\/uploads\/sites\/6\/2022\/09\/homev7-imagebox3.png","alt":"","source":"library"},"title":"Save 25% on select<br \/>\nGalaxy Z Fold3","button_text":"Shop Now","link":{"url":"#","is_external":"","nofollow":"","custom_attributes":""},"image_spacing":{"unit":"px","size":3,"sizes":[]},"title_typography_typography":"custom","title_typography_font_size":{"unit":"px","size":22,"sizes":[]},"title_typography_font_size_mobile":{"unit":"px","size":14,"sizes":[]},"title_typography_font_weight":"500","title_typography_line_height":{"unit":"px","size":28,"sizes":[]},"title_typography_line_height_mobile":{"unit":"px","size":20,"sizes":[]},"title_spacing":{"unit":"px","size":4,"sizes":[]},"button_color":"#1D2128","sale_text":"Save","sale_unit":"25%","primary_button_text":"Shop Now","primary_button_options":"yes","primary_button_color":"#1D2128","primary_button_link":{"url":"https:\/\/motta.uix.store\/electronic\/product\/samsung-galaxy-note10-512-gb\/","is_external":"","nofollow":"","custom_attributes":""},"primary_button_typography_typography":"custom","sale_bgcolor":"#11248F","sale_text_typography_font_size":{"unit":"px","size":36,"sizes":[]},"sale_unit_typography_font_size":{"unit":"px","size":51,"sizes":[]}},"elements":[],"isInner":false,"widgetType":"motta-image-box","elType":"widget"}],"isInner":false,"elType":"column"},{"id":"6235d862","settings":{"_column_size":25,"_inline_size":null,"_inline_size_tablet":50,"_inline_size_mobile":50,"padding_mobile":{"unit":"px","top":"0","right":"16","bottom":"16","left":"14","isLinked":false}},"elements":[{"id":"11dbacfa","settings":{"image":{"id":18168,"url":"https:\/\/motta.uix.store\/electronic\/wp-content\/uploads\/sites\/6\/2022\/09\/homev7-imagebox4.png","alt":"","source":"library"},"title":"Shop great deals on <br \/>\nMacBook, iPad, and more.","button_text":"Shop Now","link":{"url":"#","is_external":"","nofollow":"","custom_attributes":""},"image_spacing":{"unit":"px","size":3,"sizes":[]},"title_typography_typography":"custom","title_typography_font_size":{"unit":"px","size":22,"sizes":[]},"title_typography_font_size_mobile":{"unit":"px","size":14,"sizes":[]},"title_typography_font_weight":"500","title_typography_line_height":{"unit":"px","size":28,"sizes":[]},"title_typography_line_height_mobile":{"unit":"px","size":20,"sizes":[]},"title_spacing":{"unit":"px","size":4,"sizes":[]},"button_color":"#1D2128","primary_button_text":"Shop Now","primary_button_link":{"url":"https:\/\/motta.uix.store\/electronic\/product\/ipad-10-2-inch-wi-fi-cellular-128gb\/","is_external":"","nofollow":"","custom_attributes":""},"primary_button_options":"yes","primary_button_color":"#1D2128","sale_bgcolor":"#11248F","sale_text_typography_font_size":{"unit":"px","size":36,"sizes":[]},"sale_unit_typography_font_size":{"unit":"px","size":51,"sizes":[]},"primary_button_typography_typography":"custom"},"elements":[],"isInner":false,"widgetType":"motta-image-box","elType":"widget"}],"isInner":false,"elType":"column"}],"isInner":false,"elType":"section"},{"id":"285dcf7f","settings":{"hide_mobile":"hidden-mobile"},"elements":[{"id":"233a94e","settings":{"_column_size":100,"_inline_size":null,"padding":{"unit":"px","top":"0","right":"16","bottom":"0","left":"16","isLinked":false}},"elements":[{"id":"4f045dfe","settings":{"text":"Divider","color":"#ECF0F4"},"elements":[],"isInner":false,"widgetType":"divider","elType":"widget"}],"isInner":false,"elType":"column"}],"isInner":false,"elType":"section"},{"id":"36b9d60a","settings":[],"elements":[{"id":"3c1b4b2c","settings":{"_column_size":100,"_inline_size":null,"padding_mobile":{"unit":"px","top":"16","right":"16","bottom":"0","left":"16","isLinked":false}},"elements":[{"id":"3865bade","settings":{"title":"Trending Brands","button_text":"See All Brands","link":{"url":"#","is_external":"","nofollow":"","custom_attributes":""},"title_size":"h4","typography_font_size_mobile":{"unit":"px","size":18,"sizes":[]},"typography_font_weight":"500","typography_line_height":{"unit":"px","size":20,"sizes":[]},"typography_line_height_mobile":{"unit":"px","size":20,"sizes":[]},"button_color":"#1D2128","_padding":{"unit":"px","top":"021","right":"0","bottom":"0","left":"0","isLinked":false},"_padding_mobile":{"unit":"px","top":"13","right":"0","bottom":"0","left":"0","isLinked":false},"button_text_mobile":"See All","primary_button_text":"See All Brands","primary_mobile_button_text":"See All","primary_button_link":{"url":"https:\/\/motta.uix.store\/electronic\/brand\/","is_external":"","nofollow":"","custom_attributes":""},"size":"large","typography_typography":"custom"},"elements":[],"isInner":false,"widgetType":"motta-heading","elType":"widget"}],"isInner":false,"elType":"column"}],"isInner":false,"elType":"section"},{"id":"7ebab58c","settings":{"margin":{"unit":"px","top":"-15","right":0,"bottom":"20","left":0,"isLinked":false},"margin_mobile":{"unit":"px","top":"0","right":0,"bottom":"0","left":0,"isLinked":true}},"elements":[{"id":"14f32eb","settings":{"_column_size":100,"_inline_size":null},"elements":[{"id":"5d444105","settings":{"horizontal_scrollable_tablet":"yes","horizontal_scrollable_mobile":"yes","columns":8,"columns_tablet":5.5,"columns_mobile":3.5,"image_box":[{"_id":"38eba93","image":{"url":"https:\/\/motta.uix.store\/electronic\/wp-content\/uploads\/sites\/6\/2022\/09\/homev6-samsung.png","id":18145,"alt":"","source":"library"},"title":"","link":{"url":"https:\/\/motta.uix.store\/electronic\/product-brand\/samsung\/","is_external":"","nofollow":"","custom_attributes":""}},{"_id":"e15f740","image":{"url":"https:\/\/motta.uix.store\/electronic\/wp-content\/uploads\/sites\/6\/2022\/09\/homev6-lenovo.png","id":18143,"alt":"","source":"library"},"title":"","link":{"url":"https:\/\/motta.uix.store\/electronic\/product-brand\/lenovo\/","is_external":"","nofollow":"","custom_attributes":""}},{"image":{"url":"https:\/\/motta.uix.store\/electronic\/wp-content\/uploads\/sites\/6\/2022\/09\/homev6-apple.png","id":18140,"alt":"","source":"library"},"title":"","_id":"9a47906","link":{"url":"https:\/\/motta.uix.store\/electronic\/product-brand\/apple\/","is_external":"","nofollow":"","custom_attributes":""}},{"image":{"url":"https:\/\/motta.uix.store\/electronic\/wp-content\/uploads\/sites\/6\/2022\/09\/homev6-sony.png","id":18146,"alt":"","source":"library"},"title":"","_id":"e58b5a1","link":{"url":"https:\/\/motta.uix.store\/electronic\/product-brand\/sony\/","is_external":"","nofollow":"","custom_attributes":""}},{"image":{"url":"https:\/\/motta.uix.store\/electronic\/wp-content\/uploads\/sites\/6\/2022\/09\/homev6-intel.png","id":18142,"alt":"","source":"library"},"title":"","_id":"4ee178f","link":{"url":"https:\/\/motta.uix.store\/electronic\/product-brand\/intel\/","is_external":"","nofollow":"","custom_attributes":""}},{"image":{"url":"https:\/\/motta.uix.store\/electronic\/wp-content\/uploads\/sites\/6\/2022\/09\/homev6-asus.png","id":18141,"alt":"","source":"library"},"title":"","_id":"9641e0c","link":{"url":"https:\/\/motta.uix.store\/electronic\/product-brand\/asus\/","is_external":"","nofollow":"","custom_attributes":""}},{"image":{"url":"https:\/\/motta.uix.store\/electronic\/wp-content\/uploads\/sites\/6\/2022\/09\/homev6-acer.png","id":18139,"alt":"","source":"library"},"title":"","_id":"a084b00","link":{"url":"https:\/\/motta.uix.store\/electronic\/product-brand\/acer\/","is_external":"","nofollow":"","custom_attributes":""}},{"image":{"url":"https:\/\/motta.uix.store\/electronic\/wp-content\/uploads\/sites\/6\/2022\/09\/homev6-lg.png","id":18144,"alt":"","source":"library"},"title":"","_id":"313d0d4","link":{"url":"https:\/\/motta.uix.store\/electronic\/product-brand\/lg\/","is_external":"","nofollow":"","custom_attributes":""}}],"item_spacing":{"unit":"px","top":"05","right":"10","bottom":"05","left":"10","isLinked":false}},"elements":[],"isInner":false,"widgetType":"motta-image-box-grid","elType":"widget"}],"isInner":false,"elType":"column"}],"isInner":false,"elType":"section"}],"page_settings":{"footer_mobile_layout":"3024","motta_hide_header_section":"default","motta_hide_topbar":"default","motta_hide_campain_bar":"default","header_layout":"v7","motta_hide_page_header":"1","motta_content_top_spacing":"no","motta_content_top_padding":{"unit":"px","size":"63","sizes":[]},"motta_content_bottom_spacing":"no","motta_content_bottom_padding":{"unit":"px","size":"63","sizes":[]},"motta_hide_footer_section":"default","footer_layout":"4015","motta_page_header_display":"none","motta_hide_header_border":"1"},"version":"0.4","title":"home-v6","type":"page"}