{"content":[{"id":"17b9d816","settings":{"content_width":{"unit":"px","size":1268,"sizes":[]},"gap":"no","stretch_section":"section-stretched","margin":{"unit":"px","top":"0","right":0,"bottom":"14","left":0,"isLinked":false},"margin_mobile":{"unit":"px","top":"0","right":0,"bottom":"0","left":0,"isLinked":true}},"elements":[{"id":"47fb3f81","settings":{"_column_size":100,"_inline_size":null},"elements":[{"id":"4fb9b60c","settings":{"slides":[{"title":"Uniquely<br class=\"hidden-xs\" \/> yours.","description":"The best of Google,<br class=\"hidden-xs\" \/>\nbuilt around you","button_text":"Shop Now","_id":"7b92cb6","image":{"id":20170,"url":"https:\/\/motta.uix.store\/electronic\/wp-content\/uploads\/sites\/6\/2023\/03\/homev10-slide1.jpg","alt":"","source":"library","size":""},"banner_background_img":{"url":"","id":"","alt":"","source":"library","size":""},"background_color":"#1A3335","subtitle_type":"image","subtitle_image":{"id":20167,"url":"https:\/\/motta.uix.store\/electronic\/wp-content\/uploads\/sites\/6\/2023\/03\/homev10-sliderlogo01.png","alt":"","source":"library","size":""},"image_background_size":"cover","custom_style":"yes","title_custom_color":"#E3EED6","content_custom_color":"#E3EED6","btn_custom_bgcolor":"#E3EED6","btn_custom_color":"#111111","primary_button_text":"Shop Now","custom_button_options":"yes","custom_button_background_color":"#E3EED6","custom_button_color":"#111111","primary_button_link":{"url":"https:\/\/motta.uix.store\/electronic\/product\/moto-g-power-cell-phone-with-64gb-memory\/","is_external":"","nofollow":"","custom_attributes":""}},{"title":"Hero 10<br class=\"hidden-xs\" \/> Black","description":"Deal of the Year.<br class=\"hidden-xs\" \/>\nLimited Time Only.","button_text":"Shop Now","image":{"id":20171,"url":"https:\/\/motta.uix.store\/electronic\/wp-content\/uploads\/sites\/6\/2023\/03\/homev10-slide2.jpg","alt":"","source":"library","size":""},"banner_background_img":{"url":"","id":""},"background_color":"#151515","subtitle_type":"image","subtitle_image":{"id":20168,"url":"https:\/\/motta.uix.store\/electronic\/wp-content\/uploads\/sites\/6\/2023\/03\/homev10-sliderlogo02.png","alt":"","source":"library","size":""},"image_background_size":"cover","custom_style":"yes","title_custom_color":"#0EA3E8","content_custom_color":"#0EA3E8","btn_custom_bgcolor":"#FFFFFF","btn_custom_color":"#0EA3E8","_id":"dd2d094","primary_button_text":"Shop Now","custom_button_options":"yes","custom_button_background_color":"#FFFFFF","custom_button_color":"#0EA3E8","primary_button_link":{"url":"https:\/\/motta.uix.store\/electronic\/product\/joby-griptight-pro-telepod-tripod\/","is_external":"","nofollow":"","custom_attributes":""}},{"title":"Mega power.<br class=\"hidden-xs\" \/> Mini sized.","description":"All-screen design.<br class=\"hidden-xs\" \/> Stunning all around.","button_text":"Shop Now","image":{"id":20172,"url":"https:\/\/motta.uix.store\/electronic\/wp-content\/uploads\/sites\/6\/2023\/03\/homev10-slide3.jpg","alt":"","source":"library","size":""},"banner_background_img":{"url":"","id":""},"background_color":"#271640","subtitle_type":"image","subtitle_image":{"id":20169,"url":"https:\/\/motta.uix.store\/electronic\/wp-content\/uploads\/sites\/6\/2023\/03\/homev10-sliderlogo03.png","alt":"","source":"library","size":""},"image_background_size":"cover","custom_style":"yes","title_custom_color":"#F543FC","content_custom_color":"#F543FC","btn_custom_bgcolor":"#FFFFFF","btn_custom_color":"#271640","_id":"82cafeb","primary_button_text":"Shop Now","custom_button_options":"yes","custom_button_background_color":"#FFFFFF","custom_button_color":"#111111","primary_button_link":{"url":"https:\/\/motta.uix.store\/electronic\/product\/ipad-10-2-inch-wi-fi-cellular-128gb\/","is_external":"","nofollow":"","custom_attributes":""}}],"slides_height":{"unit":"px","size":480,"sizes":[]},"slides_height_mobile":{"unit":"px","size":520,"sizes":[]},"navigation":"both","navigation_mobile":"dots","autoplay":"","slides_width":{"unit":"%","size":"","sizes":[]},"slides_padding_mobile":{"unit":"px","top":"0","right":"0","bottom":"0","left":"0","isLinked":false},"slides_radius":{"unit":"px","top":"0","right":"0","bottom":"8","left":"8","isLinked":false},"slides_vertical_position":"middle","slides_text_align":"center","subtitle_spacing":{"unit":"px","size":18,"sizes":[]},"subtitle_spacing_mobile":{"unit":"px","size":7,"sizes":[]},"title_typography_typography":"custom","title_typography_font_size":{"unit":"px","size":34,"sizes":[]},"title_typography_font_size_mobile":{"unit":"px","size":28,"sizes":[]},"title_typography_font_weight":"700","title_typography_line_height":{"unit":"px","size":40,"sizes":[]},"title_spacing_mobile":{"unit":"px","size":6,"sizes":[]},"description_typography_typography":"custom","description_typography_font_size":{"unit":"px","size":16,"sizes":[]},"description_typography_font_size_mobile":{"unit":"px","size":14,"sizes":[]},"description_typography_font_weight":"500","description_typography_line_height":{"unit":"px","size":24,"sizes":[]},"description_spacing_mobile":{"unit":"px","size":8,"sizes":[]},"skin":"base","shape":"round","btn_padding":{"unit":"px","top":"0","right":"33","bottom":"0","left":"33","isLinked":false},"btn_padding_mobile":{"unit":"px","top":"0","right":"0","bottom":"0","left":"0","isLinked":false},"image_custom_width":{"unit":"%","size":50,"sizes":[]},"image_custom_width_tablet":{"unit":"%","size":"","sizes":[]},"image_custom_height_tablet":{"unit":"%","size":"","sizes":[]},"image_custom_height_mobile":{"unit":"%","size":"","sizes":[]},"arrows_icon":"thin","sliders_arrow_style":"yes","sliders_arrows_width":{"unit":"px","size":32,"sizes":[]},"sliders_arrows_height":{"unit":"px","size":60,"sizes":[]},"sliders_arrows_radius":{"unit":"px","top":"8","right":"8","bottom":"8","left":"8","isLinked":true},"sliders_arrows_horizontal_spacing":{"unit":"px","size":24,"sizes":[]},"sliders_dots_bg_overlay":"yes","slides_radius_mobile":{"unit":"px","top":"0","right":"0","bottom":"0","left":"0","isLinked":false},"slides_content_width":{"unit":"%","size":50,"sizes":[]},"slides_content_width_tablet":{"unit":"%","size":"","sizes":[]},"slides_content_width_mobile":{"unit":"%","size":100,"sizes":[]},"slides_content_padding_mobile":{"unit":"px","top":"27","right":"0","bottom":"0","left":"0","isLinked":false},"primary_button_shape":"round","sliders_arrows_size":{"unit":"px","size":20,"sizes":[]},"primary_button_typography_typography":"custom","primary_button_typography_font_size_mobile":{"unit":"px","size":12,"sizes":[]},"primary_button_options":"yes","primary_button_width_mobile":{"unit":"px","size":92,"sizes":[]},"primary_button_height_mobile":{"unit":"px","size":32,"sizes":[]},"primary_button_typography_font_weight":"500"},"elements":[],"isInner":false,"widgetType":"motta-slides","elType":"widget"}],"isInner":false,"elType":"column"}],"isInner":false,"elType":"section"},{"id":"5db0f939","settings":{"structure":"30"},"elements":[{"id":"11625f15","settings":{"_column_size":33,"_inline_size":3,"hide_tablet":"hidden-tablet","hide_mobile":"hidden-mobile"},"elements":[],"isInner":false,"elType":"column"},{"id":"25f4a651","settings":{"_column_size":33,"_inline_size":93.332,"_inline_size_tablet":100,"padding_mobile":{"unit":"px","top":"012","right":"0","bottom":"012","left":"10","isLinked":false}},"elements":[{"id":"3afbab16","settings":{"columns":7,"image_box":[{"_id":"7488777","image":{"id":20174,"url":"https:\/\/motta.uix.store\/electronic\/wp-content\/uploads\/sites\/6\/2023\/03\/homev10-cell-phones.png","alt":"","source":"library","size":""},"title":"Cell Phones","link":{"url":"https:\/\/motta.uix.store\/electronic\/product-category\/cell-phones\/","is_external":"","nofollow":"","custom_attributes":""}},{"image":{"id":20178,"url":"https:\/\/motta.uix.store\/electronic\/wp-content\/uploads\/sites\/6\/2023\/03\/homev10-ipads-tablets.png","alt":"","source":"library","size":""},"title":"iPads & Tablets","link":{"url":"https:\/\/motta.uix.store\/electronic\/product-category\/ipads-tablets\/","is_external":"","nofollow":"","custom_attributes":""},"_id":"0e4443b"},{"image":{"id":20176,"url":"https:\/\/motta.uix.store\/electronic\/wp-content\/uploads\/sites\/6\/2023\/03\/homev10-gaming.png","alt":"","source":"library","size":""},"title":"Gaming","link":{"url":"https:\/\/motta.uix.store\/electronic\/product-category\/laptops-computers\/pc-gaming\/","is_external":"","nofollow":"","custom_attributes":""},"_id":"478a5f3"},{"image":{"id":20177,"url":"https:\/\/motta.uix.store\/electronic\/wp-content\/uploads\/sites\/6\/2023\/03\/homev10-headphones.png","alt":"","source":"library","size":""},"title":"Headphones","link":{"url":"https:\/\/motta.uix.store\/electronic\/product-category\/headphones\/","is_external":"","nofollow":"","custom_attributes":""},"_id":"5ccbf47"},{"image":{"id":20179,"url":"https:\/\/motta.uix.store\/electronic\/wp-content\/uploads\/sites\/6\/2023\/03\/homev10-laptops.png","alt":"","source":"library","size":""},"title":"Laptops","link":{"url":"https:\/\/motta.uix.store\/electronic\/product-category\/laptops-computers\/","is_external":"","nofollow":"","custom_attributes":""},"_id":"7dc4751"},{"image":{"id":20173,"url":"https:\/\/motta.uix.store\/electronic\/wp-content\/uploads\/sites\/6\/2023\/03\/homev10-cameras.png","alt":"","source":"library","size":""},"title":"Cameras","link":{"url":"https:\/\/motta.uix.store\/electronic\/product-category\/cameras\/","is_external":"","nofollow":"","custom_attributes":""},"_id":"043ee8d"},{"image":{"id":20175,"url":"https:\/\/motta.uix.store\/electronic\/wp-content\/uploads\/sites\/6\/2023\/03\/homev10-drones.png","alt":"","source":"library","size":""},"title":"Drones","link":{"url":"https:\/\/motta.uix.store\/electronic\/product-category\/cameras\/drones\/","is_external":"","nofollow":"","custom_attributes":""},"_id":"81dd18d"}],"title_typography_typography":"custom","title_typography_font_size":{"unit":"px","size":18,"sizes":[]},"title_typography_font_weight":"500","title_typography_line_height":{"unit":"px","size":28,"sizes":[]},"horizontal_scrollable_tablet":"yes","horizontal_scrollable_mobile":"yes","columns_tablet":4.5,"columns_mobile":3.5,"item_spacing":{"unit":"px","top":"22","right":"15","bottom":"16","left":"15","isLinked":false},"item_spacing_mobile":{"unit":"px","top":"13","right":"0","bottom":"0","left":"0","isLinked":false},"image_spacing":{"unit":"px","size":3,"sizes":[]},"image_spacing_mobile":{"unit":"px","size":8,"sizes":[]},"title_typography_font_size_mobile":{"unit":"px","size":14,"sizes":[]},"image_width_mobile":{"unit":"px","size":75,"sizes":[]},"title_ellipsis":"yes"},"elements":[],"isInner":false,"widgetType":"motta-image-box-grid","elType":"widget"}],"isInner":false,"elType":"column"},{"id":"63118da3","settings":{"_column_size":33,"_inline_size":3,"hide_tablet":"hidden-tablet","hide_mobile":"hidden-mobile"},"elements":[],"isInner":false,"elType":"column"}],"isInner":false,"elType":"section"},{"id":"227ad291","settings":[],"elements":[{"id":"63311452","settings":{"_column_size":100,"_inline_size":null},"elements":[{"id":"ef35183","settings":{"icon_type":"image","icon":{"value":"","library":""},"title":"","description":"","button":"See the Deals","position":"left","position_mobile":"top","alignment":"center","alignment_mobile":"center","content_padding":{"unit":"px","top":"16","right":"0","bottom":"15","left":"0","isLinked":false},"button_color":"#FFFFFF","button_typography_typography":"custom","button_typography_font_size":{"unit":"px","size":12,"sizes":[]},"button_typography_font_weight":"500","button_underline":"show","icon_spacing":{"unit":"px","size":30,"sizes":[]},"icon_spacing_mobile":{"unit":"px","size":6,"sizes":[]},"icon_size":{"unit":"px","size":221,"sizes":[]},"_background_background":"classic","_background_color":"#1D2128","_border_radius":{"unit":"px","top":"8","right":"8","bottom":"8","left":"8","isLinked":true},"primary_button_text":"See the Deals","primary_button_link":{"url":"https:\/\/motta.uix.store\/electronic\/flash-deals\/","is_external":"","nofollow":"","custom_attributes":""},"primary_button_options":"yes","primary_button_color":"#FFFFFF","image":{"url":"https:\/\/motta.uix.store\/electronic\/wp-content\/uploads\/sites\/6\/2023\/03\/homev10-cwd.png","id":20180,"alt":"","source":"library","size":""},"primary_button_padding":{"unit":"px","top":"6","right":"0","bottom":"0","left":"0","isLinked":false},"button_spacing":{"unit":"px","size":0,"sizes":[]},"icon_spacing_top":{"unit":"px","size":0,"sizes":[]}},"elements":[],"isInner":false,"widgetType":"motta-icon-box","elType":"widget"}],"isInner":false,"elType":"column"}],"isInner":false,"elType":"section"},{"id":"4eb029f6","settings":{"border_border":"solid","border_width":{"unit":"px","top":"0","right":"0","bottom":"0","left":"0","isLinked":false},"border_width_mobile":{"unit":"px","top":"4","right":"0","bottom":"0","left":"0","isLinked":false},"border_color":"#ECF0F4","margin":{"unit":"px","top":"","right":0,"bottom":"","left":0,"isLinked":true},"margin_mobile":{"unit":"px","top":"20","right":0,"bottom":"0","left":0,"isLinked":false},"padding_mobile":{"unit":"px","top":"9","right":"0","bottom":"0","left":"0","isLinked":false},"padding":{"unit":"px","top":"24","right":"0","bottom":"0","left":"0","isLinked":false}},"elements":[{"id":"6945610d","settings":{"_column_size":100,"_inline_size":null},"elements":[{"id":"4a2f70d0","settings":{"title":"Today's Popular Picks","button_text":"See All Products","button_text_mobile":"See All","link":{"url":"#","is_external":"","nofollow":"","custom_attributes":""},"title_size":"div","typography_font_size":{"unit":"px","size":24,"sizes":[]},"typography_font_size_mobile":{"unit":"px","size":18,"sizes":[]},"typography_font_weight":"500","typography_line_height":{"unit":"px","size":22,"sizes":[]},"primary_button_text":"See All Products","primary_button_options":"yes","primary_button_color":"#1D2128","primary_mobile_button_text":"See All","primary_mobile_button_options":"yes","primary_mobile_button_color":"#1D2128","_padding":{"unit":"px","top":"0","right":"0","bottom":"25","left":"0","isLinked":false},"primary_button_link":{"url":"https:\/\/motta.uix.store\/electronic\/shop\/","is_external":"","nofollow":"","custom_attributes":""},"size":"large","typography_typography":"custom","primary_button_typography_typography":"custom"},"elements":[],"isInner":false,"widgetType":"motta-heading","elType":"widget"},{"id":"3ba17728","settings":{"hide_category":"none","hide_attributes":"none","slides_to_show":"6","navigation_mobile":"scrollbar","autoplay":"","scrollbar_spacing_mobile":{"unit":"px","size":0,"sizes":[]},"slides_to_show_tablet":"3","slides_to_scroll_tablet":3,"_padding":{"unit":"px","top":"0","right":"0","bottom":"30","left":"0","isLinked":false},"_padding_mobile":{"unit":"px","top":"0","right":"0","bottom":"0","left":"0","isLinked":true},"_border_border":"solid","_border_width":{"unit":"px","top":"0","right":"0","bottom":"1","left":"0","isLinked":false},"_border_width_mobile":{"unit":"px","top":"0","right":"0","bottom":"0","left":"0","isLinked":true},"_border_color":"#ECF0F4","tag":["electric-12"],"sliders_arrows_horizontal_spacing_tablet":{"unit":"px","size":0,"sizes":[]},"sliders_arrows_vertical_spacing":{"unit":"px","size":133,"sizes":[]},"sliders_arrows_vertical_spacing_tablet":{"unit":"px","size":150,"sizes":[]},"sliders_arrows_vertical_spacing_mobile":{"unit":"%","size":"","sizes":[]}},"elements":[],"isInner":false,"widgetType":"motta-products-carousel","elType":"widget"}],"isInner":false,"elType":"column"}],"isInner":false,"elType":"section"},{"id":"78d14986","settings":{"border_width":{"unit":"px","top":"0","right":"0","bottom":"0","left":"0","isLinked":false},"border_width_mobile":{"unit":"px","top":"4","right":"0","bottom":"0","left":"0","isLinked":false},"border_color":"#ECF0F4","margin":{"unit":"px","top":"","right":0,"bottom":"","left":0,"isLinked":true},"margin_mobile":{"unit":"px","top":"9","right":0,"bottom":"0","left":0,"isLinked":false},"padding_mobile":{"unit":"px","top":"18","right":"0","bottom":"0","left":"0","isLinked":false},"padding":{"unit":"px","top":"22","right":"0","bottom":"0","left":"0","isLinked":false},"border_border":"solid"},"elements":[{"id":"6108a6f3","settings":{"_column_size":100,"_inline_size":null},"elements":[{"id":"45cb1d5c","settings":{"title":"Our Featured Offers","button_text":"See All","link":{"url":"#","is_external":"","nofollow":"","custom_attributes":""},"title_size":"div","typography_font_size":{"unit":"px","size":24,"sizes":[]},"typography_font_size_mobile":{"unit":"px","size":18,"sizes":[]},"typography_font_weight":"500","typography_line_height":{"unit":"px","size":20,"sizes":[]},"primary_button_text":"See All","primary_button_options":"yes","primary_button_color":"#1D2128","primary_mobile_button_options":"yes","primary_mobile_button_color":"#1D2128","primary_button_link":{"url":"https:\/\/motta.uix.store\/electronic\/product-deals-of-the-day\/","is_external":"","nofollow":"","custom_attributes":""},"size":"large","typography_typography":"custom"},"elements":[],"isInner":false,"widgetType":"motta-heading","elType":"widget"}],"isInner":false,"elType":"column"}],"isInner":false,"elType":"section"},{"id":"5fc50c92","settings":{"tablet_column_alignment":"column_xs","mobile_column_alignment":"column_md","structure":"30","margin":{"unit":"px","top":"0","right":0,"bottom":"30","left":0,"isLinked":false},"margin_mobile":{"unit":"px","top":"0","right":0,"bottom":"19","left":0,"isLinked":false}},"elements":[{"id":"3fb1c416","settings":{"_column_size":33,"_inline_size":null},"elements":[{"id":"48eeb05e","settings":{"image":{"id":20183,"url":"https:\/\/motta.uix.store\/electronic\/wp-content\/uploads\/sites\/6\/2023\/03\/homev10-xbox.jpg","alt":"","source":"library","size":""},"title":"Xbox Cyber Week Sale","description":"Save up to 50% on select Xbox games","link":{"url":"#","is_external":"","nofollow":"","custom_attributes":""},"image_border_radius":{"unit":"px","size":8,"sizes":[]},"image_spacing":{"unit":"px","size":11,"sizes":[]},"image_spacing_mobile":{"unit":"px","size":7,"sizes":[]},"title_typography_typography":"custom","title_typography_font_size":{"unit":"px","size":18,"sizes":[]},"title_typography_font_size_mobile":{"unit":"px","size":16,"sizes":[]},"title_typography_font_weight":"700","title_typography_line_height":{"unit":"px","size":40,"sizes":[]},"title_typography_line_height_mobile":{"unit":"px","size":28,"sizes":[]},"title_spacing":{"unit":"px","size":0,"sizes":[]},"description_typography_typography":"custom","description_typography_font_size":{"unit":"px","size":14,"sizes":[]},"description_typography_font_size_mobile":{"unit":"px","size":12,"sizes":[]},"description_typography_line_height":{"unit":"px","size":18,"sizes":[]},"primary_button_link":{"url":"https:\/\/motta.uix.store\/electronic\/product\/wireless-controller-gray-blue-wl3-00105\/","is_external":"","nofollow":"","custom_attributes":""},"sale_position_x":{"unit":"px","size":94,"sizes":[]},"sale_text_typography_typography":"custom","sale_text_typography_font_style":"italic"},"elements":[],"isInner":false,"widgetType":"motta-image-box","elType":"widget"}],"isInner":false,"elType":"column"},{"id":"3296eca9","settings":{"_column_size":33,"_inline_size":null},"elements":[{"id":"19a90b49","settings":{"image":{"id":20181,"url":"https:\/\/motta.uix.store\/electronic\/wp-content\/uploads\/sites\/6\/2023\/03\/homev10-smarttag.jpg","alt":"","source":"library","size":""},"title":"Samsung Galaxy SmartTag+","description":"Save up to 25% off. Limited time only.","link":{"url":"#","is_external":"","nofollow":"","custom_attributes":""},"image_border_radius":{"unit":"px","size":8,"sizes":[]},"image_spacing":{"unit":"px","size":11,"sizes":[]},"image_spacing_mobile":{"unit":"px","size":7,"sizes":[]},"title_typography_typography":"custom","title_typography_font_size":{"unit":"px","size":18,"sizes":[]},"title_typography_font_size_mobile":{"unit":"px","size":16,"sizes":[]},"title_typography_font_weight":"700","title_typography_line_height":{"unit":"px","size":40,"sizes":[]},"title_typography_line_height_mobile":{"unit":"px","size":28,"sizes":[]},"title_spacing":{"unit":"px","size":0,"sizes":[]},"description_typography_typography":"custom","description_typography_font_size":{"unit":"px","size":14,"sizes":[]},"description_typography_font_size_mobile":{"unit":"px","size":12,"sizes":[]},"description_typography_line_height":{"unit":"px","size":18,"sizes":[]},"primary_button_link":{"url":"https:\/\/motta.uix.store\/electronic\/product-brand\/samsung\/","is_external":"","nofollow":"","custom_attributes":""},"sale_position_x":{"unit":"px","size":94,"sizes":[]},"sale_text_typography_typography":"custom","sale_text_typography_font_style":"italic"},"elements":[],"isInner":false,"widgetType":"motta-image-box","elType":"widget"}],"isInner":false,"elType":"column"},{"id":"61cbc0eb","settings":{"_column_size":33,"_inline_size":null},"elements":[{"id":"38b73491","settings":{"image":{"id":20182,"url":"https:\/\/motta.uix.store\/electronic\/wp-content\/uploads\/sites\/6\/2023\/03\/homev10-workfrom.jpg","alt":"","source":"library","size":""},"title":"Work From Anywhere Bundle","description":"Up to 30% off PC Accessories","link":{"url":"#","is_external":"","nofollow":"","custom_attributes":""},"image_border_radius":{"unit":"px","size":8,"sizes":[]},"image_spacing":{"unit":"px","size":11,"sizes":[]},"image_spacing_mobile":{"unit":"px","size":7,"sizes":[]},"title_typography_typography":"custom","title_typography_font_size":{"unit":"px","size":18,"sizes":[]},"title_typography_font_size_mobile":{"unit":"px","size":16,"sizes":[]},"title_typography_font_weight":"700","title_typography_line_height":{"unit":"px","size":40,"sizes":[]},"title_typography_line_height_mobile":{"unit":"px","size":28,"sizes":[]},"title_spacing":{"unit":"px","size":0,"sizes":[]},"description_typography_typography":"custom","description_typography_font_size":{"unit":"px","size":14,"sizes":[]},"description_typography_font_size_mobile":{"unit":"px","size":12,"sizes":[]},"description_typography_line_height":{"unit":"px","size":18,"sizes":[]},"primary_button_link":{"url":"https:\/\/motta.uix.store\/electronic\/product-category\/ipads-tablets\/accessories-ipads-tablets\/","is_external":"","nofollow":"","custom_attributes":""},"sale_position_x":{"unit":"px","size":94,"sizes":[]},"sale_text_typography_typography":"custom","sale_text_typography_font_style":"italic"},"elements":[],"isInner":false,"widgetType":"motta-image-box","elType":"widget"}],"isInner":false,"elType":"column"}],"isInner":false,"elType":"section"},{"id":"23c033dc","settings":{"content_width":{"unit":"px","size":1278,"sizes":[]},"gap":"no","stretch_section":"section-stretched"},"elements":[{"id":"b10adb3","settings":{"_column_size":100,"_inline_size":null},"elements":[{"id":"242a670","settings":{"layout":"full_width","structure":"30","background_background":"classic","background_color":"#ECF0F4","border_radius":{"unit":"px","top":"8","right":"8","bottom":"8","left":"8","isLinked":true},"padding":{"unit":"px","top":"32","right":"0","bottom":"32","left":"0","isLinked":false},"padding_mobile":{"unit":"px","top":"16","right":"0","bottom":"20","left":"0","isLinked":false}},"elements":[{"id":"614bdde6","settings":{"_column_size":33,"_inline_size":4,"background_background":"classic","hide_tablet":"hidden-tablet","hide_mobile":"hidden-mobile"},"elements":[],"isInner":true,"elType":"column"},{"id":"65923239","settings":{"_column_size":33,"_inline_size":91.332,"_inline_size_tablet":100,"background_background":"classic"},"elements":[{"id":"74cfe7d4","settings":{"heading_block":"yes","title_type":"svg","title_icon":{"value":{"url":"https:\/\/motta.uix.store\/electronic\/wp-content\/uploads\/sites\/6\/2022\/10\/homev10-the-savings-continue.svg","id":18648},"library":"svg"},"link":{"url":"#","is_external":"","nofollow":"","custom_attributes":""},"description_typography_typography":"custom","description_typography_font_size":{"unit":"px","size":26,"sizes":[]},"description_typography_font_weight":"500","description_typography_line_height":{"unit":"px","size":32,"sizes":[]},"skin":"subtle","size":"medium","button_color":"#1D2128","size_mobile":"medium","_background_background":"classic","hide_category":"none","hide_attributes":"none","heading_padding":{"unit":"px","top":"0","right":"60","bottom":"0","left":"0","isLinked":false},"title_typography_typography":"custom","title_typography_font_size":{"unit":"px","size":24,"sizes":[]},"title_typography_line_height":{"unit":"px","size":1,"sizes":[]},"title_spacing":{"unit":"px","size":16,"sizes":[]},"description_spacing":{"unit":"px","size":9,"sizes":[]},"shape":"default","autoplay":"","arrows_style":"2","limit":8,"slides_to_show":"4","navigation_mobile":"scrollbar","heading_padding_mobile":{"unit":"px","top":"0","right":"0","bottom":"25","left":"0","isLinked":false},"title_spacing_mobile":{"unit":"px","size":10,"sizes":[]},"description_typography_font_size_mobile":{"unit":"px","size":16,"sizes":[]},"description_typography_line_height_mobile":{"unit":"px","size":1,"sizes":[]},"description_spacing_mobile":{"unit":"px","size":0,"sizes":[]},"button_mobile_color":"#1D2128","product_color":"#FFFFFF","product_radius":{"unit":"px","top":"8","right":"8","bottom":"8","left":"8","isLinked":true},"description":"The Savings <br class=\"hidden-xs\" \/> Continue","button_text":"See All Products","button_text_mobile":"See All","heading_width":{"unit":"%","size":26,"sizes":[]},"heading_width_tablet":{"unit":"%","size":40,"sizes":[]},"heading_width_mobile":{"unit":"%","size":100,"sizes":[]},"heading__text_align_mobile":"left","navigation_tablet":"scrollbar","sliders_arrows_horizontal_spacing_mobile":{"unit":"%","size":"","sizes":[]},"sliders_arrows_horizontal_spacing_tablet":{"unit":"px","size":-22,"sizes":[]},"primary_button_text":"See All Products","primary_button_link":{"url":"https:\/\/motta.uix.store\/electronic\/shop\/","is_external":"","nofollow":"","custom_attributes":""},"primary_button_skin":"subtle","primary_button_options":"yes","primary_button_color":"#1D2128","sliders_arrows_horizontal_spacing":{"unit":"%","size":"","sizes":[]},"sliders_arrows_vertical_spacing":{"unit":"%","size":43.5,"sizes":[]},"sliders_arrows_vertical_spacing_tablet":{"unit":"%","size":"","sizes":[]},"sliders_arrows_vertical_spacing_mobile":{"unit":"%","size":"","sizes":[]},"primary_mobile_button_text":"See All","primary_mobile_button_options":"yes","primary_mobile_button_color":"#1D2128","scrollbar_spacing_tablet":{"unit":"px","size":24,"sizes":[]},"scrollbar_spacing_mobile":{"unit":"px","size":0,"sizes":[]},"tag":["electric-13"],"spaceBetween":{"unit":"px","size":6,"sizes":[]},"spaceBetween_mobile":{"unit":"px","size":3.5,"sizes":[]},"product_padding":{"unit":"px","top":"16","right":"16","bottom":"16","left":"16","isLinked":true},"product_badge_spacing":{"unit":"px","size":16,"sizes":[]},"title_size_mobile":{"unit":"px","size":18,"sizes":[]}},"elements":[],"isInner":false,"widgetType":"motta-products-carousel","elType":"widget"}],"isInner":true,"elType":"column"},{"id":"7d80477f","settings":{"_column_size":33,"_inline_size":4,"background_background":"classic","hide_tablet":"hidden-tablet","hide_mobile":"hidden-mobile"},"elements":[],"isInner":true,"elType":"column"}],"isInner":true,"elType":"section"}],"isInner":false,"elType":"column"}],"isInner":false,"elType":"section"},{"id":"47c03727","settings":{"margin":{"unit":"px","top":"","right":0,"bottom":"","left":0,"isLinked":true},"padding":{"unit":"px","top":"36","right":"0","bottom":"24","left":"0","isLinked":false},"padding_mobile":{"unit":"px","top":"20","right":"0","bottom":"0","left":"0","isLinked":false}},"elements":[{"id":"35476be3","settings":{"_column_size":100,"_inline_size":null,"background_image":{"url":"","id":"","alt":"","source":"library"},"background_position":"center right","background_repeat":"no-repeat","background_size":"contain"},"elements":[{"id":"27ce7367","settings":{"structure":"20","content_position":"middle","background_background":"classic","background_color":"#080522","background_image":{"url":"","id":"","alt":"","source":"library"},"background_position":"center right","background_repeat":"no-repeat","background_size":"contain","border_radius":{"unit":"px","top":"8","right":"8","bottom":"8","left":"8","isLinked":true},"padding_mobile":{"unit":"px","top":"0","right":"0","bottom":"20","left":"0","isLinked":false}},"elements":[{"id":"52ec32ac","settings":{"_column_size":50,"_inline_size":48.6,"padding":{"unit":"px","top":"70","right":"12","bottom":"74","left":"12","isLinked":false},"padding_mobile":{"unit":"px","top":"29","right":"0","bottom":"0","left":"0","isLinked":false}},"elements":[{"id":"3216c501","settings":{"image_size":"custom","image_custom_dimension":{"width":"58","height":"23"},"align":"center","_margin":{"unit":"px","top":"0","right":"0","bottom":"14","left":"0","isLinked":false},"_margin_mobile":{"unit":"px","top":"0","right":"0","bottom":"12","left":"0","isLinked":false},"image":{"url":"https:\/\/motta.uix.store\/electronic\/wp-content\/uploads\/sites\/6\/2023\/03\/homev10-intel.png","id":20184,"alt":"","source":"library","size":""}},"elements":[],"isInner":false,"widgetType":"image","elType":"widget"},{"id":"27009121","settings":{"before_title":"Think Outside<br \/> The Box.","title":"Think Outside<br>\nThe Box.","title_size":"h4","align":"center","before_title_color":"#00C7FD","before_title_typography_typography":"custom","before_title_typography_font_size":{"unit":"px","size":32,"sizes":[]},"before_title_typography_font_size_mobile":{"unit":"px","size":24,"sizes":[]},"before_title_typography_font_weight":"800","before_title_typography_line_height":{"unit":"px","size":40,"sizes":[]},"before_title_typography_line_height_mobile":{"unit":"px","size":32,"sizes":[]},"before_title_spacing":{"unit":"px","size":12,"sizes":[]},"title_color":"#00C7FD","typography_typography":"custom","typography_font_size_mobile":{"unit":"px","size":28,"sizes":[]},"typography_font_weight":"700","spacing":{"unit":"px","size":16,"sizes":[]},"typography_font_size":{"unit":"px","size":34,"sizes":[]}},"elements":[],"isInner":false,"widgetType":"motta-heading","elType":"widget"},{"id":"4bbb529b","settings":{"before_title":"Think Outside<br \/> The Box.","title":"11th Gen Intel\u00ae Core\u2122 Desktop Processors","title_size":"div","align":"center","before_title_color":"#00C7FD","before_title_typography_typography":"custom","before_title_typography_font_size":{"unit":"px","size":32,"sizes":[]},"before_title_typography_font_size_mobile":{"unit":"px","size":24,"sizes":[]},"before_title_typography_font_weight":"800","before_title_typography_line_height":{"unit":"px","size":40,"sizes":[]},"before_title_typography_line_height_mobile":{"unit":"px","size":32,"sizes":[]},"before_title_spacing":{"unit":"px","size":12,"sizes":[]},"title_color":"#FFFFFF","typography_typography":"custom","typography_font_size_mobile":{"unit":"px","size":14,"sizes":[]},"typography_font_weight":"500","spacing":{"unit":"px","size":16,"sizes":[]}},"elements":[],"isInner":false,"widgetType":"motta-heading","elType":"widget"},{"id":"5d9ec8a5","settings":{"primary_button_text":"Shop Now","primary_button_shape":"round","primary_button_typography_typography":"custom","primary_button_typography_font_size_mobile":{"unit":"px","size":11,"sizes":[]},"primary_button_options":"yes","primary_button_width_mobile":{"unit":"px","size":92,"sizes":[]},"primary_button_height_mobile":{"unit":"px","size":32,"sizes":[]},"primary_button_background_color":"#FFDA19","primary_button_color":"#000000","primary_mobile_button_skin":"default","primary_mobile_button_shape":"round","primary_mobile_button_size":"small","primary_mobile_button_options":"yes","primary_mobile_button_background_color":"#FFDA19","primary_mobile_button_color":"#000000","primary_button_width":{"unit":"px","size":130,"sizes":[]},"primary_button_link":{"url":"https:\/\/motta.uix.store\/electronic\/product-brand\/intel\/","is_external":"","nofollow":"","custom_attributes":""}},"elements":[],"isInner":false,"widgetType":"motta-button","elType":"widget"}],"isInner":true,"elType":"column"},{"id":"da7a636","settings":{"_column_size":50,"_inline_size":51.4,"padding_mobile":{"unit":"px","top":"0","right":"0","bottom":"0","left":"0","isLinked":false}},"elements":[{"id":"1cefb443","settings":{"image_size":"custom","image_custom_dimension":{"width":"","height":"336"},"height_tablet":{"unit":"vh","size":"","sizes":[]},"height_mobile":{"unit":"vh","size":"","sizes":[]},"image":{"url":"https:\/\/motta.uix.store\/electronic\/wp-content\/uploads\/sites\/6\/2023\/03\/homev10-thinkoutsidethebox.png","id":20185,"alt":"","source":"library","size":""}},"elements":[],"isInner":false,"widgetType":"image","elType":"widget"}],"isInner":true,"elType":"column"}],"isInner":true,"elType":"section"}],"isInner":false,"elType":"column"}],"isInner":false,"elType":"section"},{"id":"d4b0c11","settings":{"border_border":"solid","border_width":{"unit":"px","top":"0","right":"0","bottom":"0","left":"0","isLinked":false},"border_width_mobile":{"unit":"px","top":"4","right":"0","bottom":"0","left":"0","isLinked":false},"border_color":"#ECF0F4","margin":{"unit":"px","top":"","right":0,"bottom":"","left":0,"isLinked":true},"margin_mobile":{"unit":"px","top":"20","right":0,"bottom":"0","left":0,"isLinked":false},"padding_mobile":{"unit":"px","top":"9","right":"0","bottom":"0","left":"0","isLinked":false},"padding":{"unit":"px","top":"0","right":"0","bottom":"8","left":"0","isLinked":false}},"elements":[{"id":"26c01df1","settings":{"_column_size":100,"_inline_size":null},"elements":[{"id":"5b8ef005","settings":{"title":"New Arrivals","button_text":"See All Products","button_text_mobile":"See All","link":{"url":"#","is_external":"","nofollow":"","custom_attributes":""},"title_size":"div","typography_font_size":{"unit":"px","size":24,"sizes":[]},"typography_font_size_mobile":{"unit":"px","size":16,"sizes":[]},"typography_font_weight":"500","typography_line_height":{"unit":"px","size":20,"sizes":[]},"primary_button_text":"See All Products","primary_button_link":{"url":"https:\/\/motta.uix.store\/electronic\/shop\/","is_external":"","nofollow":"","custom_attributes":""},"primary_button_options":"yes","primary_button_color":"#1D2128","primary_mobile_button_text":"See All","primary_mobile_button_options":"yes","primary_mobile_button_color":"#1D2128","_padding":{"unit":"px","top":"0","right":"0","bottom":"30","left":"0","isLinked":false},"size":"large"},"elements":[],"isInner":false,"widgetType":"motta-heading","elType":"widget"},{"id":"703fd186","settings":{"hide_category":"none","hide_attributes":"none","slides_to_show":"6","navigation_mobile":"scrollbar","autoplay":"","scrollbar_spacing_mobile":{"unit":"px","size":0,"sizes":[]},"slides_to_show_tablet":"3","slides_to_scroll_tablet":3,"_padding":{"unit":"px","top":"0","right":"0","bottom":"30","left":"0","isLinked":false},"_padding_mobile":{"unit":"px","top":"0","right":"0","bottom":"0","left":"0","isLinked":true},"_border_border":"solid","_border_width":{"unit":"px","top":"0","right":"0","bottom":"1","left":"0","isLinked":false},"_border_width_mobile":{"unit":"px","top":"0","right":"0","bottom":"0","left":"0","isLinked":true},"_border_color":"#ECF0F4","tag":["electric-9"],"sliders_arrows_horizontal_spacing_tablet":{"unit":"px","size":0,"sizes":[]},"sliders_arrows_vertical_spacing":{"unit":"px","size":115,"sizes":[]},"sliders_arrows_vertical_spacing_tablet":{"unit":"px","size":150,"sizes":[]}},"elements":[],"isInner":false,"widgetType":"motta-products-carousel","elType":"widget"}],"isInner":false,"elType":"column"}],"isInner":false,"elType":"section"},{"id":"13b396be","settings":{"border_width_mobile":{"unit":"px","top":"4","right":"0","bottom":"0","left":"0","isLinked":false},"border_color":"#ECF0F4","margin":{"unit":"px","top":"","right":0,"bottom":"","left":0,"isLinked":true},"margin_mobile":{"unit":"px","top":"11","right":0,"bottom":"0","left":0,"isLinked":false},"padding_mobile":{"unit":"px","top":"18","right":"0","bottom":"0","left":"0","isLinked":false},"padding":{"unit":"px","top":"16","right":"0","bottom":"24","left":"0","isLinked":false},"border_border":"solid","border_width":{"unit":"px","top":"0","right":"0","bottom":"0","left":"0","isLinked":true}},"elements":[{"id":"37e32a8f","settings":{"_column_size":100,"_inline_size":null},"elements":[{"id":"7e23aafe","settings":{"icon_type":"image","icon":{"value":"","library":""},"title":"","description":"","button":"See the Deals","position":"left","position_mobile":"top","alignment":"center","alignment_mobile":"center","content_padding":{"unit":"px","top":"16","right":"0","bottom":"20","left":"0","isLinked":false},"button_color":"#1D2128","button_typography_typography":"custom","button_typography_font_size":{"unit":"px","size":12,"sizes":[]},"button_typography_font_weight":"500","button_underline":"show","icon_spacing":{"unit":"px","size":32,"sizes":[]},"icon_spacing_mobile":{"unit":"px","size":11,"sizes":[]},"icon_size":{"unit":"px","size":331,"sizes":[]},"_background_background":"classic","_background_color":"#BBFFA9","_border_radius":{"unit":"px","top":"8","right":"8","bottom":"8","left":"8","isLinked":true},"content_padding_mobile":{"unit":"px","top":"16","right":"25","bottom":"15","left":"25","isLinked":false},"primary_button_text":"See the Deals","primary_button_options":"yes","primary_button_color":"#1D2128","icon_size_mobile":{"unit":"px","size":300,"sizes":[]},"image":{"url":"https:\/\/motta.uix.store\/electronic\/wp-content\/uploads\/sites\/6\/2023\/03\/homev10-endtheyear.png","id":20186,"alt":"","source":"library","size":""},"primary_button_link":{"url":"https:\/\/motta.uix.store\/electronic\/flash-deals\/","is_external":"","nofollow":"","custom_attributes":""},"button_spacing":{"unit":"px","size":5,"sizes":[]}},"elements":[],"isInner":false,"widgetType":"motta-icon-box","elType":"widget"}],"isInner":false,"elType":"column"}],"isInner":false,"elType":"section"},{"id":"342c7bee","settings":{"border_border":"solid","border_width":{"unit":"px","top":"0","right":"0","bottom":"0","left":"0","isLinked":false},"border_width_mobile":{"unit":"px","top":"4","right":"0","bottom":"0","left":"0","isLinked":false},"border_color":"#ECF0F4","margin":{"unit":"px","top":"","right":0,"bottom":"","left":0,"isLinked":true},"margin_mobile":{"unit":"px","top":"20","right":0,"bottom":"0","left":0,"isLinked":false},"padding_mobile":{"unit":"px","top":"9","right":"0","bottom":"0","left":"0","isLinked":false},"padding":{"unit":"px","top":"0","right":"0","bottom":"8","left":"0","isLinked":false}},"elements":[{"id":"45a89747","settings":{"_column_size":100,"_inline_size":null},"elements":[{"id":"6bcd9977","settings":{"title":"You May Also Like","button_text":"See All Products","button_text_mobile":"See All","link":{"url":"#","is_external":"","nofollow":"","custom_attributes":""},"title_size":"div","typography_font_size":{"unit":"px","size":24,"sizes":[]},"typography_font_size_mobile":{"unit":"px","size":18,"sizes":[]},"typography_font_weight":"500","typography_line_height":{"unit":"px","size":20,"sizes":[]},"primary_button_text":"See All Products","primary_button_options":"yes","primary_button_color":"#1D2128","primary_mobile_button_text":"See All","primary_mobile_button_options":"yes","primary_mobile_button_color":"#1D2128","_padding":{"unit":"px","top":"0","right":"0","bottom":"30","left":"0","isLinked":false},"primary_button_link":{"url":"https:\/\/motta.uix.store\/electronic\/shop\/","is_external":"","nofollow":"","custom_attributes":""},"size":"large","typography_typography":"custom"},"elements":[],"isInner":false,"widgetType":"motta-heading","elType":"widget"},{"id":"1ea6b885","settings":{"hide_category":"none","hide_attributes":"none","slides_to_show":"6","navigation_mobile":"scrollbar","autoplay":"","scrollbar_spacing_mobile":{"unit":"px","size":0,"sizes":[]},"slides_to_show_tablet":"3","slides_to_scroll_tablet":3,"_padding":{"unit":"px","top":"0","right":"0","bottom":"30","left":"0","isLinked":false},"_padding_mobile":{"unit":"px","top":"0","right":"0","bottom":"0","left":"0","isLinked":true},"_border_border":"solid","_border_width":{"unit":"px","top":"0","right":"0","bottom":"1","left":"0","isLinked":false},"_border_width_mobile":{"unit":"px","top":"0","right":"0","bottom":"0","left":"0","isLinked":true},"_border_color":"#ECF0F4","tag":["electric-11"],"sliders_arrows_horizontal_spacing_tablet":{"unit":"px","size":0,"sizes":[]},"sliders_arrows_vertical_spacing":{"unit":"px","size":115,"sizes":[]},"sliders_arrows_vertical_spacing_tablet":{"unit":"px","size":150,"sizes":[]}},"elements":[],"isInner":false,"widgetType":"motta-products-carousel","elType":"widget"}],"isInner":false,"elType":"column"}],"isInner":false,"elType":"section"},{"id":"10a08a7a","settings":{"border_width":{"unit":"px","top":"0","right":"0","bottom":"0","left":"0","isLinked":false},"border_width_mobile":{"unit":"px","top":"4","right":"0","bottom":"0","left":"0","isLinked":false},"border_color":"#ECF0F4","margin":{"unit":"px","top":"","right":0,"bottom":"","left":0,"isLinked":true},"margin_mobile":{"unit":"px","top":"9","right":0,"bottom":"0","left":0,"isLinked":false},"padding_mobile":{"unit":"px","top":"18","right":"0","bottom":"0","left":"0","isLinked":false},"padding":{"unit":"px","top":"14","right":"0","bottom":"5","left":"0","isLinked":false},"border_border":"solid"},"elements":[{"id":"59a24c8d","settings":{"_column_size":100,"_inline_size":null},"elements":[{"id":"3430a887","settings":{"title":"Featured Brands","button_text":"See All Brands","link":{"url":"#","is_external":"","nofollow":"","custom_attributes":""},"title_size":"div","typography_font_size":{"unit":"px","size":24,"sizes":[]},"typography_font_size_mobile":{"unit":"px","size":18,"sizes":[]},"typography_font_weight":"500","typography_line_height":{"unit":"px","size":20,"sizes":[]},"button_text_mobile":"See All","primary_button_text":"See All Brands","primary_button_options":"yes","primary_button_color":"#1D2128","primary_mobile_button_text":"See All","primary_mobile_button_options":"yes","primary_mobile_button_color":"#1D2128","primary_button_link":{"url":"https:\/\/motta.uix.store\/electronic\/shop\/","is_external":"","nofollow":"","custom_attributes":""},"size":"large","typography_typography":"custom"},"elements":[],"isInner":false,"widgetType":"motta-heading","elType":"widget"}],"isInner":false,"elType":"column"}],"isInner":false,"elType":"section"},{"id":"559f2321","settings":{"structure":"60","margin":{"unit":"px","top":"","right":0,"bottom":"","left":0,"isLinked":true},"margin_mobile":{"unit":"px","top":"","right":0,"bottom":"","left":0,"isLinked":true},"padding":{"unit":"px","top":"0","right":"0","bottom":"39","left":"0","isLinked":false},"padding_mobile":{"unit":"px","top":"0","right":"0","bottom":"25","left":"0","isLinked":false}},"elements":[{"id":"3eeb42d","settings":{"_column_size":16,"_inline_size":null,"_inline_size_tablet":33.333,"_inline_size_mobile":50},"elements":[{"id":"47bd2d3f","settings":{"image_size":"full","align":"center","image":{"url":"https:\/\/motta.uix.store\/electronic\/wp-content\/uploads\/sites\/6\/2022\/11\/home8-dyson.png","id":20045,"alt":"","source":"library","size":""},"link_to":"custom","link":{"url":"https:\/\/motta.uix.store\/electronic\/product-brand\/dyson\/","is_external":"","nofollow":"","custom_attributes":""}},"elements":[],"isInner":false,"widgetType":"image","elType":"widget"}],"isInner":false,"elType":"column"},{"id":"148845b","settings":{"_column_size":16,"_inline_size":null,"_inline_size_tablet":33.333,"_inline_size_mobile":50},"elements":[{"id":"1e952e14","settings":{"image_size":"full","align":"center","image":{"url":"https:\/\/motta.uix.store\/electronic\/wp-content\/uploads\/sites\/6\/2023\/03\/home8-lenovo.png","id":20161,"alt":"","source":"library","size":""},"link_to":"custom","link":{"url":"https:\/\/motta.uix.store\/electronic\/product-brand\/lenovo\/","is_external":"","nofollow":"","custom_attributes":""}},"elements":[],"isInner":false,"widgetType":"image","elType":"widget"}],"isInner":false,"elType":"column"},{"id":"c53d55f","settings":{"_column_size":16,"_inline_size":null,"_inline_size_tablet":33.333,"_inline_size_mobile":50},"elements":[{"id":"1aa63405","settings":{"image_size":"full","align":"center","image":{"url":"https:\/\/motta.uix.store\/electronic\/wp-content\/uploads\/sites\/6\/2022\/11\/home8-cisco.png","id":20044,"alt":"","source":"library","size":""},"link_to":"custom","link":{"url":"https:\/\/motta.uix.store\/electronic\/product-brand\/cisco\/","is_external":"","nofollow":"","custom_attributes":""}},"elements":[],"isInner":false,"widgetType":"image","elType":"widget"}],"isInner":false,"elType":"column"},{"id":"737d0d72","settings":{"_column_size":16,"_inline_size":null,"_inline_size_tablet":33.333,"_inline_size_mobile":50},"elements":[{"id":"201b53b7","settings":{"image_size":"full","align":"center","image":{"url":"https:\/\/motta.uix.store\/electronic\/wp-content\/uploads\/sites\/6\/2023\/03\/home8-samsung.png","id":20162,"alt":"","source":"library","size":""},"link_to":"custom","link":{"url":"https:\/\/motta.uix.store\/electronic\/product-brand\/samsung\/","is_external":"","nofollow":"","custom_attributes":""}},"elements":[],"isInner":false,"widgetType":"image","elType":"widget"}],"isInner":false,"elType":"column"},{"id":"656a476e","settings":{"_column_size":16,"_inline_size":null,"_inline_size_tablet":33.333,"_inline_size_mobile":50},"elements":[{"id":"4d617cad","settings":{"image_size":"full","align":"center","image":{"url":"https:\/\/motta.uix.store\/electronic\/wp-content\/uploads\/sites\/6\/2023\/03\/home8-lg.png","id":20163,"alt":"","source":"library","size":""},"link_to":"custom","link":{"url":"https:\/\/motta.uix.store\/electronic\/product-brand\/lg\/","is_external":"","nofollow":"","custom_attributes":""}},"elements":[],"isInner":false,"widgetType":"image","elType":"widget"}],"isInner":false,"elType":"column"},{"id":"6dc9c497","settings":{"_column_size":16,"_inline_size":null,"_inline_size_tablet":33.333,"_inline_size_mobile":50},"elements":[{"id":"4a168c15","settings":{"image_size":"full","align":"center","image":{"url":"https:\/\/motta.uix.store\/electronic\/wp-content\/uploads\/sites\/6\/2022\/11\/home8-bose.png","id":20043,"alt":"","source":"library","size":""},"link_to":"custom","link":{"url":"https:\/\/motta.uix.store\/electronic\/product-brand\/bose\/","is_external":"","nofollow":"","custom_attributes":""}},"elements":[],"isInner":false,"widgetType":"image","elType":"widget"}],"isInner":false,"elType":"column"}],"isInner":false,"elType":"section"},{"id":"10bb7ae7","settings":{"content_width":{"unit":"px","size":1268,"sizes":[]},"stretch_section":"section-stretched","margin":{"unit":"px","top":"","right":0,"bottom":"","left":0,"isLinked":true},"margin_mobile":{"unit":"px","top":"","right":0,"bottom":"","left":0,"isLinked":true}},"elements":[{"id":"64a8f4c7","settings":{"_column_size":100,"_inline_size":null,"background_background":"classic","background_color":"#ECF0F4","border_radius":{"unit":"px","top":"8","right":"8","bottom":"8","left":"8","isLinked":true},"padding_mobile":{"unit":"px","top":"21","right":"16","bottom":"15","left":"16","isLinked":false},"border_radius_mobile":{"unit":"px","top":"0","right":"0","bottom":"0","left":"0","isLinked":false}},"elements":[{"id":"54cce5ff","settings":{"structure":"20"},"elements":[{"id":"234b3d8","settings":{"_column_size":50,"_inline_size":22,"_inline_size_tablet":100,"content_position_mobile":"center","align_mobile":"space-between","padding_mobile":{"unit":"px","top":"0","right":"0","bottom":"5","left":"0","isLinked":false},"align_tablet":"space-between"},"elements":[{"id":"7c98a0b5","settings":{"icon":{"value":{"url":"https:\/\/motta.uix.store\/electronic\/wp-content\/uploads\/sites\/6\/2022\/10\/homev10-discover-more.svg","id":18649},"library":"svg"},"title":"Discover More","description":"","link":{"url":"","is_external":"","nofollow":"","custom_attributes":""},"title_size":"div","alignment":"center","title_typography_typography":"custom","title_typography_font_size":{"unit":"px","size":26,"sizes":[]},"title_typography_font_weight":"500","title_typography_line_height":{"unit":"px","size":32,"sizes":[]},"button_underline":"show","icon_size":{"unit":"px","size":24,"sizes":[]},"position_mobile":"left","title_typography_font_size_mobile":{"unit":"px","size":18,"sizes":[]},"title_typography_line_height_mobile":{"unit":"px","size":26,"sizes":[]},"title_spacing_mobile":{"unit":"px","size":0,"sizes":[]},"description_spacing_mobile":{"unit":"px","size":0,"sizes":[]},"icon_spacing":{"unit":"px","size":13,"sizes":[]},"_padding":{"unit":"px","top":"15","right":"0","bottom":"0","left":"0","isLinked":false},"_element_width_mobile":"auto","primary_button_options":"yes","primary_button_color":"#1D2128","alignment_mobile":"center","title_spacing":{"unit":"px","size":9,"sizes":[]},"position_tablet":"left","title_typography_line_height_tablet":{"unit":"px","size":24,"sizes":[]},"title_spacing_tablet":{"unit":"px","size":0,"sizes":[]},"_padding_tablet":{"unit":"px","top":"0","right":"0","bottom":"0","left":"0","isLinked":false},"_element_width_tablet":"auto","content_vertical_alignment":"middle"},"elements":[],"isInner":false,"widgetType":"motta-icon-box","elType":"widget"},{"id":"21074f19","settings":{"primary_button_text":"See All","primary_button_skin":"subtle","primary_button_options":"yes","primary_button_color":"#1D2128","_element_width_mobile":"auto","primary_mobile_button_options":"yes","primary_mobile_button_color":"#1D2128","primary_button_link":{"url":"https:\/\/motta.uix.store\/electronic\/shop\/","is_external":"","nofollow":"","custom_attributes":""},"_element_width_tablet":"auto"},"elements":[],"isInner":false,"widgetType":"motta-button","elType":"widget"}],"isInner":true,"elType":"column"},{"id":"539b8355","settings":{"_column_size":50,"_inline_size":78,"_inline_size_tablet":100},"elements":[{"id":"2d6a4978","settings":{"quick_links":[{"title":"Cyber Week","link":{"url":"https:\/\/motta.uix.store\/electronic\/product-category\/laptops-computers\/networking-laptops-computers\/","is_external":false,"nofollow":false,"custom_attributes":""},"_id":"3af951c"},{"title":"iPad Mini","link":{"url":"https:\/\/motta.uix.store\/electronic\/product\/ipad-10-2-inch-wi-fi-cellular-128gb\/","is_external":false,"nofollow":false,"custom_attributes":""},"_id":"5d3c12c"},{"title":"Playstation 5","link":{"url":"https:\/\/motta.uix.store\/electronic\/product\/1tb-gaming-console-wireless-game-pad-black\/","is_external":false,"nofollow":false,"custom_attributes":""},"_id":"658786e"},{"title":"Mouse","link":{"url":"https:\/\/motta.uix.store\/electronic\/product\/magic-mouse-2-wireless-rechargable-space-gray\/","is_external":false,"nofollow":false,"custom_attributes":""},"_id":"e2afd31"},{"title":"Samsung S22","link":{"url":"https:\/\/motta.uix.store\/electronic\/product\/galaxy-s20-5g-uw-128gb-cosmic-gray\/","is_external":false,"nofollow":false,"custom_attributes":""},"_id":"5612bda"},{"title":"AirPods Pro","link":{"url":"https:\/\/motta.uix.store\/electronic\/product\/airpods-pro-latest-model\/","is_external":false,"nofollow":false,"custom_attributes":""},"_id":"ded666d"},{"title":"Pixel 6","link":{"url":"https:\/\/motta.uix.store\/electronic\/product\/google-pixel-4-black-64-gb\/","is_external":false,"nofollow":false,"custom_attributes":""},"_id":"f02c22f"},{"title":"GTX 1080","link":{"url":"https:\/\/motta.uix.store\/electronic\/product\/galaxy-13-3-book-s-256gb-mercury-gray-wi-fi\/","is_external":false,"nofollow":false,"custom_attributes":""},"_id":"cc2721c"},{"title":"Intel Core i9","link":{"url":"https:\/\/motta.uix.store\/electronic\/product\/ideapad-flex-5-15iil05-81x3-flip-design-core-i3-1005g1\/","is_external":false,"nofollow":false,"custom_attributes":""},"_id":"4537b6f"},{"title":"RTX 3080","link":{"url":"https:\/\/motta.uix.store\/electronic\/product\/inspiron-7000-2-in-1-15-6-uhd-touch-laptop-11th-gen-intel-core-i7\/","is_external":false,"nofollow":false,"custom_attributes":""},"_id":"4530979"},{"title":"Cell Phones","link":{"url":"https:\/\/motta.uix.store\/electronic\/product-category\/cell-phones\/","is_external":false,"nofollow":false,"custom_attributes":""},"_id":"3a40027"},{"title":"Gaming Laptop","link":{"url":"https:\/\/motta.uix.store\/electronic\/product\/new-inspiron-15-3000-laptop-n5030-processor\/","is_external":false,"nofollow":false,"custom_attributes":""},"_id":"a927dba"},{"title":"Xbox Series X","link":{"url":"https:\/\/motta.uix.store\/electronic\/product\/wireless-controller-gray-blue-wl3-00105\/","is_external":false,"nofollow":false,"custom_attributes":""},"_id":"4034a9a"},{"title":"Macbook Pro","link":{"url":"https:\/\/motta.uix.store\/electronic\/product\/macbook-pro-16-with-retina-display-space-gray\/","is_external":false,"nofollow":false,"custom_attributes":""},"_id":"42b57f5"},{"title":"MSI Laptop","link":{"url":"https:\/\/motta.uix.store\/electronic\/product\/proart-studiobook-pro-17-w700\/","is_external":false,"nofollow":false,"custom_attributes":""},"_id":"0344500"},{"title":"Apple Watch Series 7","link":{"url":"https:\/\/motta.uix.store\/electronic\/product\/apple-watch-series-5-gps-40mm-gold\/","is_external":false,"nofollow":false,"custom_attributes":""},"_id":"36d050e"},{"title":"Ryzen 5 3600","link":{"url":"https:\/\/motta.uix.store\/electronic\/product\/new-inspiron-15-3000-laptop-n5030-processor\/","is_external":false,"nofollow":false,"custom_attributes":""},"_id":"1024024"},{"title":"Windows 11 Pro","link":{"url":"https:\/\/motta.uix.store\/electronic\/product\/rog-zephyrus-m15-15-6-gaming-laptop-intel-core-i7-16gb\/","is_external":false,"nofollow":false,"custom_attributes":""},"_id":"1f4a307"},{"title":"GoPro Hero","link":{"url":"https:\/\/motta.uix.store\/electronic\/product\/joby-griptight-pro-telepod-tripod\/","is_external":false,"nofollow":false,"custom_attributes":""},"_id":"3213787"},{"title":"Surface Go 2","link":{"url":"https:\/\/motta.uix.store\/electronic\/product\/surface-laptop3-15-windows-computer-ryzen-r5-8gb-ddr-256gb-ssd-black\/","is_external":false,"nofollow":false,"custom_attributes":""},"_id":"e6b2a79"},{"title":"Oculus Quest 2","link":{"url":"https:\/\/motta.uix.store\/electronic\/product\/wireless-charging-pad-iphone-android-gray\/","is_external":false,"nofollow":false,"custom_attributes":""},"_id":"82bb34a"},{"title":"Bose","link":{"url":"https:\/\/motta.uix.store\/electronic\/product\/slate-series-33-inch-french-door-refrigerator-slate\/","is_external":false,"nofollow":false,"custom_attributes":""},"_id":"5998f87"},{"title":"SmartTag +","link":{"url":"https:\/\/motta.uix.store\/electronic\/product\/mophie-powerstation-usb-c-3xl-battery\/","is_external":false,"nofollow":false,"custom_attributes":""},"_id":"c68df23"},{"title":"iPhone","link":{"url":"https:\/\/motta.uix.store\/electronic\/product\/apple-iphone-11-pro-max-space-gray-256-gb\/","is_external":false,"nofollow":false,"custom_attributes":""},"_id":"294c0f6"}]},"elements":[],"isInner":false,"widgetType":"motta-quick-link","elType":"widget"}],"isInner":true,"elType":"column"}],"isInner":true,"elType":"section"}],"isInner":false,"elType":"column"}],"isInner":false,"elType":"section"},{"id":"3498bed5","settings":{"structure":"60","padding":{"unit":"px","top":"34","right":"0","bottom":"21","left":"0","isLinked":false},"padding_mobile":{"unit":"px","top":"18","right":"0","bottom":"3","left":"0","isLinked":false}},"elements":[{"id":"ea770f3","settings":{"_column_size":16,"_inline_size":9,"_inline_size_tablet":100,"hide_tablet":"hidden-tablet","hide_mobile":"hidden-mobile"},"elements":[],"isInner":false,"elType":"column"},{"id":"23b96222","settings":{"_column_size":16,"_inline_size":20,"_inline_size_tablet":50,"_inline_size_mobile":50,"padding_mobile":{"unit":"px","top":"12","right":"16","bottom":"0","left":"16","isLinked":false}},"elements":[{"id":"4f84c698","settings":{"icon":{"value":{"url":"https:\/\/motta.uix.store\/electronic\/wp-content\/uploads\/sites\/6\/2022\/10\/free-shipping.svg","id":18653},"library":"svg"},"title":"Fast, Free Shipping","description":"On order over $50","position":"left","position_mobile":"top","alignment_mobile":"center","title_typography_typography":"custom","title_typography_font_size":{"unit":"px","size":14,"sizes":[]},"title_typography_font_weight":"500","title_spacing":{"unit":"px","size":3,"sizes":[]},"description_typography_typography":"custom","description_typography_font_size":{"unit":"px","size":14,"sizes":[]},"icon_spacing":{"unit":"px","size":16,"sizes":[]},"icon_size":{"unit":"px","size":32,"sizes":[]},"description_spacing":{"unit":"px","size":0,"sizes":[]},"icon_vertical_alignment":"middle"},"elements":[],"isInner":false,"widgetType":"motta-icon-box","elType":"widget"}],"isInner":false,"elType":"column"},{"id":"463d3899","settings":{"_column_size":16,"_inline_size":21,"_inline_size_tablet":50,"_inline_size_mobile":50,"padding_mobile":{"unit":"px","top":"12","right":"16","bottom":"0","left":"16","isLinked":false}},"elements":[{"id":"4d30dba2","settings":{"icon":{"value":{"url":"https:\/\/motta.uix.store\/electronic\/wp-content\/uploads\/sites\/6\/2022\/10\/next-day-delivery.svg","id":18656},"library":"svg"},"title":"Next Day Delivery","description":"Free\u2013 spend over $99","position":"left","position_mobile":"top","alignment_mobile":"center","title_typography_typography":"custom","title_typography_font_size":{"unit":"px","size":14,"sizes":[]},"title_typography_font_weight":"500","title_spacing":{"unit":"px","size":3,"sizes":[]},"description_typography_typography":"custom","description_typography_font_size":{"unit":"px","size":14,"sizes":[]},"icon_spacing":{"unit":"px","size":16,"sizes":[]},"icon_size":{"unit":"px","size":32,"sizes":[]},"description_spacing":{"unit":"px","size":0,"sizes":[]},"icon_vertical_alignment":"middle"},"elements":[],"isInner":false,"widgetType":"motta-icon-box","elType":"widget"}],"isInner":false,"elType":"column"},{"id":"76bfa68f","settings":{"_column_size":16,"_inline_size":20,"_inline_size_tablet":50,"_inline_size_mobile":50},"elements":[{"id":"16912543","settings":{"icon":{"value":{"url":"https:\/\/motta.uix.store\/electronic\/wp-content\/uploads\/sites\/6\/2022\/10\/day-free-returns.svg","id":18654},"library":"svg"},"title":"60-Day Free Returns","description":"All shipping methods","position":"left","position_mobile":"top","alignment_mobile":"center","title_typography_typography":"custom","title_typography_font_size":{"unit":"px","size":14,"sizes":[]},"title_typography_font_weight":"500","title_spacing":{"unit":"px","size":3,"sizes":[]},"description_typography_typography":"custom","description_typography_font_size":{"unit":"px","size":14,"sizes":[]},"icon_spacing":{"unit":"px","size":16,"sizes":[]},"icon_size":{"unit":"px","size":32,"sizes":[]},"description_spacing":{"unit":"px","size":0,"sizes":[]},"icon_vertical_alignment":"middle"},"elements":[],"isInner":false,"widgetType":"motta-icon-box","elType":"widget"}],"isInner":false,"elType":"column"},{"id":"43164ef8","settings":{"_column_size":16,"_inline_size":21,"_inline_size_tablet":50,"_inline_size_mobile":50},"elements":[{"id":"6476bb76","settings":{"icon":{"value":{"url":"https:\/\/motta.uix.store\/electronic\/wp-content\/uploads\/sites\/6\/2022\/10\/expert-customer-service.svg","id":18655},"library":"svg"},"title":"Expert Customer Service","description":"Choose chat or call us","position":"left","position_mobile":"top","alignment_mobile":"center","title_typography_typography":"custom","title_typography_font_size":{"unit":"px","size":14,"sizes":[]},"title_typography_font_weight":"500","title_spacing":{"unit":"px","size":3,"sizes":[]},"description_typography_typography":"custom","description_typography_font_size":{"unit":"px","size":14,"sizes":[]},"icon_spacing":{"unit":"px","size":16,"sizes":[]},"icon_size":{"unit":"px","size":32,"sizes":[]},"description_spacing":{"unit":"px","size":0,"sizes":[]},"icon_vertical_alignment":"middle"},"elements":[],"isInner":false,"widgetType":"motta-icon-box","elType":"widget"}],"isInner":false,"elType":"column"},{"id":"3ed7446","settings":{"_column_size":16,"_inline_size":7.66,"hide_tablet":"hidden-tablet","hide_mobile":"hidden-mobile"},"elements":[],"isInner":false,"elType":"column"}],"isInner":false,"elType":"section"}],"page_settings":{"footer_mobile_layout":"4255","motta_hide_header_section":"default","motta_hide_topbar":"default","motta_hide_campain_bar":"default","header_layout":"v10","motta_hide_page_header":"1","motta_hide_title":"default","motta_hide_breadcrumb":"default","motta_content_top_spacing":"no","motta_content_top_padding":{"unit":"px","size":"63","sizes":[]},"motta_content_bottom_spacing":"no","motta_content_bottom_padding":{"unit":"px","size":"63","sizes":[]},"motta_hide_footer_section":"default","footer_layout":"4253"},"version":"0.4","title":"home-v10","type":"page"}