{"content":[{"id":"55983bb3","settings":{"gap":"no","_title":"Section"},"elements":[{"id":"691743ba","settings":{"_column_size":100,"_inline_size":null},"elements":[{"id":"18b14bce","settings":{"layout":"full_width","gap":"no","background_background":"classic","background_color":"#FFF9E0","padding":{"unit":"px","top":"120","right":"0","bottom":"120","left":"0","isLinked":false},"padding_mobile":{"unit":"px","top":"73","right":"0","bottom":"74","left":"0","isLinked":false}},"elements":[{"id":"4d84678","settings":{"_column_size":100,"_inline_size":null,"padding_mobile":{"unit":"px","top":"6","right":"6","bottom":"6","left":"6","isLinked":true}},"elements":[{"id":"10c6492","settings":{"before_title":"Executive Leadership","title":"Still need help?","align":"center","before_title_spacing":{"unit":"px","size":29,"sizes":[]},"typography_typography":"custom","typography_font_weight":"500","typography_line_height_tablet":{"unit":"px","size":"","sizes":[]},"typography_line_height_mobile":{"unit":"px","size":"","sizes":[]},"before_title_spacing_mobile":{"unit":"px","size":24,"sizes":[]},"typography_font_size":{"unit":"px","size":18,"sizes":[]},"spacing":{"unit":"px","size":24,"sizes":[]}},"elements":[],"isInner":false,"widgetType":"motta-heading","elType":"widget"},{"id":"2d06f97c","settings":{"before_title":"Careers","title":"Get help with common <br\/>\nquestions or reach out to our<br\/>\nsupport team.","align":"center","before_title_spacing":{"unit":"px","size":33,"sizes":[]},"typography_typography":"custom","typography_font_weight":"500","typography_line_height":{"unit":"px","size":64,"sizes":[]},"typography_font_size_tablet":{"unit":"px","size":40,"sizes":[]},"typography_font_size_mobile":{"unit":"px","size":32,"sizes":[]},"typography_line_height_tablet":{"unit":"px","size":60,"sizes":[]},"typography_line_height_mobile":{"unit":"px","size":40,"sizes":[]},"before_title_spacing_mobile":{"unit":"px","size":24,"sizes":[]},"align_mobile":"center","_padding":{"unit":"px","top":"0","right":"0","bottom":"35","left":"0","isLinked":false},"_padding_mobile":{"unit":"px","top":"0","right":"0","bottom":"24","left":"0","isLinked":false}},"elements":[],"isInner":false,"widgetType":"motta-heading","elType":"widget"},{"id":"33137f38","settings":{"title":"View Open Roles","link":{"url":"#","is_external":"","nofollow":"","custom_attributes":""},"padding":{"unit":"px","top":"0","right":"48","bottom":"0","left":"48","isLinked":false},"background_color":"#1D2128","shape":"sharp","primary_button_text":"Contact Us","primary_button_link":{"url":"https:\/\/motta.uix.store\/contact-us-v1\/","is_external":"","nofollow":"","custom_attributes":""},"align_mobile":"center","primary_button_size":"large","primary_button_options":"yes","primary_button_width":{"unit":"px","size":200,"sizes":[]},"primary_button_background_color":"#1D2128","_padding":{"unit":"px","top":"26","right":"0","bottom":"0","left":"0","isLinked":false},"_padding_mobile":{"unit":"px","top":"24","right":"0","bottom":"15","left":"0","isLinked":false}},"elements":[],"isInner":false,"widgetType":"motta-button","elType":"widget"}],"isInner":true,"elType":"column"}],"isInner":true,"elType":"section"}],"isInner":false,"elType":"column"}],"isInner":false,"elType":"section"},{"id":"1f25ea60","settings":{"structure":"50","border_width":{"unit":"px","top":"0","right":"0","bottom":"1","left":"0","isLinked":false},"border_color":"#ECF0F4","margin":{"unit":"px","top":"","right":0,"bottom":"","left":0,"isLinked":true},"border_width_mobile":{"unit":"px","top":"0","right":"0","bottom":"0","left":"0","isLinked":true},"padding":{"unit":"px","top":"60","right":"0","bottom":"20","left":"0","isLinked":false}},"elements":[{"id":"32d34841","settings":{"_column_size":20,"_inline_size":24,"space_between_widgets":0,"_inline_size_tablet":32,"padding_mobile":{"unit":"px","top":"0","right":"16","bottom":"0","left":"16","isLinked":false}},"elements":[{"id":"4a3959f6","settings":{"html":"<img class=\"alignnone size-full wp-image-3054\" src=\"http:\/\/demo3.drfuri.com\/motta\/wp-content\/uploads\/sites\/14\/2022\/05\/Logo-v1.png\" alt=\"\" width=\"114\" height=\"32\" \/>","_margin":{"unit":"px","top":"0","right":"0","bottom":"27","left":"0","isLinked":false}},"elements":[],"isInner":false,"widgetType":"html","elType":"widget"},{"id":"370bb35b","settings":{"title":"Best For Shopping","title_size":"h5","title_color":"#1D2128","typography_typography":"custom","typography_font_weight":"500","spacing":{"unit":"px","size":10,"sizes":[]}},"elements":[],"isInner":false,"widgetType":"motta-heading","elType":"widget"},{"id":"10c49142","settings":{"editor":"Sed do eiusmod tempor <br>incididuntut labore dolore magna.","text_color":"#7C818B","typography_typography":"custom","typography_font_size":{"unit":"px","size":14,"sizes":[]},"typography_font_weight":"normal","typography_line_height":{"unit":"px","size":20,"sizes":[]},"_margin":{"unit":"px","top":"0","right":"0","bottom":"38","left":"0","isLinked":false},"_margin_mobile":{"unit":"px","top":"0","right":"0","bottom":"18","left":"0","isLinked":false}},"elements":[],"isInner":false,"widgetType":"text-editor","elType":"widget"},{"id":"65e6572b","settings":{"social_icon_list":[{"social_icon":{"value":"fab fa-twitter","library":"fa-brands"},"_id":"48272a2","link":{"url":"https:\/\/twitter.com\/motta.uix.store","is_external":"true","nofollow":"","custom_attributes":""}},{"social_icon":{"value":"fab fa-facebook-square","library":"fa-brands"},"_id":"4c9cfd4","link":{"url":"https:\/\/www.facebook.com\/motta.uix.store","is_external":"true","nofollow":"","custom_attributes":""}},{"social_icon":{"value":"fab fa-youtube","library":"fa-brands"},"_id":"c175218","link":{"url":"https:\/\/www.youtube.com\/motta.uix.store","is_external":"true","nofollow":"","custom_attributes":""}},{"_id":"cfb8721","social_icon":{"value":"fab fa-instagram","library":"fa-brands"},"link":{"url":"https:\/\/www.instagram.com\/motta.uix.store\/","is_external":"true","nofollow":"","custom_attributes":""}},{"_id":"65b6e37","social_icon":{"value":"fab fa-whatsapp","library":"fa-brands"},"link":{"url":"https:\/\/www.whatsapp.com\/motta.uix.store","is_external":"true","nofollow":"","custom_attributes":""}}],"icon_spacing":{"unit":"px","size":"","sizes":[]}},"elements":[],"isInner":false,"widgetType":"motta-social-icons","elType":"widget"},{"id":"4729b6c3","settings":{"width_mobile":{"unit":"%","size":100,"sizes":[]},"text":"Divider","color":"#ECF0F4","gap":{"unit":"px","size":1,"sizes":[]},"_padding":{"unit":"px","top":"25","right":"0","bottom":"17","left":"0","isLinked":false},"hide_desktop":"hidden-desktop","hide_tablet":"hidden-tablet"},"elements":[],"isInner":false,"widgetType":"divider","elType":"widget"}],"isInner":false,"elType":"column"},{"id":"1083c81e","settings":{"_column_size":20,"_inline_size":24,"hide_mobile":"hidden-mobile","_inline_size_tablet":2},"elements":[],"isInner":false,"elType":"column"},{"id":"6408a351","settings":{"_column_size":20,"_inline_size":18,"_inline_size_tablet":21,"_inline_size_mobile":100,"padding_mobile":{"unit":"px","top":"0","right":"16","bottom":"0","left":"16","isLinked":false}},"elements":[{"id":"48ef8998","settings":{"title":"Get to Know Us","list_menu":"footer-know-us","toggle":"","mobile_toggle":"yes","menu_items":[{"title_menu":"Menu item 1","_id":"a8e7c16"},{"title_menu":"Menu item 2","_id":"9513bc8"},{"title_menu":"Menu item 3","_id":"9cdea54"}],"toggle_menu":"","toggle_menu_mobile":"yes","toggle_status":""},"elements":[],"isInner":false,"widgetType":"motta-navigation-menu","elType":"widget"},{"id":"46e64646","settings":{"width_mobile":{"unit":"%","size":100,"sizes":[]},"text":"Divider","color":"#ECF0F4","gap":{"unit":"px","size":1,"sizes":[]},"_padding":{"unit":"px","top":"17","right":"0","bottom":"0","left":"0","isLinked":false},"hide_desktop":"hidden-desktop","hide_tablet":"hidden-tablet"},"elements":[],"isInner":false,"widgetType":"divider","elType":"widget"}],"isInner":false,"elType":"column"},{"id":"3e2ec0d6","settings":{"_column_size":20,"_inline_size":18.803,"_inline_size_tablet":20,"_inline_size_mobile":100,"padding_mobile":{"unit":"px","top":"16","right":"16","bottom":"0","left":"16","isLinked":false}},"elements":[{"id":"30ef7fd4","settings":{"title":"Customer Service","list_menu":"footer-service","mobile_toggle":"yes","menu_items":[{"title_menu":"Menu item 1","_id":"637710d"},{"title_menu":"Menu item 2","_id":"6a49752"},{"title_menu":"Menu item 3","_id":"d249a3b"}],"toggle_menu_mobile":"yes"},"elements":[],"isInner":false,"widgetType":"motta-navigation-menu","elType":"widget"},{"id":"e75b0b3","settings":{"width_mobile":{"unit":"%","size":100,"sizes":[]},"text":"Divider","color":"#ECF0F4","gap":{"unit":"px","size":1,"sizes":[]},"_padding":{"unit":"px","top":"17","right":"0","bottom":"0","left":"0","isLinked":false},"hide_desktop":"hidden-desktop","hide_tablet":"hidden-tablet"},"elements":[],"isInner":false,"widgetType":"divider","elType":"widget"}],"isInner":false,"elType":"column"},{"id":"7572805c","settings":{"_column_size":20,"_inline_size":15,"_inline_size_tablet":22},"elements":[{"id":"5afa7469","settings":{"title":"Orders & Returns","list_menu":"footer-orders-returns","mobile_toggle":"yes","menu_items":[{"title_menu":"Menu item 1","_id":"363a691"},{"title_menu":"Menu item 2","_id":"5ff8737"},{"title_menu":"Menu item 3","_id":"8f3f2fc"}],"toggle_menu_mobile":"yes"},"elements":[],"isInner":false,"widgetType":"motta-navigation-menu","elType":"widget"},{"id":"659bb008","settings":{"width_mobile":{"unit":"%","size":100,"sizes":[]},"text":"Divider","color":"#ECF0F4","gap":{"unit":"px","size":1,"sizes":[]},"_padding":{"unit":"px","top":"17","right":"0","bottom":"0","left":"0","isLinked":false},"hide_desktop":"hidden-desktop","hide_tablet":"hidden-tablet"},"elements":[],"isInner":false,"widgetType":"divider","elType":"widget"}],"isInner":false,"elType":"column"}],"isInner":false,"elType":"section"},{"id":"55de49bc","settings":{"structure":"20","margin":{"unit":"px","top":"","right":0,"bottom":"","left":0,"isLinked":true},"margin_mobile":{"unit":"px","top":"","right":0,"bottom":"","left":0,"isLinked":true},"content_position":"middle"},"elements":[{"id":"13b65b42","settings":{"_column_size":50,"_inline_size":null,"padding_mobile":{"unit":"px","top":"0","right":"16","bottom":"0","left":"16","isLinked":false}},"elements":[{"id":"4067bcc7","settings":{"editor":"<div>Copyright \u00a9 2021 Motta, All Rights Reserved. <a style=\"font-weight: 500; text-decoration: underline;\" href=\"https:\/\/motta.uix.store\/legal\/privacy-policy\/\">Privacy Notice<\/a> <a style=\"font-weight: 500; text-decoration: underline;\"href=\"https:\/\/motta.uix.store\/legal\/terms-of-use\/\">Terms of Use<\/a><\/div>","typography_typography":"custom","typography_font_size":{"unit":"px","size":12,"sizes":[]}},"elements":[],"isInner":false,"widgetType":"text-editor","elType":"widget"}],"isInner":false,"elType":"column"},{"id":"41071967","settings":{"_column_size":50,"_inline_size":null},"elements":[{"id":"2b00ee19","settings":{"currency":"","align":"flex-end"},"elements":[],"isInner":false,"widgetType":"motta-preferences","elType":"widget"}],"isInner":false,"elType":"column"}],"isInner":false,"elType":"section"}],"page_settings":[],"version":"0.4","title":"footer-for-help-article","type":"page"}