{"content":[{"id":"40c58522","settings":{"content_width":{"unit":"px","size":1268,"sizes":[]},"gap":"no","stretch_section":"section-stretched","_title":"Section"},"elements":[{"id":"725fd463","settings":{"_column_size":100,"_inline_size":null},"elements":[{"id":"3f9f7942","settings":{"layout":"full_width","gap":"no","background_background":"classic","background_color":"#FFF9E0","padding":{"unit":"px","top":"120","right":"0","bottom":"120","left":"0","isLinked":false},"padding_mobile":{"unit":"px","top":"73","right":"0","bottom":"74","left":"0","isLinked":false}},"elements":[{"id":"1e9eff53","settings":{"_column_size":100,"_inline_size":null,"padding_mobile":{"unit":"px","top":"6","right":"6","bottom":"6","left":"6","isLinked":true}},"elements":[{"id":"657d8919","settings":{"before_title":"Executive Leadership","title":"Still need help?","align":"center","before_title_spacing":{"unit":"px","size":29,"sizes":[]},"typography_typography":"custom","typography_font_weight":"500","typography_line_height_tablet":{"unit":"px","size":"","sizes":[]},"typography_line_height_mobile":{"unit":"px","size":"","sizes":[]},"before_title_spacing_mobile":{"unit":"px","size":24,"sizes":[]},"typography_font_size":{"unit":"px","size":18,"sizes":[]},"spacing":{"unit":"px","size":24,"sizes":[]}},"elements":[],"isInner":false,"widgetType":"motta-heading","elType":"widget"},{"id":"2af9725b","settings":{"before_title":"Careers","title":"Get help with common <br>\nquestions or reach out to our<br>\nsupport team.","align":"center","before_title_spacing":{"unit":"px","size":33,"sizes":[]},"typography_typography":"custom","typography_font_weight":"500","typography_line_height":{"unit":"px","size":64,"sizes":[]},"typography_font_size_tablet":{"unit":"px","size":40,"sizes":[]},"typography_font_size_mobile":{"unit":"px","size":32,"sizes":[]},"typography_line_height_tablet":{"unit":"px","size":60,"sizes":[]},"typography_line_height_mobile":{"unit":"px","size":40,"sizes":[]},"before_title_spacing_mobile":{"unit":"px","size":24,"sizes":[]},"align_mobile":"center","_padding":{"unit":"px","top":"0","right":"0","bottom":"35","left":"0","isLinked":false},"_padding_mobile":{"unit":"px","top":"0","right":"0","bottom":"24","left":"0","isLinked":false}},"elements":[],"isInner":false,"widgetType":"motta-heading","elType":"widget"},{"id":"183dc4e","settings":{"title":"View Open Roles","link":{"url":"#","is_external":"","nofollow":"","custom_attributes":""},"padding":{"unit":"px","top":"0","right":"48","bottom":"0","left":"48","isLinked":false},"background_color":"#1D2128","shape":"sharp","primary_button_text":"Contact Us","primary_button_link":{"url":"https:\/\/motta.uix.store\/contact-us-v1\/","is_external":"","nofollow":"","custom_attributes":""},"align_mobile":"center","primary_button_size":"large","primary_button_options":"yes","primary_button_width":{"unit":"px","size":200,"sizes":[]},"primary_button_background_color":"#1D2128","_padding":{"unit":"px","top":"26","right":"0","bottom":"0","left":"0","isLinked":false},"_padding_mobile":{"unit":"px","top":"24","right":"0","bottom":"15","left":"0","isLinked":false}},"elements":[],"isInner":false,"widgetType":"motta-button","elType":"widget"}],"isInner":true,"elType":"column"}],"isInner":true,"elType":"section"}],"isInner":false,"elType":"column"}],"isInner":false,"elType":"section"},{"id":"7f5067d","settings":{"border_width":{"unit":"px","top":"0","right":"0","bottom":"1","left":"0","isLinked":false},"border_color":"#ECF0F4","margin":{"unit":"px","top":"","right":0,"bottom":"","left":0,"isLinked":true},"padding_mobile":{"unit":"px","top":"50","right":"0","bottom":"0","left":"0","isLinked":false}},"elements":[{"id":"4359dcfa","settings":{"_column_size":100,"_inline_size":null,"_inline_size_tablet":100,"_inline_size_mobile":100},"elements":[{"id":"13099bc5","settings":{"title":"Get to Know Us","list_menu":"footer-know-us","toggle":"","mobile_toggle":"yes","menu_items":[{"title_menu":"Menu item 1","_id":"a8e7c16"},{"title_menu":"Menu item 2","_id":"9513bc8"},{"title_menu":"Menu item 3","_id":"9cdea54"}],"toggle_menu":"yes","toggle_menu_mobile":"yes","toggle_status_mobile":"yes"},"elements":[],"isInner":false,"widgetType":"motta-navigation-menu","elType":"widget"}],"isInner":false,"elType":"column"}],"isInner":false,"elType":"section"},{"id":"5e0a229a","settings":{"border_width":{"unit":"px","top":"0","right":"0","bottom":"1","left":"0","isLinked":false},"border_color":"#ECF0F4","margin":{"unit":"px","top":"","right":0,"bottom":"","left":0,"isLinked":true},"padding_mobile":{"unit":"px","top":"10","right":"0","bottom":"10","left":"0","isLinked":false}},"elements":[{"id":"fbbd7ff","settings":{"_column_size":100,"_inline_size":null,"_inline_size_tablet":100,"_inline_size_mobile":100},"elements":[{"id":"24bf44f","settings":{"title":"Customer Service","list_menu":"footer-service","mobile_toggle":"yes","menu_items":[{"title_menu":"Menu item 1","_id":"637710d"},{"title_menu":"Menu item 2","_id":"6a49752"},{"title_menu":"Menu item 3","_id":"d249a3b"}],"toggle_menu_mobile":"yes","toggle_menu":"yes","toggle_status":""},"elements":[],"isInner":false,"widgetType":"motta-navigation-menu","elType":"widget"}],"isInner":false,"elType":"column"}],"isInner":false,"elType":"section"},{"id":"4b9fa24d","settings":{"border_width":{"unit":"px","top":"0","right":"0","bottom":"1","left":"0","isLinked":false},"border_color":"#ECF0F4","margin":{"unit":"px","top":"","right":0,"bottom":"","left":0,"isLinked":true}},"elements":[{"id":"4a5c67bc","settings":{"_column_size":100,"_inline_size":null,"_inline_size_tablet":100},"elements":[{"id":"5fa0004c","settings":{"title":"Orders & Returns","list_menu":"footer-orders-returns","mobile_toggle":"yes","menu_items":[{"title_menu":"Menu item 1","_id":"363a691"},{"title_menu":"Menu item 2","_id":"5ff8737"},{"title_menu":"Menu item 3","_id":"8f3f2fc"}],"toggle_menu_mobile":"yes","toggle_menu":"yes","toggle_status":""},"elements":[],"isInner":false,"widgetType":"motta-navigation-menu","elType":"widget"}],"isInner":false,"elType":"column"}],"isInner":false,"elType":"section"},{"id":"31dc7509","settings":{"border_width":{"unit":"px","top":"0","right":"0","bottom":"1","left":"0","isLinked":false},"border_color":"#ECF0F4","margin":{"unit":"px","top":"","right":0,"bottom":"","left":0,"isLinked":true},"padding_mobile":{"unit":"px","top":"10","right":"0","bottom":"0","left":"0","isLinked":false}},"elements":[{"id":"58916612","settings":{"_column_size":100,"_inline_size":null,"space_between_widgets":0,"_inline_size_tablet":100},"elements":[{"id":"775b258b","settings":{"social_icon_list":[{"social_icon":{"value":"fab fa-twitter","library":"fa-brands"},"_id":"48272a2","link":{"url":"https:\/\/twitter.com\/motta.uix.store","is_external":"true","nofollow":"","custom_attributes":""}},{"social_icon":{"value":"fab fa-facebook-square","library":"fa-brands"},"_id":"4c9cfd4","link":{"url":"https:\/\/www.facebook.com\/motta.uix.store","is_external":"true","nofollow":"","custom_attributes":""}},{"social_icon":{"value":"fab fa-youtube","library":"fa-brands"},"_id":"c175218","link":{"url":"https:\/\/www.youtube.com\/motta.uix.store","is_external":"true","nofollow":"","custom_attributes":""}},{"_id":"cfb8721","social_icon":{"value":"fab fa-instagram","library":"fa-brands"},"link":{"url":"https:\/\/www.instagram.com\/motta.uix.store\/","is_external":"true","nofollow":"","custom_attributes":""}},{"_id":"65b6e37","social_icon":{"value":"fab fa-whatsapp","library":"fa-brands"},"link":{"url":"https:\/\/www.whatsapp.com\/motta.uix.store","is_external":"true","nofollow":"","custom_attributes":""}}],"icon_spacing":{"unit":"px","size":25,"sizes":[]},"align":"center","align_mobile":"center"},"elements":[],"isInner":false,"widgetType":"motta-social-icons","elType":"widget"}],"isInner":false,"elType":"column"}],"isInner":false,"elType":"section"},{"id":"56296c37","settings":{"structure":"20","border_width":{"unit":"px","top":"0","right":"0","bottom":"1","left":"0","isLinked":false},"border_color":"#ECF0F4","margin":{"unit":"px","top":"","right":0,"bottom":"","left":0,"isLinked":true}},"elements":[{"id":"3974769b","settings":{"_column_size":50,"_inline_size":null,"space_between_widgets":0,"_inline_size_tablet":50,"_inline_size_mobile":50},"elements":[{"id":"71040afb","settings":{"html":"<img class=\"alignnone size-full wp-image-3054\" src=\"http:\/\/demo3.drfuri.com\/motta\/wp-content\/uploads\/sites\/14\/2022\/05\/Logo-v1.png\" alt=\"\" width=\"114\" height=\"32\" \/>"},"elements":[],"isInner":false,"widgetType":"html","elType":"widget"}],"isInner":false,"elType":"column"},{"id":"4d196ce","settings":{"_column_size":50,"_inline_size":null,"_inline_size_tablet":50,"_inline_size_mobile":50},"elements":[{"id":"24924ff0","settings":{"currency":"","align":"flex-end","align_mobile":"flex-end","_padding":{"unit":"px","top":"7","right":"0","bottom":"0","left":"0","isLinked":false}},"elements":[],"isInner":false,"widgetType":"motta-preferences","elType":"widget"}],"isInner":false,"elType":"column"}],"isInner":false,"elType":"section"},{"id":"3b511922","settings":{"padding_mobile":{"unit":"px","top":"0","right":"0","bottom":"10","left":"0","isLinked":false}},"elements":[{"id":"58b679cd","settings":{"_column_size":100,"_inline_size":null},"elements":[{"id":"572bae32","settings":{"editor":"<div>Copyright \u00a9 2021 Motta, All Rights Reserved.<br\/> <a style=\"font-weight: 500; text-decoration: underline;\" href=\"https:\/\/motta.uix.store\/legal\/privacy-policy\/\">Privacy Notice<\/a> <a style=\"font-weight: 500; text-decoration: underline;\" href=\"https:\/\/motta.uix.store\/legal\/terms-of-use\/\">Terms of Use<\/a><\/div>","align":"center","align_mobile":"center","typography_typography":"custom","typography_font_size":{"unit":"px","size":12,"sizes":[]}},"elements":[],"isInner":false,"widgetType":"text-editor","elType":"widget"}],"isInner":false,"elType":"column"}],"isInner":false,"elType":"section"}],"page_settings":[],"version":"0.4","title":"Footer Mobile For Help Article","type":"page"}