{"content":[{"id":"b5ce629","settings":{"structure":"40","border_border":"solid","border_width":{"unit":"px","top":"1","right":"0","bottom":"0","left":"0","isLinked":false},"border_color":"#ECF0F4","margin":{"unit":"px","top":"","right":0,"bottom":"","left":0,"isLinked":true},"padding":{"unit":"px","top":"23","right":"0","bottom":"0","left":"0","isLinked":false},"margin_mobile":{"unit":"px","top":"","right":0,"bottom":"","left":0,"isLinked":true},"border_width_mobile":{"unit":"px","top":"4","right":"0","bottom":"0","left":"0","isLinked":false},"padding_mobile":{"unit":"px","top":"18","right":"0","bottom":"10","left":"0","isLinked":false}},"elements":[{"id":"772be5dd","settings":{"_column_size":25,"_inline_size":null,"_inline_size_tablet":50,"_inline_size_mobile":50,"padding_mobile":{"unit":"px","top":"16","right":"10","bottom":"16","left":"10","isLinked":false}},"elements":[{"id":"2620d207","settings":{"title":"Worldwide Delivery","description":"200 countries and regions<br \/> worldwide","icon":{"value":{"url":"https:\/\/motta.uix.store\/wp-content\/uploads\/2022\/08\/worldwide.svg","id":13428},"library":"svg"},"position":"left","icon_size":{"unit":"px","size":47,"sizes":[]},"title_typography_font_weight":"500","title_spacing":{"unit":"px","size":3,"sizes":[]},"description_spacing":{"unit":"px","size":0,"sizes":[]},"position_mobile":"top","align_mobile":"center","position_tablet":"left","icon_spacing_mobile":{"unit":"px","size":13,"sizes":[]},"alignment_mobile":"center","description_typography_typography":"custom","description_typography_font_size_mobile":{"unit":"px","size":12,"sizes":[]},"icon_color":"#7C818B","title_typography_typography":"custom","title_typography_font_size":{"unit":"px","size":16,"sizes":[]},"description_color":"#7C818B","description_typography_font_size":{"unit":"px","size":14,"sizes":[]}},"elements":[],"isInner":false,"widgetType":"motta-icon-box","elType":"widget"}],"isInner":false,"elType":"column"},{"id":"5744dc19","settings":{"_column_size":25,"_inline_size":null,"_inline_size_tablet":50,"_inline_size_mobile":50,"padding_mobile":{"unit":"px","top":"16","right":"8","bottom":"16","left":"3","isLinked":false}},"elements":[{"id":"3ade6ee6","settings":{"title":"Secure Payment","description":"Pay with popular and secure<br \/> payment methods","icon":{"value":{"url":"https:\/\/motta.uix.store\/wp-content\/uploads\/2022\/08\/secure-payment.svg","id":13429},"library":"svg"},"position":"left","icon_size":{"unit":"px","size":47,"sizes":[]},"title_typography_font_weight":"500","title_spacing":{"unit":"px","size":3,"sizes":[]},"description_spacing":{"unit":"px","size":0,"sizes":[]},"position_mobile":"top","align_mobile":"center","position_tablet":"left","icon_spacing_mobile":{"unit":"px","size":13,"sizes":[]},"alignment_mobile":"center","description_typography_typography":"custom","description_typography_font_size_mobile":{"unit":"px","size":12,"sizes":[]},"icon_color":"#7C818B","title_typography_typography":"custom","title_typography_font_size":{"unit":"px","size":16,"sizes":[]},"description_color":"#7C818B","description_typography_font_size":{"unit":"px","size":14,"sizes":[]}},"elements":[],"isInner":false,"widgetType":"motta-icon-box","elType":"widget"}],"isInner":false,"elType":"column"},{"id":"523c0955","settings":{"_column_size":25,"_inline_size":null,"_inline_size_tablet":50,"_inline_size_mobile":50,"padding_mobile":{"unit":"px","top":"7","right":"3","bottom":"16","left":"8","isLinked":false}},"elements":[{"id":"74e15215","settings":{"title":"60-day Return Policy","description":"Merchandise must be returned<br \/> within 60 days.","icon":{"value":{"url":"https:\/\/motta.uix.store\/wp-content\/uploads\/2022\/08\/return.svg","id":13432},"library":"svg"},"position":"left","icon_size":{"unit":"px","size":47,"sizes":[]},"title_typography_font_weight":"500","title_spacing":{"unit":"px","size":3,"sizes":[]},"description_spacing":{"unit":"px","size":0,"sizes":[]},"position_mobile":"top","align_mobile":"center","position_tablet":"left","icon_spacing_mobile":{"unit":"px","size":13,"sizes":[]},"alignment_mobile":"center","description_typography_typography":"custom","description_typography_font_size_mobile":{"unit":"px","size":12,"sizes":[]},"icon_color":"#7C818B","title_typography_typography":"custom","title_typography_font_size":{"unit":"px","size":16,"sizes":[]},"description_color":"#7C818B","description_typography_font_size":{"unit":"px","size":14,"sizes":[]}},"elements":[],"isInner":false,"widgetType":"motta-icon-box","elType":"widget"}],"isInner":false,"elType":"column"},{"id":"128e8036","settings":{"_column_size":25,"_inline_size":null,"_inline_size_tablet":50,"_inline_size_mobile":50,"padding_mobile":{"unit":"px","top":"7","right":"10","bottom":"16","left":"10","isLinked":false}},"elements":[{"id":"18208bb1","settings":{"title":"24\/7 Help Center","description":"We'll respond to you within<br \/> 24 hours","icon":{"value":{"url":"https:\/\/motta.uix.store\/wp-content\/uploads\/2021\/12\/help-center.svg","id":14316},"library":"svg"},"position":"left","icon_color":"#7C818B","icon_size":{"unit":"px","size":47,"sizes":[]},"title_typography_font_weight":"500","title_spacing":{"unit":"px","size":3,"sizes":[]},"description_spacing":{"unit":"px","size":0,"sizes":[]},"position_mobile":"top","align_mobile":"center","position_tablet":"left","icon_spacing_mobile":{"unit":"px","size":13,"sizes":[]},"alignment_mobile":"center","description_typography_typography":"custom","description_typography_font_size_mobile":{"unit":"px","size":12,"sizes":[]},"title_typography_typography":"custom","title_typography_font_size":{"unit":"px","size":16,"sizes":[]},"description_color":"#7C818B","description_typography_font_size":{"unit":"px","size":14,"sizes":[]}},"elements":[],"isInner":false,"widgetType":"motta-icon-box","elType":"widget"}],"isInner":false,"elType":"column"}],"isInner":false,"elType":"section"},{"id":"a2aebd7","settings":{"hide_mobile":"hidden-mobile"},"elements":[{"id":"64492c21","settings":{"_column_size":100,"_inline_size":null,"padding":{"unit":"px","top":"0","right":"16","bottom":"0","left":"16","isLinked":false}},"elements":[{"id":"3c9d3e18","settings":{"text":"Divider","color":"#ECF0F4","gap":{"unit":"px","size":14,"sizes":[]}},"elements":[],"isInner":false,"widgetType":"divider","elType":"widget"}],"isInner":false,"elType":"column"}],"isInner":false,"elType":"section"},{"id":"2c6b6ebb","settings":{"structure":"50","border_border":"solid","border_width":{"unit":"px","top":"0","right":"0","bottom":"0","left":"0","isLinked":false},"border_color":"#ECF0F4","margin":{"unit":"px","top":"","right":0,"bottom":"","left":0,"isLinked":true},"padding":{"unit":"px","top":"18","right":"0","bottom":"0","left":"0","isLinked":false},"border_width_mobile":{"unit":"px","top":"1","right":"0","bottom":"0","left":"0","isLinked":false},"padding_mobile":{"unit":"px","top":"10","right":"0","bottom":"0","left":"0","isLinked":false}},"elements":[{"id":"4d1e146a","settings":{"_column_size":20,"_inline_size":18,"_inline_size_tablet":25,"padding_mobile":{"unit":"px","top":"16","right":"16","bottom":"0","left":"16","isLinked":false}},"elements":[{"id":"360ce351","settings":{"title":"Get to Know Us","list_menu":"footer-know-us","spacing":{"unit":"px","size":10,"sizes":[]},"menu_items":[{"title_menu":"Menu item 1","_id":"4c380bd"},{"title_menu":"Menu item 2","_id":"a5bef50"},{"title_menu":"Menu item 3","_id":"14bed9f"}],"toggle_menu_mobile":"yes"},"elements":[],"isInner":false,"widgetType":"motta-navigation-menu","elType":"widget"},{"id":"32835227","settings":{"text":"Divider","color":"#ECF0F4","gap_mobile":{"unit":"px","size":19,"sizes":[]},"hide_desktop":"hidden-desktop","hide_tablet":"hidden-tablet"},"elements":[],"isInner":false,"widgetType":"divider","elType":"widget"}],"isInner":false,"elType":"column"},{"id":"342ffc68","settings":{"_column_size":20,"_inline_size":18,"_inline_size_tablet":25,"padding_mobile":{"unit":"px","top":"0","right":"16","bottom":"0","left":"16","isLinked":false}},"elements":[{"id":"6c6e684b","settings":{"title":"Customer Service","list_menu":"footer-service","spacing":{"unit":"px","size":10,"sizes":[]},"menu_items":[{"title_menu":"Menu item 1","_id":"1adc015"},{"title_menu":"Menu item 2","_id":"e33d5fd"},{"title_menu":"Menu item 3","_id":"3a282d8"}],"toggle_menu_mobile":"yes"},"elements":[],"isInner":false,"widgetType":"motta-navigation-menu","elType":"widget"},{"id":"2be13698","settings":{"text":"Divider","color":"#ECF0F4","gap_mobile":{"unit":"px","size":19,"sizes":[]},"hide_desktop":"hidden-desktop","hide_tablet":"hidden-tablet"},"elements":[],"isInner":false,"widgetType":"divider","elType":"widget"}],"isInner":false,"elType":"column"},{"id":"581e27b0","settings":{"_column_size":20,"_inline_size":18,"_inline_size_tablet":25,"padding_mobile":{"unit":"px","top":"0","right":"16","bottom":"0","left":"16","isLinked":false}},"elements":[{"id":"1229b69e","settings":{"title":"Orders & Returns","list_menu":"footer-orders-returns","spacing":{"unit":"px","size":10,"sizes":[]},"menu_items":[{"title_menu":"Menu item 1","_id":"89c522a"},{"title_menu":"Menu item 2","_id":"60a87da"},{"title_menu":"Menu item 3","_id":"4306d95"}],"toggle_menu_mobile":"yes"},"elements":[],"isInner":false,"widgetType":"motta-navigation-menu","elType":"widget"},{"id":"276456c7","settings":{"text":"Divider","color":"#ECF0F4","gap_mobile":{"unit":"px","size":19,"sizes":[]},"hide_desktop":"hidden-desktop","hide_tablet":"hidden-tablet"},"elements":[],"isInner":false,"widgetType":"divider","elType":"widget"}],"isInner":false,"elType":"column"},{"id":"36e73220","settings":{"_column_size":20,"_inline_size":16.5,"_inline_size_tablet":25,"padding_mobile":{"unit":"px","top":"0","right":"16","bottom":"0","left":"16","isLinked":false}},"elements":[{"id":"4af578e8","settings":{"title":"Legal","list_menu":"footer-policy","spacing":{"unit":"px","size":10,"sizes":[]},"menu_items":[{"title_menu":"Menu item 1","_id":"40437ac"},{"title_menu":"Menu item 2","_id":"01c7f80"},{"title_menu":"Menu item 3","_id":"353b88e"}],"toggle_menu_mobile":"yes"},"elements":[],"isInner":false,"widgetType":"motta-navigation-menu","elType":"widget"},{"id":"132358e8","settings":{"text":"Divider","color":"#ECF0F4","gap_mobile":{"unit":"px","size":19,"sizes":[]},"hide_desktop":"hidden-desktop","hide_tablet":"hidden-tablet"},"elements":[],"isInner":false,"widgetType":"divider","elType":"widget"}],"isInner":false,"elType":"column"},{"id":"5e2467bc","settings":{"_column_size":20,"_inline_size":29.5,"_inline_size_tablet":100,"space_between_widgets":0,"padding_mobile":{"unit":"px","top":"3","right":"16","bottom":"14","left":"16","isLinked":false}},"elements":[{"id":"2e734f47","settings":{"title":"Let\u2019s keep in touch","title_size":"h6","typography_typography":"custom","typography_font_weight":"500","spacing":{"unit":"px","size":20,"sizes":[]}},"elements":[],"isInner":false,"widgetType":"motta-heading","elType":"widget"},{"id":"2f61cf06","settings":{"editor":"<div>Get recommendations, tips, updates and more.<\/div>","text_color":"#7C818B","typography_typography":"custom","typography_font_size":{"unit":"px","size":14,"sizes":[]},"typography_font_weight":"normal","_padding":{"unit":"px","top":"0","right":"0","bottom":"11","left":"0","isLinked":false}},"elements":[],"isInner":false,"widgetType":"text-editor","elType":"widget"},{"id":"2d10e243","settings":{"form_id":"192","style":"medium","_margin":{"unit":"px","top":"0","right":"0","bottom":"30","left":"0","isLinked":false},"form_shortcode":"[mc4wp_form id=\"192\"]","form_height":{"unit":"px","size":44,"sizes":[]},"form_shape":"circle","button_padding":{"unit":"px","top":"0","right":"20","bottom":"0","left":"20","isLinked":false},"button_options":"yes","button_width":{"unit":"px","size":105,"sizes":[]}},"elements":[],"isInner":false,"widgetType":"motta-subscribe-box","elType":"widget"},{"id":"584707b0","settings":{"title":"Stay Connected","title_size":"h6","typography_typography":"custom","typography_font_weight":"500","spacing":{"unit":"px","size":11,"sizes":[]}},"elements":[],"isInner":false,"widgetType":"motta-heading","elType":"widget"},{"id":"5da39e79","settings":{"social_icon_list":[{"social_icon":{"value":"fab fa-twitter","library":"fa-brands"},"_id":"48272a2","link":{"url":"https:\/\/twitter.com\/motta.uix.store","is_external":"true","nofollow":"","custom_attributes":""}},{"social_icon":{"value":"fab fa-facebook-square","library":"fa-brands"},"_id":"4c9cfd4","link":{"url":"https:\/\/www.facebook.com\/motta.uix.store","is_external":"true","nofollow":"","custom_attributes":""}},{"social_icon":{"value":"fab fa-youtube","library":"fa-brands"},"_id":"c175218","link":{"url":"https:\/\/www.youtube.com\/motta.uix.store","is_external":"true","nofollow":"","custom_attributes":""}},{"_id":"cfb8721","social_icon":{"value":"fab fa-instagram","library":"fa-brands"},"link":{"url":"https:\/\/www.instagram.com\/motta.uix.store\/","is_external":"true","nofollow":"","custom_attributes":""}},{"_id":"65b6e37","social_icon":{"value":"fab fa-whatsapp","library":"fa-brands"},"link":{"url":"https:\/\/www.whatsapp.com\/motta.uix.store","is_external":"true","nofollow":"","custom_attributes":""}}],"icon_spacing":{"unit":"px","size":"","sizes":[]},"_margin_mobile":{"unit":"px","top":"0","right":"0","bottom":"2","left":"0","isLinked":false},"icon_spacing_mobile":{"unit":"px","size":25,"sizes":[]},"align_mobile":"justify"},"elements":[],"isInner":false,"widgetType":"motta-social-icons","elType":"widget"}],"isInner":false,"elType":"column"}],"isInner":false,"elType":"section"},{"id":"73787376","settings":{"hide_mobile":"hidden-mobile"},"elements":[{"id":"30dc4130","settings":{"_column_size":100,"_inline_size":null,"padding":{"unit":"px","top":"0","right":"16","bottom":"0","left":"16","isLinked":false}},"elements":[{"id":"156947fe","settings":{"text":"Divider","color":"#ECF0F4","gap":{"unit":"px","size":14,"sizes":[]}},"elements":[],"isInner":false,"widgetType":"divider","elType":"widget"}],"isInner":false,"elType":"column"}],"isInner":false,"elType":"section"},{"id":"2a3722a6","settings":{"structure":"20","border_border":"solid","border_width":{"unit":"px","top":"0","right":"0","bottom":"0","left":"0","isLinked":true},"border_width_mobile":{"unit":"px","top":"1","right":"0","bottom":"0","left":"0","isLinked":false},"border_color":"#ECF0F4","content_position":"middle","padding":{"unit":"px","top":"0","right":"0","bottom":"10","left":"0","isLinked":false}},"elements":[{"id":"779bd67b","settings":{"_column_size":50,"_inline_size":null,"padding_mobile":{"unit":"px","top":"16","right":"16","bottom":"0","left":"16","isLinked":false}},"elements":[{"id":"6f0a9215","settings":{"editor":"Copyright \u00a9 [motta_year] Motta, All rights reserved.","text_color":"#1D2128","__globals__":{"typography_typography":""},"typography_typography":"custom","typography_font_size":{"unit":"px","size":14,"sizes":[]},"typography_font_weight":"normal","align_mobile":"center","_margin_mobile":{"unit":"px","top":"4","right":"0","bottom":"18","left":"0","isLinked":false},"_border_border":"solid","_border_width":{"unit":"px","top":"0","right":"0","bottom":"0","left":"0","isLinked":true},"_border_width_mobile":{"unit":"px","top":"0","right":"0","bottom":"1","left":"0","isLinked":false},"_border_color":"#ECF0F4"},"elements":[],"isInner":false,"widgetType":"text-editor","elType":"widget"}],"isInner":false,"elType":"column"},{"id":"515e4e59","settings":{"_column_size":50,"_inline_size":null,"padding_mobile":{"unit":"px","top":"0","right":"16","bottom":"0","left":"16","isLinked":false}},"elements":[{"id":"33739264","settings":{"images":[{"_id":"f36779e","image":{"url":"https:\/\/motta.uix.store\/wp-content\/uploads\/2021\/12\/footer-bank-transfer.png","id":14322,"alt":"","source":"library"}},{"_id":"5bc4d8a","image":{"url":"https:\/\/motta.uix.store\/wp-content\/uploads\/2021\/12\/footer-visa.png","id":14325,"alt":"","source":"library"}},{"_id":"6ac4fd8","image":{"url":"https:\/\/motta.uix.store\/wp-content\/uploads\/2021\/12\/footer-mastercard.png","id":14323,"alt":"","source":"library"}},{"image":{"url":"https:\/\/motta.uix.store\/wp-content\/uploads\/2021\/12\/footer-paypal.png","id":14324,"alt":"","source":"library"},"_id":"1e45b65"}],"slides_horizontal_position":"right","spacing_image_item":{"unit":"px","size":11,"sizes":[]},"spacing_image_item_mobile":{"unit":"px","size":11,"sizes":[]},"slides_horizontal_position_mobile":"justify"},"elements":[],"isInner":false,"widgetType":"motta-image-grid","elType":"widget"}],"isInner":false,"elType":"column"}],"isInner":false,"elType":"section"}],"page_settings":[],"version":"0.4","title":"footer-v2","type":"page"}