{"content":[{"id":"37b56b7d","settings":{"border_width":{"unit":"px","top":"4","right":"0","bottom":"0","left":"0","isLinked":false},"border_color":"#ECF0F4","margin":{"unit":"px","top":"","right":0,"bottom":"","left":0,"isLinked":true},"border_width_mobile":{"unit":"px","top":"4","right":"0","bottom":"0","left":"0","isLinked":false},"padding":{"unit":"px","top":"13","right":"0","bottom":"0","left":"0","isLinked":false},"border_border":"solid"},"elements":[{"id":"394d9611","settings":{"_column_size":100,"_inline_size":null,"padding_mobile":{"unit":"px","top":"16","right":"16","bottom":"0","left":"16","isLinked":false},"padding":{"unit":"px","top":"12","right":"12","bottom":"6","left":"12","isLinked":false}},"elements":[{"id":"30c61b60","settings":{"title":"Get to Know Us","list_menu":"footer-know-us","toggle":"","mobile_toggle":"yes","menu_items":[{"title_menu":"Menu item 1","_id":"a8e7c16"},{"title_menu":"Menu item 2","_id":"9513bc8"},{"title_menu":"Menu item 3","_id":"9cdea54"}],"toggle_menu":"yes","toggle_menu_mobile":"yes","toggle_status_mobile":"yes","typography_typography":"custom","typography_font_size":{"unit":"px","size":16,"sizes":[]},"toggle_menu_tablet":"yes","toggle_status_tablet":"yes","typography_menu_typography":"custom"},"elements":[],"isInner":false,"widgetType":"motta-navigation-menu","elType":"widget"},{"id":"66323d99","settings":{"width_mobile":{"unit":"%","size":100,"sizes":[]},"text":"Divider","color":"#ECF0F4","gap":{"unit":"px","size":1,"sizes":[]},"_padding":{"unit":"px","top":"17","right":"0","bottom":"0","left":"0","isLinked":false}},"elements":[],"isInner":false,"widgetType":"divider","elType":"widget"}],"isInner":false,"elType":"column"}],"isInner":false,"elType":"section"},{"id":"437d90bd","settings":{"border_width":{"unit":"px","top":"1","right":"0","bottom":"0","left":"0","isLinked":false},"border_color":"#ECF0F4","margin":{"unit":"px","top":"","right":0,"bottom":"","left":0,"isLinked":true},"border_width_mobile":{"unit":"px","top":"4","right":"0","bottom":"0","left":"0","isLinked":false}},"elements":[{"id":"685bac2c","settings":{"_column_size":100,"_inline_size":null,"padding_mobile":{"unit":"px","top":"16","right":"16","bottom":"0","left":"16","isLinked":false},"padding":{"unit":"px","top":"12","right":"12","bottom":"6","left":"12","isLinked":false}},"elements":[{"id":"3484c799","settings":{"title":"Customer Service","list_menu":"footer-service","mobile_toggle":"yes","menu_items":[{"title_menu":"Menu item 1","_id":"637710d"},{"title_menu":"Menu item 2","_id":"6a49752"},{"title_menu":"Menu item 3","_id":"d249a3b"}],"toggle_menu_mobile":"yes","toggle_menu":"yes","toggle_status":"","typography_typography":"custom","typography_font_size":{"unit":"px","size":16,"sizes":[]},"_padding_mobile":{"unit":"px","top":"2","right":"0","bottom":"0","left":"0","isLinked":false},"toggle_menu_tablet":"yes"},"elements":[],"isInner":false,"widgetType":"motta-navigation-menu","elType":"widget"},{"id":"4e8375a","settings":{"width_mobile":{"unit":"%","size":100,"sizes":[]},"text":"Divider","color":"#ECF0F4","gap":{"unit":"px","size":1,"sizes":[]},"_padding":{"unit":"px","top":"17","right":"0","bottom":"0","left":"0","isLinked":false}},"elements":[],"isInner":false,"widgetType":"divider","elType":"widget"}],"isInner":false,"elType":"column"}],"isInner":false,"elType":"section"},{"id":"6ef75724","settings":{"border_width":{"unit":"px","top":"1","right":"0","bottom":"0","left":"0","isLinked":false},"border_color":"#ECF0F4","margin":{"unit":"px","top":"","right":0,"bottom":"","left":0,"isLinked":true},"border_width_mobile":{"unit":"px","top":"4","right":"0","bottom":"0","left":"0","isLinked":false}},"elements":[{"id":"9c4838e","settings":{"_column_size":100,"_inline_size":null,"padding_mobile":{"unit":"px","top":"16","right":"16","bottom":"0","left":"16","isLinked":false},"padding":{"unit":"px","top":"12","right":"12","bottom":"6","left":"12","isLinked":false}},"elements":[{"id":"30ab8410","settings":{"title":"Orders & Returns","list_menu":"footer-orders-returns","mobile_toggle":"yes","menu_items":[{"title_menu":"Menu item 1","_id":"363a691"},{"title_menu":"Menu item 2","_id":"5ff8737"},{"title_menu":"Menu item 3","_id":"8f3f2fc"}],"toggle_menu_mobile":"yes","toggle_menu":"yes","toggle_status":"","typography_typography":"custom","typography_font_size":{"unit":"px","size":16,"sizes":[]},"_padding_mobile":{"unit":"px","top":"2","right":"0","bottom":"0","left":"0","isLinked":false},"toggle_menu_tablet":"yes"},"elements":[],"isInner":false,"widgetType":"motta-navigation-menu","elType":"widget"},{"id":"7bf80a87","settings":{"width_mobile":{"unit":"%","size":100,"sizes":[]},"text":"Divider","color":"#ECF0F4","gap":{"unit":"px","size":1,"sizes":[]},"_padding":{"unit":"px","top":"17","right":"0","bottom":"0","left":"0","isLinked":false}},"elements":[],"isInner":false,"widgetType":"divider","elType":"widget"}],"isInner":false,"elType":"column"}],"isInner":false,"elType":"section"},{"id":"123d064c","settings":{"border_width":{"unit":"px","top":"1","right":"0","bottom":"0","left":"0","isLinked":false},"border_color":"#ECF0F4","margin":{"unit":"px","top":"","right":0,"bottom":"","left":0,"isLinked":true},"border_width_mobile":{"unit":"px","top":"4","right":"0","bottom":"0","left":"0","isLinked":false}},"elements":[{"id":"6fabc852","settings":{"_column_size":100,"padding_mobile":{"unit":"px","top":"16","right":"16","bottom":"0","left":"16","isLinked":false},"padding":{"unit":"px","top":"12","right":"12","bottom":"6","left":"12","isLinked":false}},"elements":[{"id":"3f4a73cd","settings":{"title":"Quick Links","list_menu":"footer-shopping","mobile_toggle":"yes","menu_items":[{"title_menu":"Menu item 1","_id":"363a691"},{"title_menu":"Menu item 2","_id":"5ff8737"},{"title_menu":"Menu item 3","_id":"8f3f2fc"}],"toggle_menu_mobile":"yes","toggle_menu":"yes","toggle_status":"","typography_typography":"custom","typography_font_size":{"unit":"px","size":16,"sizes":[]},"toggle_menu_tablet":"yes"},"elements":[],"isInner":false,"widgetType":"motta-navigation-menu","elType":"widget"},{"id":"b7a1c76","settings":{"width_mobile":{"unit":"%","size":100,"sizes":[]},"text":"Divider","color":"#ECF0F4","gap":{"unit":"px","size":1,"sizes":[]},"_padding":{"unit":"px","top":"17","right":"0","bottom":"0","left":"0","isLinked":false}},"elements":[],"isInner":false,"widgetType":"divider","elType":"widget"}],"isInner":false,"elType":"column"}],"isInner":false,"elType":"section"},{"id":"1946326f","settings":{"border_width":{"unit":"px","top":"1","right":"0","bottom":"0","left":"0","isLinked":false},"border_color":"#ECF0F4","margin":{"unit":"px","top":"","right":0,"bottom":"","left":0,"isLinked":true},"border_width_mobile":{"unit":"px","top":"4","right":"0","bottom":"0","left":"0","isLinked":false}},"elements":[{"id":"477ec9ec","settings":{"_column_size":100,"_inline_size":null,"padding_mobile":{"unit":"px","top":"16","right":"16","bottom":"0","left":"16","isLinked":false},"padding":{"unit":"px","top":"12","right":"12","bottom":"6","left":"12","isLinked":false}},"elements":[{"id":"4ce1913f","settings":{"title":"Connect","list_menu":"footer-socials","mobile_toggle":"yes","menu_items":[{"title_menu":"Menu item 1","_id":"363a691"},{"title_menu":"Menu item 2","_id":"5ff8737"},{"title_menu":"Menu item 3","_id":"8f3f2fc"}],"toggle_menu_mobile":"yes","toggle_menu":"yes","toggle_status":"","typography_typography":"custom","typography_font_size":{"unit":"px","size":16,"sizes":[]},"toggle_menu_tablet":"yes"},"elements":[],"isInner":false,"widgetType":"motta-navigation-menu","elType":"widget"},{"id":"4def22b9","settings":{"width_mobile":{"unit":"%","size":100,"sizes":[]},"text":"Divider","color":"#ECF0F4","gap":{"unit":"px","size":1,"sizes":[]},"_padding":{"unit":"px","top":"17","right":"0","bottom":"0","left":"0","isLinked":false}},"elements":[],"isInner":false,"widgetType":"divider","elType":"widget"}],"isInner":false,"elType":"column"}],"isInner":false,"elType":"section"},{"id":"7b875ddc","settings":{"margin":{"unit":"px","top":"","right":0,"bottom":"","left":0,"isLinked":true},"margin_mobile":{"unit":"px","top":"","right":0,"bottom":"","left":0,"isLinked":true},"padding":{"unit":"px","top":"30","right":"0","bottom":"0","left":"36","isLinked":false}},"elements":[{"id":"145c3d79","settings":{"_column_size":100,"_inline_size":null,"_inline_size_tablet":33,"padding_mobile":{"unit":"px","top":"16","right":"16","bottom":"16","left":"16","isLinked":true}},"elements":[{"id":"337c0853","settings":{"icon":{"value":{"url":"https:\/\/motta.uix.store\/electronic\/wp-content\/uploads\/sites\/6\/2021\/12\/contact-fv4.svg","id":18474},"library":"svg"},"title":"Didn't find what you were looking for?","description":"","button":"Contact Us","position":"left","icon_spacing":{"unit":"px","size":12,"sizes":[]},"icon_size":{"unit":"px","size":30,"sizes":[]},"title_spacing":{"unit":"px","size":0,"sizes":[]},"position_tablet":"left","position_mobile":"left","title_size":"div","title_typography_typography":"custom","title_typography_font_size":{"unit":"px","size":14,"sizes":[]},"title_typography_font_weight":"500","button_underline":"show","image":{"id":12117,"url":"http:\/\/localhost\/dev\/motta\/wp-content\/uploads\/sites\/12\/2022\/08\/placeholder-7.png"},"primary_button_text":"Contact Us","primary_button_link":{"url":"https:\/\/motta.uix.store\/electronic\/contact-us-v1\/","is_external":"","nofollow":"","custom_attributes":""},"primary_button_typography_typography":"custom","primary_button_typography_font_weight":"400"},"elements":[],"isInner":false,"widgetType":"motta-icon-box","elType":"widget"}],"isInner":false,"elType":"column"}],"isInner":false,"elType":"section"},{"id":"1cfffabb","settings":{"margin":{"unit":"px","top":"","right":0,"bottom":"","left":0,"isLinked":true},"margin_mobile":{"unit":"px","top":"","right":0,"bottom":"","left":0,"isLinked":true},"padding":{"unit":"px","top":"0","right":"0","bottom":"0","left":"36","isLinked":false}},"elements":[{"id":"109f88c1","settings":{"_column_size":100,"_inline_size":null,"_inline_size_tablet":33,"padding_mobile":{"unit":"px","top":"16","right":"16","bottom":"16","left":"16","isLinked":true}},"elements":[{"id":"410bb45","settings":{"icon":{"value":{"url":"https:\/\/motta.uix.store\/electronic\/wp-content\/uploads\/sites\/6\/2021\/12\/help-fv4.svg","id":18476},"library":"svg"},"title":"How can we help you today?","description":"","button":"Help Center","position":"left","icon_spacing":{"unit":"px","size":12,"sizes":[]},"icon_size":{"unit":"px","size":30,"sizes":[]},"title_spacing":{"unit":"px","size":0,"sizes":[]},"position_tablet":"left","position_mobile":"left","title_size":"div","title_typography_typography":"custom","title_typography_font_size":{"unit":"px","size":14,"sizes":[]},"title_typography_font_weight":"500","button_underline":"show","image":{"id":12118,"url":"http:\/\/localhost\/dev\/motta\/wp-content\/uploads\/sites\/12\/2022\/08\/placeholder-8.png"},"primary_button_text":"Help Center","primary_button_link":{"url":"https:\/\/motta.uix.store\/electronic\/help-center\/","is_external":"","nofollow":"","custom_attributes":""},"primary_button_typography_typography":"custom","primary_button_typography_font_weight":"400"},"elements":[],"isInner":false,"widgetType":"motta-icon-box","elType":"widget"}],"isInner":false,"elType":"column"}],"isInner":false,"elType":"section"},{"id":"7026702","settings":{"margin":{"unit":"px","top":"","right":0,"bottom":"","left":0,"isLinked":true},"margin_mobile":{"unit":"px","top":"","right":0,"bottom":"","left":0,"isLinked":true},"padding":{"unit":"px","top":"0","right":"0","bottom":"12","left":"36","isLinked":false}},"elements":[{"id":"384412c0","settings":{"_column_size":100,"_inline_size":null,"_inline_size_tablet":33,"padding_mobile":{"unit":"px","top":"16","right":"16","bottom":"16","left":"16","isLinked":true}},"elements":[{"id":"49993267","settings":{"icon":{"value":{"url":"https:\/\/motta.uix.store\/electronic\/wp-content\/uploads\/sites\/6\/2021\/12\/feedback-fv4.svg","id":18475},"library":"svg"},"title":"We\u2019d love to hear what you think!","description":"","button":"Give Feedback","position":"left","icon_spacing":{"unit":"px","size":12,"sizes":[]},"icon_size":{"unit":"px","size":30,"sizes":[]},"title_spacing":{"unit":"px","size":0,"sizes":[]},"position_tablet":"left","position_mobile":"left","title_size":"div","title_typography_typography":"custom","title_typography_font_size":{"unit":"px","size":14,"sizes":[]},"title_typography_font_weight":"500","button_underline":"show","image":{"id":12119,"url":"http:\/\/localhost\/dev\/motta\/wp-content\/uploads\/sites\/12\/2022\/08\/placeholder-9.png"},"primary_button_text":"Give Feedback","primary_button_link":{"url":"https:\/\/motta.uix.store\/electronic\/feedback\/","is_external":"","nofollow":"","custom_attributes":""},"primary_button_typography_typography":"custom","primary_button_typography_font_weight":"400"},"elements":[],"isInner":false,"widgetType":"motta-icon-box","elType":"widget"}],"isInner":false,"elType":"column"}],"isInner":false,"elType":"section"},{"id":"73d7ece7","settings":{"padding_mobile":{"unit":"px","top":"0","right":"0","bottom":"20","left":"0","isLinked":false}},"elements":[{"id":"253e0688","settings":{"_column_size":100,"_inline_size":null,"padding":{"unit":"px","top":"15","right":"15","bottom":"5","left":"15","isLinked":false}},"elements":[{"id":"63414b95","settings":{"align":"center","_padding":{"unit":"px","top":"10","right":"0","bottom":"20","left":"0","isLinked":false}},"elements":[],"isInner":false,"widgetType":"motta-preferences","elType":"widget"},{"id":"46492a65","settings":{"editor":"Copyright \u00a9 [motta_year] Motta, All rights reserved.\n<strong><a href=\"https:\/\/motta.uix.store\/electronic\/privacy-policy\/\">\n<span style=\"text-decoration: underline;\">Privacy Notice<\/span><\/a> <a href=\"https:\/\/motta.uix.store\/electronic\/terms-of-use\/\">\n<span style=\"text-decoration: underline;\">Terms of Use<\/span><\/a><\/strong>","text_color":"#1D2128","__globals__":{"typography_typography":""},"typography_typography":"custom","typography_font_size":{"unit":"px","size":12,"sizes":[]},"typography_font_weight":"normal","align_mobile":"center","typography_line_height_mobile":{"unit":"em","size":2,"sizes":[]},"align":"center","typography_line_height":{"unit":"px","size":25,"sizes":[]}},"elements":[],"isInner":false,"widgetType":"text-editor","elType":"widget"}],"isInner":false,"elType":"column"}],"isInner":false,"elType":"section"}],"page_settings":{"motta_content_top_spacing":"no","motta_content_bottom_spacing":"no","footer_layout":"7791","motta_hide_page_header":"1","motta_hide_topbar":"1","motta_hide_campain_bar":"1","header_layout":"v12"},"version":"0.4","title":"footer-mobile-v7","type":"page"}