{"content":[{"id":"5b54e87d","settings":{"content_width":{"unit":"px","size":1298,"sizes":[]},"stretch_section":"section-stretched","z_index":2},"elements":[{"id":"153002ad","settings":{"_column_size":100,"_inline_size":null},"elements":[{"id":"36ef76ba","settings":{"title":"We believe that<br class=\"hidden-xs\" \/>\ngreat design should be<br  class=\"hidden-xs\"\/>\navailable to everyone","title_size":"div","align":"center","title_color":"#1D2128","typography_typography":"custom","typography_font_size":{"unit":"px","size":72,"sizes":[]},"typography_font_weight":"700","typography_line_height":{"unit":"px","size":80,"sizes":[]},"typography_line_height_tablet":{"unit":"px","size":"","sizes":[]},"typography_line_height_mobile":{"unit":"px","size":40,"sizes":[]},"typography_font_size_mobile":{"unit":"px","size":32,"sizes":[]},"_padding":{"unit":"px","top":"025","right":"0","bottom":"65","left":"0","isLinked":false},"_padding_mobile":{"unit":"px","top":"030","right":"0","bottom":"52","left":"0","isLinked":false}},"elements":[],"isInner":false,"widgetType":"motta-heading","elType":"widget"},{"id":"17a7ffc9","settings":{"slides":[{"before_desc":"","button_text":"","_id":"33d2002","banner_background_img":{"url":"http:\/\/demo3.drfuri.com\/motta\/wp-content\/uploads\/sites\/14\/2022\/04\/about-us-v1.jpg","id":125,"alt":"","source":"library"},"banner_background_img_mobile":{"url":"http:\/\/demo3.drfuri.com\/motta\/wp-content\/uploads\/sites\/14\/2022\/04\/about-us-mobile-v1.jpg","id":5013,"alt":"","source":"library"},"title":"","before_title":"","primary_button_text":""}],"slides_height":{"unit":"px","size":540,"sizes":[]},"slides_height_mobile":{"unit":"px","size":270,"sizes":[]}},"elements":[],"isInner":false,"widgetType":"motta-slides","elType":"widget"}],"isInner":false,"elType":"column"}],"isInner":false,"elType":"section"},{"id":"3b15a450","settings":{"height":"min-height","custom_height":{"unit":"px","size":270,"sizes":[]},"stretch_section":"section-stretched","background_background":"classic","background_color":"#FFFDDB","margin":{"unit":"px","top":"-285","right":0,"bottom":"0","left":0,"isLinked":false},"z_index":1,"custom_height_tablet":{"unit":"px","size":155,"sizes":[]},"margin_tablet":{"unit":"px","top":"-170","right":0,"bottom":"0","left":0,"isLinked":false},"custom_height_mobile":{"unit":"px","size":55,"sizes":[]},"margin_mobile":{"unit":"px","top":"-70","right":0,"bottom":"0","left":0,"isLinked":false}},"elements":[{"id":"7c48c4d1","settings":{"_column_size":100,"_inline_size":null},"elements":[],"isInner":false,"elType":"column"}],"isInner":false,"elType":"section"},{"id":"574e7792","settings":{"stretch_section":"section-stretched","structure":"50","background_background":"classic","background_color":"#FFFDDB","padding":{"unit":"px","top":"60","right":"0","bottom":"070","left":"0","isLinked":false},"padding_mobile":{"unit":"px","top":"40","right":"0","bottom":"15","left":"0","isLinked":false}},"elements":[{"id":"2be6c4f3","settings":{"_column_size":20,"_inline_size":16.445,"hide_tablet":"hidden-tablet","hide_mobile":"hidden-mobile"},"elements":[],"isInner":false,"elType":"column"},{"id":"7782ae","settings":{"_column_size":20,"_inline_size":24.575,"_inline_size_tablet":50},"elements":[{"id":"3a61578c","settings":{"before_title":"Our Story","title":"Our Story","title_size":"p","before_title_spacing":{"unit":"px","size":32,"sizes":[]},"typography_typography":"custom","typography_font_size":{"unit":"px","size":18,"sizes":[]},"typography_font_weight":"500","align_mobile":"center","typography_line_height_mobile":{"unit":"px","size":"","sizes":[]},"before_title_spacing_mobile":{"unit":"px","size":24,"sizes":[]},"_padding":{"unit":"px","top":"10","right":"0","bottom":"0","left":"0","isLinked":false},"_padding_mobile":{"unit":"px","top":"0","right":"0","bottom":"0","left":"0","isLinked":true},"spacing":{"unit":"px","size":20,"sizes":[]}},"elements":[],"isInner":false,"widgetType":"motta-heading","elType":"widget"},{"id":"58538bee","settings":{"before_title":"Our Story","title":"Good for \npeople, \ngood for \nthe planet","title_size":"div","before_title_spacing":{"unit":"px","size":32,"sizes":[]},"typography_typography":"custom","typography_font_size":{"unit":"px","size":54,"sizes":[]},"typography_font_weight":"500","typography_line_height":{"unit":"px","size":64,"sizes":[]},"align_mobile":"center","typography_font_size_mobile":{"unit":"px","size":32,"sizes":[]},"typography_line_height_mobile":{"unit":"px","size":40,"sizes":[]},"before_title_spacing_mobile":{"unit":"px","size":24,"sizes":[]},"spacing_mobile":{"unit":"px","size":7,"sizes":[]},"_padding":{"unit":"px","top":"10","right":"0","bottom":"0","left":"0","isLinked":false},"_padding_mobile":{"unit":"px","top":"0","right":"0","bottom":"0","left":"0","isLinked":true}},"elements":[],"isInner":false,"widgetType":"motta-heading","elType":"widget"}],"isInner":false,"elType":"column"},{"id":"68c50e7","settings":{"_column_size":20,"_inline_size":3.98,"hide_tablet":"hidden-tablet","hide_mobile":"hidden-mobile"},"elements":[],"isInner":false,"elType":"column"},{"id":"60159a4b","settings":{"_column_size":20,"_inline_size":39,"space_between_widgets":0,"_inline_size_tablet":50},"elements":[{"id":"3116d942","settings":{"editor":"<p>Duis aute irure dolor in reprehenderit in voluptate velit esse cillum dolore eu fugiat nulla pariatur. Excepteur sint occaecat cupidatat non proident, sunt in culpa qui officia deserunt mollit anim id est laborum.<\/p>","text_color":"#1D2128","typography_typography":"custom","typography_font_size":{"unit":"px","size":21,"sizes":[]},"typography_font_weight":"500","typography_line_height":{"unit":"px","size":32,"sizes":[]},"typography_font_size_mobile":{"unit":"px","size":16,"sizes":[]},"_padding_mobile":{"unit":"px","top":"4","right":"0","bottom":"0","left":"0","isLinked":false}},"elements":[],"isInner":false,"widgetType":"text-editor","elType":"widget"},{"id":"6ccb17b2","settings":{"editor":"<p>Excepteur sint occaecat cupidatat non proident, sunt in culpa qui officia deserunt mollit anim id est laborum. Sed ut perspiciatis unde omnis iste natus error sit voluptatem accusantium doloremque laudantium, totam rem aperiam, eaque ipsa quae ab illo inventore veritatis et quasi architecto beatae vitae dicta sunt explicabo.<\/p>","text_color":"#1D2128","typography_typography":"custom","typography_font_size":{"unit":"px","size":21,"sizes":[]},"typography_font_weight":"400","typography_line_height":{"unit":"px","size":32,"sizes":[]},"typography_font_size_mobile":{"unit":"px","size":16,"sizes":[]}},"elements":[],"isInner":false,"widgetType":"text-editor","elType":"widget"}],"isInner":false,"elType":"column"},{"id":"4f78a76b","settings":{"_column_size":20,"_inline_size":15.803,"hide_tablet":"hidden-tablet","hide_mobile":"hidden-mobile"},"elements":[],"isInner":false,"elType":"column"}],"isInner":false,"elType":"section"},{"id":"7884b4b5","settings":{"margin":{"unit":"px","top":"","right":0,"bottom":"","left":0,"isLinked":true},"padding":{"unit":"px","top":"105","right":"0","bottom":"0","left":"0","isLinked":false},"padding_mobile":{"unit":"px","top":"60","right":"0","bottom":"0","left":"0","isLinked":false}},"elements":[{"id":"541e9557","settings":{"_column_size":100,"_inline_size":null},"elements":[{"id":"136e3bf2","settings":{"before_title":"Our Story","title":"Partner With us","title_size":"p","before_title_spacing":{"unit":"px","size":32,"sizes":[]},"typography_typography":"custom","typography_font_size":{"unit":"px","size":18,"sizes":[]},"typography_font_weight":"500","align_mobile":"center","typography_line_height_mobile":{"unit":"px","size":"","sizes":[]},"before_title_spacing_mobile":{"unit":"px","size":24,"sizes":[]},"_padding":{"unit":"px","top":"10","right":"0","bottom":"0","left":"0","isLinked":false},"_padding_mobile":{"unit":"px","top":"0","right":"0","bottom":"0","left":"0","isLinked":true},"align":"center","spacing":{"unit":"px","size":20,"sizes":[]}},"elements":[],"isInner":false,"widgetType":"motta-heading","elType":"widget"},{"id":"4e66249d","settings":{"before_title":"Partner With us","title":"We work with the best<br class=\"hidden-xs\"\/>\npartners","align":"center","before_title_spacing":{"unit":"px","size":21,"sizes":[]},"typography_typography":"custom","typography_font_weight":"500","typography_line_height":{"unit":"px","size":64,"sizes":[]},"typography_font_size_tablet":{"unit":"px","size":40,"sizes":[]},"typography_font_size_mobile":{"unit":"px","size":32,"sizes":[]},"typography_line_height_tablet":{"unit":"px","size":60,"sizes":[]},"typography_line_height_mobile":{"unit":"px","size":40,"sizes":[]},"_padding":{"unit":"px","top":"0","right":"0","bottom":"10","left":"0","isLinked":false}},"elements":[],"isInner":false,"widgetType":"motta-heading","elType":"widget"}],"isInner":false,"elType":"column"}],"isInner":false,"elType":"section"},{"id":"109a5575","settings":{"structure":"60"},"elements":[{"id":"7315dc06","settings":{"_column_size":16,"_inline_size":null,"_inline_size_tablet":33.333,"_inline_size_mobile":50},"elements":[{"id":"268ecc8c","settings":{"image":{"id":5380,"url":"http:\/\/demo3.drfuri.com\/motta\/wp-content\/uploads\/sites\/14\/2022\/04\/dyson.png","alt":"","source":"library"},"image_size":"full","link_to":"custom","link":{"url":"https:\/\/motta.uix.store\/blog\/product-brand\/dyson\/","is_external":"","nofollow":"","custom_attributes":""}},"elements":[],"isInner":false,"widgetType":"image","elType":"widget"},{"id":"35a5706b","settings":{"image":{"id":5378,"url":"http:\/\/demo3.drfuri.com\/motta\/wp-content\/uploads\/sites\/14\/2022\/04\/apple.png","alt":"","source":"library"},"image_size":"full","link_to":"custom","link":{"url":"https:\/\/motta.uix.store\/blog\/product-brand\/apple\/","is_external":"","nofollow":"","custom_attributes":""}},"elements":[],"isInner":false,"widgetType":"image","elType":"widget"}],"isInner":false,"elType":"column"},{"id":"8f93bf5","settings":{"_column_size":16,"_inline_size":null,"_inline_size_tablet":33.333,"_inline_size_mobile":50},"elements":[{"id":"4a53c9b3","settings":{"image":{"id":5384,"url":"http:\/\/demo3.drfuri.com\/motta\/wp-content\/uploads\/sites\/14\/2022\/04\/lenovo.png","alt":"","source":"library"},"image_size":"full","link_to":"custom","link":{"url":"https:\/\/motta.uix.store\/blog\/product-brand\/intel\/","is_external":"","nofollow":"","custom_attributes":""}},"elements":[],"isInner":false,"widgetType":"image","elType":"widget"},{"id":"646f8ee8","settings":{"image":{"id":5382,"url":"http:\/\/demo3.drfuri.com\/motta\/wp-content\/uploads\/sites\/14\/2022\/04\/gg.png","alt":"","source":"library"},"image_size":"full","link_to":"custom","link":{"url":"https:\/\/motta.uix.store\/blog\/product-brand\/electrolux\/","is_external":"","nofollow":"","custom_attributes":""}},"elements":[],"isInner":false,"widgetType":"image","elType":"widget"}],"isInner":false,"elType":"column"},{"id":"7150bf65","settings":{"_column_size":16,"_inline_size":null,"_inline_size_tablet":33.333,"_inline_size_mobile":50},"elements":[{"id":"4a77e2e1","settings":{"image":{"id":5379,"url":"http:\/\/demo3.drfuri.com\/motta\/wp-content\/uploads\/sites\/14\/2022\/04\/cisco.png","alt":"","source":"library"},"image_size":"full","link_to":"custom","link":{"url":"https:\/\/motta.uix.store\/blog\/product-brand\/cisco\/","is_external":"","nofollow":"","custom_attributes":""}},"elements":[],"isInner":false,"widgetType":"image","elType":"widget"},{"id":"1f02ae40","settings":{"image":{"id":5386,"url":"http:\/\/demo3.drfuri.com\/motta\/wp-content\/uploads\/sites\/14\/2022\/04\/nvidia.png","alt":"","source":"library"},"image_size":"full","link_to":"custom","link":{"url":"https:\/\/motta.uix.store\/blog\/product-brand\/lg\/","is_external":"","nofollow":"","custom_attributes":""}},"elements":[],"isInner":false,"widgetType":"image","elType":"widget"}],"isInner":false,"elType":"column"},{"id":"c013225","settings":{"_column_size":16,"_inline_size":null,"_inline_size_tablet":33.333,"_inline_size_mobile":50},"elements":[{"id":"4098f48f","settings":{"image":{"id":5387,"url":"http:\/\/demo3.drfuri.com\/motta\/wp-content\/uploads\/sites\/14\/2022\/04\/sam.png","alt":"","source":"library"},"image_size":"full","link_to":"custom","link":{"url":"https:\/\/motta.uix.store\/blog\/product-brand\/nvidia\/","is_external":"","nofollow":"","custom_attributes":""}},"elements":[],"isInner":false,"widgetType":"image","elType":"widget"},{"id":"51d28bdb","settings":{"image":{"id":5389,"url":"https:\/\/motta.uix.store\/wp-content\/uploads\/2022\/04\/sony.png","alt":"","source":"library"},"image_size":"full","link_to":"custom","link":{"url":"https:\/\/motta.uix.store\/blog\/product-brand\/sony\/","is_external":"","nofollow":"","custom_attributes":""}},"elements":[],"isInner":false,"widgetType":"image","elType":"widget"}],"isInner":false,"elType":"column"},{"id":"632ba1ec","settings":{"_column_size":16,"_inline_size":null,"_inline_size_tablet":33.333,"_inline_size_mobile":50},"elements":[{"id":"45e0fb46","settings":{"image":{"id":5385,"url":"http:\/\/demo3.drfuri.com\/motta\/wp-content\/uploads\/sites\/14\/2022\/04\/lg.png","alt":"","source":"library"},"image_size":"full","link_to":"custom","link":{"url":"https:\/\/motta.uix.store\/blog\/product-brand\/lenovo\/","is_external":"","nofollow":"","custom_attributes":""}},"elements":[],"isInner":false,"widgetType":"image","elType":"widget"},{"id":"74e99021","settings":{"image":{"id":5388,"url":"http:\/\/demo3.drfuri.com\/motta\/wp-content\/uploads\/sites\/14\/2022\/04\/sony.png","alt":"","source":"library"},"image_size":"full","link_to":"custom","link":{"url":"https:\/\/motta.uix.store\/blog\/product-brand\/samsung\/","is_external":"","nofollow":"","custom_attributes":""}},"elements":[],"isInner":false,"widgetType":"image","elType":"widget"}],"isInner":false,"elType":"column"},{"id":"5aa92285","settings":{"_column_size":16,"_inline_size":null,"_inline_size_tablet":33.333,"_inline_size_mobile":50},"elements":[{"id":"269a6e5d","settings":{"image":{"id":5374,"url":"http:\/\/demo3.drfuri.com\/motta\/wp-content\/uploads\/sites\/14\/2022\/04\/bose.png","alt":"","source":"library"},"image_size":"full","link_to":"custom","link":{"url":"https:\/\/motta.uix.store\/blog\/product-brand\/bose\/","is_external":"","nofollow":"","custom_attributes":""}},"elements":[],"isInner":false,"widgetType":"image","elType":"widget"},{"id":"64d598d2","settings":{"image":{"id":5383,"url":"http:\/\/demo3.drfuri.com\/motta\/wp-content\/uploads\/sites\/14\/2022\/04\/intel.png","alt":"","source":"library"},"image_size":"full","link_to":"custom","link":{"url":"https:\/\/motta.uix.store\/blog\/product-brand\/google\/","is_external":"","nofollow":"","custom_attributes":""}},"elements":[],"isInner":false,"widgetType":"image","elType":"widget"}],"isInner":false,"elType":"column"}],"isInner":false,"elType":"section"},{"id":"41794efe","settings":{"margin":{"unit":"px","top":"","right":0,"bottom":"","left":0,"isLinked":true},"padding":{"unit":"px","top":"93","right":"0","bottom":"16","left":"0","isLinked":false},"padding_mobile":{"unit":"px","top":"40","right":"0","bottom":"0","left":"0","isLinked":false}},"elements":[{"id":"478adbb5","settings":{"_column_size":100,"_inline_size":null},"elements":[{"id":"5b920965","settings":{"before_title":"Our Story","title":"How We Work","title_size":"p","before_title_spacing":{"unit":"px","size":32,"sizes":[]},"typography_typography":"custom","typography_font_size":{"unit":"px","size":18,"sizes":[]},"typography_font_weight":"500","align_mobile":"center","typography_line_height_mobile":{"unit":"px","size":"","sizes":[]},"before_title_spacing_mobile":{"unit":"px","size":24,"sizes":[]},"_padding":{"unit":"px","top":"10","right":"0","bottom":"0","left":"0","isLinked":false},"_padding_mobile":{"unit":"px","top":"0","right":"0","bottom":"0","left":"0","isLinked":true},"align":"center","spacing":{"unit":"px","size":20,"sizes":[]}},"elements":[],"isInner":false,"widgetType":"motta-heading","elType":"widget"},{"id":"2dbc1273","settings":{"before_title":"How We Work","title":"We give you the power to <br class=\"hidden-xs\"\/> create spaces that are just <br class=\"hidden-xs\"\/> right for you","align":"center","before_title_spacing":{"unit":"px","size":28,"sizes":[]},"typography_typography":"custom","typography_font_weight":"500","typography_line_height":{"unit":"px","size":64,"sizes":[]},"typography_font_size_tablet":{"unit":"px","size":40,"sizes":[]},"typography_font_size_mobile":{"unit":"px","size":32,"sizes":[]},"typography_line_height_tablet":{"unit":"px","size":60,"sizes":[]},"typography_line_height_mobile":{"unit":"px","size":40,"sizes":[]},"_margin":{"unit":"px","top":"0","right":"0","bottom":"20","left":"0","isLinked":false},"before_title_spacing_mobile":{"unit":"px","size":23,"sizes":[]},"_margin_mobile":{"unit":"px","top":"0","right":"0","bottom":"0","left":"0","isLinked":true}},"elements":[],"isInner":false,"widgetType":"motta-heading","elType":"widget"}],"isInner":false,"elType":"column"}],"isInner":false,"elType":"section"},{"id":"65449ff9","settings":{"structure":"30","padding":{"unit":"px","top":"0","right":"0","bottom":"85","left":"0","isLinked":false},"padding_mobile":{"unit":"px","top":"0","right":"0","bottom":"50","left":"0","isLinked":false}},"elements":[{"id":"1e27ee0a","settings":{"_column_size":33,"_inline_size":null},"elements":[{"id":"1e461dc9","settings":{"title":"Choose a Theme","description":"Customize the design of your shop from over thousands of themes. No design experience <br class=\"hidden-md hidden-sm hidden-xs\">or programming skills required. ","title_size":"h4","align":"center","title_typography_typography":"custom","title_typography_font_weight":"500","title_typography_line_height":{"unit":"px","size":32,"sizes":[]},"description_typography_typography":"custom","description_typography_font_size":{"unit":"px","size":16,"sizes":[]},"description_typography_line_height":{"unit":"px","size":24,"sizes":[]},"icon":{"value":{"url":"https:\/\/motta.uix.store\/wp-content\/uploads\/2022\/09\/choose-a-theme.svg","id":14137},"library":"svg"},"icon_spacing":{"unit":"px","size":25,"sizes":[]},"icon_size":{"unit":"px","size":48,"sizes":[]},"title_spacing":{"unit":"px","size":18,"sizes":[]},"_padding":{"unit":"px","top":"0","right":"15","bottom":"0","left":"15","isLinked":false},"image":{"id":62,"url":"http:\/\/demo3.drfuri.com\/motta\/wp-content\/uploads\/sites\/14\/2022\/04\/placeholder-33.png"},"icon_url":"http:\/\/demo3.drfuri.com\/motta\/wp-content\/uploads\/sites\/14\/2022\/04\/choose-a-theme.svg","icon_spacing_mobile":{"unit":"px","size":36,"sizes":[]},"align_mobile":"center","position_tablet":"top","position_mobile":"top","justify_content":"center","justify_content_tablet":"flex-start","justify_content_mobile":"flex-start","justify_content_top_tablet":"center","justify_content_top_mobile":"center","align_tablet":"center","alignment":"center","title_typography_font_size":{"unit":"px","size":28,"sizes":[]}},"elements":[],"isInner":false,"widgetType":"motta-icon-box","elType":"widget"}],"isInner":false,"elType":"column"},{"id":"2e237cc8","settings":{"_column_size":33,"_inline_size":null},"elements":[{"id":"60ce64dd","settings":{"title":"Add products","description":"Add your products to the shop. List your<br class=\"hidden-md hidden-sm hidden-xs\">eye-catching products with the best photos, price and descriptions","title_size":"h4","align":"center","title_typography_typography":"custom","title_typography_font_weight":"500","title_typography_line_height":{"unit":"px","size":32,"sizes":[]},"description_typography_typography":"custom","description_typography_font_size":{"unit":"px","size":16,"sizes":[]},"description_typography_line_height":{"unit":"px","size":24,"sizes":[]},"icon":{"value":{"url":"https:\/\/motta.uix.store\/wp-content\/uploads\/2022\/09\/add-products.svg","id":14136},"library":"svg"},"icon_spacing":{"unit":"px","size":25,"sizes":[]},"icon_size":{"unit":"px","size":46,"sizes":[]},"title_spacing":{"unit":"px","size":18,"sizes":[]},"_padding":{"unit":"px","top":"0","right":"20","bottom":"0","left":"20","isLinked":false},"image":{"id":63,"url":"http:\/\/demo3.drfuri.com\/motta\/wp-content\/uploads\/sites\/14\/2022\/04\/placeholder-34.png"},"alignment":"center","title_typography_font_size":{"unit":"px","size":28,"sizes":[]}},"elements":[],"isInner":false,"widgetType":"motta-icon-box","elType":"widget"}],"isInner":false,"elType":"column"},{"id":"520b0860","settings":{"_column_size":33,"_inline_size":null},"elements":[{"id":"2390283","settings":{"title":"Start selling","description":"Set up payments and shipping, and start<br class=\"hidden-md hidden-sm hidden-xs\">\nselling.","title_size":"h4","align":"center","title_typography_typography":"custom","title_typography_font_weight":"500","title_typography_line_height":{"unit":"px","size":32,"sizes":[]},"description_typography_typography":"custom","description_typography_font_size":{"unit":"px","size":16,"sizes":[]},"description_typography_line_height":{"unit":"px","size":24,"sizes":[]},"icon":{"value":{"url":"https:\/\/motta.uix.store\/wp-content\/uploads\/2022\/09\/start-selling.svg","id":14138},"library":"svg"},"icon_spacing":{"unit":"px","size":25,"sizes":[]},"icon_size":{"unit":"px","size":48,"sizes":[]},"title_spacing":{"unit":"px","size":18,"sizes":[]},"_padding":{"unit":"px","top":"0","right":"15","bottom":"0","left":"15","isLinked":false},"image":{"id":64,"url":"http:\/\/demo3.drfuri.com\/motta\/wp-content\/uploads\/sites\/14\/2022\/04\/placeholder-35.png"},"alignment":"center","title_typography_font_size":{"unit":"px","size":28,"sizes":[]}},"elements":[],"isInner":false,"widgetType":"motta-icon-box","elType":"widget"}],"isInner":false,"elType":"column"}],"isInner":false,"elType":"section"},{"id":"432e8c30","settings":{"content_width":{"unit":"px","size":1268,"sizes":[]},"gap":"no","stretch_section":"section-stretched"},"elements":[{"id":"f17ae08","settings":{"_column_size":100,"_inline_size":null},"elements":[{"id":"dcf8ba","settings":{"layout":"full_width","gap":"extended","structure":"50","background_background":"classic","background_color":"#E3FFF4","padding":{"unit":"px","top":"104","right":"0","bottom":"41","left":"0","isLinked":false},"padding_mobile":{"unit":"px","top":"50","right":"0","bottom":"20","left":"0","isLinked":false}},"elements":[{"id":"6e8f602a","settings":{"_column_size":20,"_inline_size":18.817,"hide_tablet":"hidden-tablet","hide_mobile":"hidden-mobile"},"elements":[],"isInner":true,"elType":"column"},{"id":"2445eeff","settings":{"_column_size":20,"_inline_size":23.183,"_inline_size_tablet":35},"elements":[{"id":"4d221151","settings":{"before_title":"Our Story","title":"Milestones","title_size":"p","before_title_spacing":{"unit":"px","size":32,"sizes":[]},"typography_typography":"custom","typography_font_size":{"unit":"px","size":18,"sizes":[]},"typography_font_weight":"500","align_mobile":"center","typography_line_height_mobile":{"unit":"px","size":"","sizes":[]},"before_title_spacing_mobile":{"unit":"px","size":24,"sizes":[]},"_padding":{"unit":"px","top":"10","right":"0","bottom":"0","left":"0","isLinked":false},"_padding_mobile":{"unit":"px","top":"0","right":"0","bottom":"0","left":"0","isLinked":true},"align":"flex-start","spacing":{"unit":"px","size":20,"sizes":[]}},"elements":[],"isInner":false,"widgetType":"motta-heading","elType":"widget"},{"id":"5731a037","settings":{"before_title":"Milestones","title":"Company \nHistory \nTimeline","title_size":"div","before_title_spacing":{"unit":"px","size":32,"sizes":[]},"typography_typography":"custom","typography_font_size":{"unit":"px","size":54,"sizes":[]},"typography_font_weight":"500","typography_line_height":{"unit":"px","size":64,"sizes":[]},"align_mobile":"center","before_title_spacing_mobile":{"unit":"px","size":24,"sizes":[]},"typography_font_size_mobile":{"unit":"px","size":32,"sizes":[]},"typography_line_height_mobile":{"unit":"px","size":40,"sizes":[]},"_margin_mobile":{"unit":"px","top":"0","right":"0","bottom":"0","left":"0","isLinked":false}},"elements":[],"isInner":false,"widgetType":"motta-heading","elType":"widget"}],"isInner":true,"elType":"column"},{"id":"6ea6860e","settings":{"_column_size":20,"_inline_size":3.815,"hide_tablet":"hidden-tablet","hide_mobile":"hidden-mobile"},"elements":[],"isInner":true,"elType":"column"},{"id":"2ba63abb","settings":{"_column_size":20,"_inline_size":35.185,"space_between_widgets":0,"_inline_size_tablet":65},"elements":[{"id":"23cad53","settings":{"list":[{"_id":"a037a96","title":"Founded in 2018","description":"Ut enim ad minim veniam, quis nostrud exercitation ullamco laboris nisi ut aliquip ex ea commodo consequat. "},{"_id":"3ec9931","title":"The World Wide Web  is Created (2018)","description":"Lorem ipsum dolor sit amet, consectetur adipisicing elit, sed do eiusmod tempor ."},{"_id":"68611ef","title":"First Purchase (2019)","description":"Duis aute irure dolor in reprehenderit in voluptate velit esse cillum dolore eu fugiat nulla pariatur. "},{"_id":"842f09a","title":"Online shopping totals over $1mn (2020)","description":"Customize the design of your shop from over thousands of themes. No design experience or programming skills required."},{"_id":"c908c24","title":"Online shopping totals over $100mn","description":"Excepteur sint occaecat cupidatat non proident, sunt in culpa qui officia deserunt mollit anim","check":""}],"title_typography_typography":"custom","description_typography_typography":"custom"},"elements":[],"isInner":false,"widgetType":"motta-checklist","elType":"widget"}],"isInner":true,"elType":"column"},{"id":"5180607b","settings":{"_column_size":20,"_inline_size":18.996,"hide_tablet":"hidden-tablet","hide_mobile":"hidden-mobile"},"elements":[],"isInner":true,"elType":"column"}],"isInner":true,"elType":"section"}],"isInner":false,"elType":"column"}],"isInner":false,"elType":"section"},{"id":"7a707e80","settings":{"margin":{"unit":"px","top":"","right":0,"bottom":"","left":0,"isLinked":true},"padding":{"unit":"px","top":"105","right":"0","bottom":"34","left":"0","isLinked":false},"padding_mobile":{"unit":"px","top":"60","right":"0","bottom":"0","left":"0","isLinked":false}},"elements":[{"id":"6dd47252","settings":{"_column_size":100,"_inline_size":null},"elements":[{"id":"64c83a3e","settings":{"before_title":"Our Story","title":"Executive Leadership","title_size":"p","before_title_spacing":{"unit":"px","size":32,"sizes":[]},"typography_typography":"custom","typography_font_size":{"unit":"px","size":16,"sizes":[]},"typography_font_weight":"500","align_mobile":"center","typography_line_height_mobile":{"unit":"px","size":"","sizes":[]},"before_title_spacing_mobile":{"unit":"px","size":24,"sizes":[]},"_padding":{"unit":"px","top":"10","right":"0","bottom":"0","left":"0","isLinked":false},"_padding_mobile":{"unit":"px","top":"0","right":"0","bottom":"0","left":"0","isLinked":true},"align":"center","spacing":{"unit":"px","size":20,"sizes":[]}},"elements":[],"isInner":false,"widgetType":"motta-heading","elType":"widget"},{"id":"48d6bef4","settings":{"before_title":"Executive Leadership","title":"Here is the team at the helm<br class=\"hidden-xs\"\/> of the ship","align":"center","before_title_spacing":{"unit":"px","size":29,"sizes":[]},"typography_typography":"custom","typography_font_weight":"500","typography_line_height":{"unit":"px","size":64,"sizes":[]},"_margin":{"unit":"px","top":"0","right":"0","bottom":"035","left":"0","isLinked":false},"typography_font_size_tablet":{"unit":"px","size":40,"sizes":[]},"typography_font_size_mobile":{"unit":"px","size":32,"sizes":[]},"typography_line_height_tablet":{"unit":"px","size":60,"sizes":[]},"typography_line_height_mobile":{"unit":"px","size":40,"sizes":[]}},"elements":[],"isInner":false,"widgetType":"motta-heading","elType":"widget"},{"id":"707c2cfd","settings":{"items":[{"_id":"65631f3","title":"Thomas Reece","description":"Co-Founder","image":{"id":141,"url":"http:\/\/demo3.drfuri.com\/motta\/wp-content\/uploads\/sites\/14\/2022\/04\/tmg-1.png","alt":"","source":"library"},"link":{"url":"","is_external":"","nofollow":"","custom_attributes":""}},{"_id":"e36ae23","image":{"id":142,"url":"http:\/\/demo3.drfuri.com\/motta\/wp-content\/uploads\/sites\/14\/2022\/04\/tmg-2.png","alt":"","source":"library"},"title":"Oscar Byrne","description":"Co-Founder & Managing Director","link":{"url":"","is_external":"","nofollow":"","custom_attributes":""}},{"_id":"1f42adb","image":{"id":143,"url":"http:\/\/demo3.drfuri.com\/motta\/wp-content\/uploads\/sites\/14\/2022\/04\/tmg-3.png","alt":"","source":"library"},"title":"David Evans","description":"Development Manager","link":{"url":"","is_external":"","nofollow":"","custom_attributes":""}},{"_id":"3681d11","image":{"id":144,"url":"http:\/\/demo3.drfuri.com\/motta\/wp-content\/uploads\/sites\/14\/2022\/04\/tmg-4.png","alt":"","source":"library"},"title":"Jessica Smith","description":"Customer Service Manager","link":{"url":"","is_external":"","nofollow":"","custom_attributes":""}}],"image_custom_dimension":{"width":"30","height":"30"},"title_typography_typography":"custom","title_typography_font_size_mobile":{"unit":"px","size":16,"sizes":[]},"title_typography_line_height_mobile":{"unit":"px","size":24,"sizes":[]},"description_typography_typography":"custom","description_typography_font_size_mobile":{"unit":"px","size":14,"sizes":[]},"description_typography_line_height_mobile":{"unit":"px","size":24,"sizes":[]},"image_spacing":{"unit":"px","size":29,"sizes":[]},"title_spacing":{"unit":"px","size":1,"sizes":[]},"spacing_mobile":{"unit":"px","size":30,"sizes":[]},"image_max_width_mobile":{"unit":"px","size":132,"sizes":[]}},"elements":[],"isInner":false,"widgetType":"motta-team-member-grid","elType":"widget"}],"isInner":false,"elType":"column"}],"isInner":false,"elType":"section"},{"id":"17146bbd","settings":{"margin":{"unit":"px","top":"","right":0,"bottom":"","left":0,"isLinked":true},"padding":{"unit":"px","top":"28","right":"0","bottom":"040","left":"0","isLinked":false},"padding_mobile":{"unit":"px","top":"17","right":"0","bottom":"40","left":"0","isLinked":false}},"elements":[{"id":"a342dab","settings":{"_column_size":100,"_inline_size":null},"elements":[{"id":"2afcf606","settings":{"before_title":"Our Story","title":"Board members","title_size":"p","before_title_spacing":{"unit":"px","size":32,"sizes":[]},"typography_typography":"custom","typography_font_size":{"unit":"px","size":16,"sizes":[]},"typography_font_weight":"500","align_mobile":"center","typography_line_height_mobile":{"unit":"px","size":"","sizes":[]},"before_title_spacing_mobile":{"unit":"px","size":24,"sizes":[]},"_padding":{"unit":"px","top":"10","right":"0","bottom":"0","left":"0","isLinked":false},"_padding_mobile":{"unit":"px","top":"0","right":"0","bottom":"0","left":"0","isLinked":true},"align":"center","spacing":{"unit":"px","size":20,"sizes":[]}},"elements":[],"isInner":false,"widgetType":"motta-heading","elType":"widget"},{"id":"562512c3","settings":{"before_title":"Board members","title":"We\u2019re lucky to be supported<br class=\"hidden-xs\"\/> by some of the best investors<br class=\"hidden-xs\"\/> in the world","align":"center","before_title_spacing":{"unit":"px","size":35,"sizes":[]},"typography_typography":"custom","typography_font_weight":"500","typography_line_height":{"unit":"px","size":64,"sizes":[]},"_margin":{"unit":"px","top":"0","right":"0","bottom":"35","left":"0","isLinked":false},"typography_font_size_tablet":{"unit":"px","size":40,"sizes":[]},"typography_line_height_tablet":{"unit":"px","size":60,"sizes":[]},"typography_line_height_mobile":{"unit":"px","size":40,"sizes":[]},"typography_font_size_mobile":{"unit":"px","size":32,"sizes":[]},"before_title_spacing_mobile":{"unit":"px","size":24,"sizes":[]}},"elements":[],"isInner":false,"widgetType":"motta-heading","elType":"widget"},{"id":"742fb50d","settings":{"items":[{"_id":"65631f3","title":"Julian Wan","description":"Head of UX at Google","image":{"id":7824,"url":"http:\/\/localhost:3000:3000\/dev\/motta\/wp-content\/uploads\/sites\/12\/2022\/07\/member_1.jpg","alt":"","source":"library"},"link":{"url":"","is_external":"","nofollow":"","custom_attributes":""}},{"_id":"e36ae23","image":{"id":7825,"url":"http:\/\/localhost:3000:3000\/dev\/motta\/wp-content\/uploads\/sites\/12\/2022\/07\/member_2.jpg","alt":"","source":"library"},"title":"Austin Distel","description":"Founder and CEO,<br class=\"hidden-xs\">\nDatadog","link":{"url":"","is_external":"","nofollow":"","custom_attributes":""}},{"_id":"1f42adb","image":{"id":7826,"url":"http:\/\/localhost:3000:3000\/dev\/motta\/wp-content\/uploads\/sites\/12\/2022\/07\/member_3.jpg","alt":"","source":"library"},"title":"Harps Joseph","description":"Former Agile Coach at<br class=\"hidden-xs\">\nSpotify","link":{"url":"","is_external":"","nofollow":"","custom_attributes":""}},{"_id":"3681d11","image":{"id":7827,"url":"http:\/\/localhost:3000:3000\/dev\/motta\/wp-content\/uploads\/sites\/12\/2022\/07\/member_4.jpg","alt":"","source":"library"},"title":"Kenzie Kraft","description":"Former Design Partner<br class=\"hidden-xs\">\nat GE","link":{"url":"","is_external":"","nofollow":"","custom_attributes":""}},{"image":{"id":7828,"url":"http:\/\/localhost:3000:3000\/dev\/motta\/wp-content\/uploads\/sites\/12\/2022\/07\/member_5.jpg","alt":"","source":"library"},"title":"Fred Moon","description":"Former CTO GoPro","_id":"5c31627","link":{"url":"","is_external":"","nofollow":"","custom_attributes":""}},{"image":{"id":7829,"url":"http:\/\/localhost:3000:3000\/dev\/motta\/wp-content\/uploads\/sites\/12\/2022\/07\/member_6.jpg","alt":"","source":"library"},"title":"Karen Smith","description":"Founder and CTO,<br class=\"hidden-xs\">\nDBA","_id":"0e4065c","link":{"url":"","is_external":"","nofollow":"","custom_attributes":""}},{"image":{"id":7830,"url":"http:\/\/localhost:3000:3000\/dev\/motta\/wp-content\/uploads\/sites\/12\/2022\/07\/member_7.jpg","alt":"","source":"library"},"title":"Sinitta Leunen","description":"Former CFO, Atlassian","_id":"6ba8c8a","link":{"url":"","is_external":"","nofollow":"","custom_attributes":""}},{"image":{"id":7831,"url":"http:\/\/localhost:3000:3000\/dev\/motta\/wp-content\/uploads\/sites\/12\/2022\/07\/member_8.jpg","alt":"","source":"library"},"title":"Ben Parker","description":"Former CTO Dropbox","_id":"6d216c2","link":{"url":"","is_external":"","nofollow":"","custom_attributes":""}},{"image":{"id":7832,"url":"http:\/\/localhost:3000:3000\/dev\/motta\/wp-content\/uploads\/sites\/12\/2022\/07\/member_9.jpg","alt":"","source":"library"},"title":"Brooke Cagle","description":"Former CTO Adobe","_id":"1485a8c","link":{"url":"","is_external":"","nofollow":"","custom_attributes":""}}],"image_custom_dimension":{"width":"30","height":"30"},"columns":6,"title_typography_typography":"custom","title_typography_font_size":{"unit":"px","size":18,"sizes":[]},"title_typography_line_height":{"unit":"px","size":24,"sizes":[]},"description_typography_typography":"custom","description_typography_font_size":{"unit":"px","size":14,"sizes":[]},"description_typography_line_height":{"unit":"px","size":20,"sizes":[]},"spacing_mobile":{"unit":"px","size":30,"sizes":[]},"spacing_right":{"unit":"px","size":10,"sizes":[]},"image_max_width":{"unit":"px","size":110,"sizes":[]},"image_max_width_mobile":{"unit":"px","size":132,"sizes":[]}},"elements":[],"isInner":false,"widgetType":"motta-team-member-grid","elType":"widget"}],"isInner":false,"elType":"column"}],"isInner":false,"elType":"section"},{"id":"32b86d87","settings":{"content_width":{"unit":"px","size":1268,"sizes":[]},"gap":"no","stretch_section":"section-stretched"},"elements":[{"id":"4feeae58","settings":{"_column_size":100,"_inline_size":null},"elements":[{"id":"ac6619","settings":{"layout":"full_width","gap":"extended","background_background":"classic","background_color":"#EEF9FE","padding":{"unit":"px","top":"100","right":"0","bottom":"100","left":"0","isLinked":false},"padding_mobile":{"unit":"px","top":"55","right":"0","bottom":"55","left":"0","isLinked":false}},"elements":[{"id":"5d65a389","settings":{"_column_size":100,"_inline_size":null},"elements":[{"id":"5078a1c4","settings":{"before_title":"Our Story","title":"Purchase Theme","title_size":"p","before_title_spacing":{"unit":"px","size":32,"sizes":[]},"typography_typography":"custom","typography_font_size":{"unit":"px","size":18,"sizes":[]},"typography_font_weight":"500","align_mobile":"center","typography_line_height_mobile":{"unit":"px","size":"","sizes":[]},"before_title_spacing_mobile":{"unit":"px","size":24,"sizes":[]},"_padding":{"unit":"px","top":"10","right":"0","bottom":"0","left":"0","isLinked":false},"_padding_mobile":{"unit":"px","top":"0","right":"0","bottom":"0","left":"0","isLinked":true},"align":"center","spacing":{"unit":"px","size":20,"sizes":[]}},"elements":[],"isInner":false,"widgetType":"motta-heading","elType":"widget"},{"id":"5e86a690","settings":{"before_title":"Purchase Theme","title":"Purchase the Motta now and<br class=\"hidden-xs\"\/> make everything easier","align":"center","before_title_spacing":{"unit":"px","size":30,"sizes":[]},"typography_typography":"custom","typography_font_weight":"500","typography_line_height":{"unit":"px","size":64,"sizes":[]},"_margin":{"unit":"px","top":"0","right":"0","bottom":"34","left":"0","isLinked":false},"typography_font_size_tablet":{"unit":"px","size":40,"sizes":[]},"typography_font_size_mobile":{"unit":"px","size":32,"sizes":[]},"typography_line_height_tablet":{"unit":"px","size":60,"sizes":[]},"typography_line_height_mobile":{"unit":"px","size":40,"sizes":[]},"before_title_spacing_mobile":{"unit":"px","size":24,"sizes":[]},"_margin_mobile":{"unit":"px","top":"0","right":"0","bottom":"20","left":"0","isLinked":false}},"elements":[],"isInner":false,"widgetType":"motta-heading","elType":"widget"},{"id":"52c3636e","settings":{"title":"Purchase Theme","link":{"url":"#","is_external":"","nofollow":"","custom_attributes":""},"padding":{"unit":"px","top":"0","right":"50","bottom":"0","left":"50","isLinked":false},"_padding_mobile":{"unit":"px","top":"4","right":"0","bottom":"0","left":"0","isLinked":false},"skin":"base","background_color":"#1D2128","color":"#FFFFFF","primary_button_text":"Purchase Theme","primary_button_link":{"url":"https:\/\/motta.uix.store\/","is_external":"","nofollow":"","custom_attributes":""},"primary_button_size":"large","primary_button_options":"yes","primary_button_width":{"unit":"px","size":200,"sizes":[]},"primary_button_background_color":"#1D2128"},"elements":[],"isInner":false,"widgetType":"motta-button","elType":"widget"}],"isInner":true,"elType":"column"}],"isInner":true,"elType":"section"}],"isInner":false,"elType":"column"}],"isInner":false,"elType":"section"}],"page_settings":{"header_layout":"page","header_logo_type":"default","header_logo_image":{"url":null,"id":"default","size":""},"header_logo_text":"default","header_logo_svg":"default","motta_hide_header_section":"default","motta_hide_topbar":"1","motta_hide_campain_bar":"1","motta_hide_header_border":"default","motta_hide_page_header":"1","motta_hide_title":"default","motta_hide_breadcrumb":"default","motta_content_top_spacing":"no","motta_content_bottom_spacing":"no","motta_hide_footer_section":"default","footer_layout":"page","footer_mobile_layout":"page","page_primary_menu":"default"},"version":"0.4","title":"About V1","type":"page"}