{"content":[{"id":"6804707a","settings":{"stretch_section":"section-stretched","background_background":"classic","background_color":"#ECF0F4","margin":{"unit":"px","top":"","right":0,"bottom":"","left":0,"isLinked":true},"padding":{"unit":"px","top":"0134","right":"0","bottom":"0","left":"0","isLinked":false},"padding_mobile":{"unit":"px","top":"105","right":"0","bottom":"20","left":"0","isLinked":false}},"elements":[{"id":"38167abe","settings":{"_column_size":100,"_inline_size":null},"elements":[{"id":"6f58ed0f","settings":{"title":"We\u2019re here for you","align":"center","title_color":"#1D2128","typography_typography":"custom","typography_font_size":{"unit":"px","size":72,"sizes":[]},"typography_font_weight":"700","typography_line_height":{"unit":"px","size":80,"sizes":[]},"typography_font_size_mobile":{"unit":"px","size":32,"sizes":[]},"typography_line_height_mobile":{"unit":"px","size":40,"sizes":[]},"_margin_mobile":{"unit":"px","top":"0","right":"0","bottom":"0","left":"0","isLinked":false}},"elements":[],"isInner":false,"widgetType":"motta-heading","elType":"widget"},{"id":"37b17da5","settings":{"title":"Our friendly team is always here to chat.","align":"center","title_color":"#1D2128","typography_typography":"custom","typography_font_size":{"unit":"px","size":18,"sizes":[]},"typography_font_weight":"500","typography_line_height":{"unit":"px","size":24,"sizes":[]},"_padding":{"unit":"px","top":"26","right":"0","bottom":"0","left":"0","isLinked":false},"_padding_mobile":{"unit":"px","top":"16","right":"0","bottom":"0","left":"0","isLinked":false}},"elements":[],"isInner":false,"widgetType":"motta-heading","elType":"widget"}],"isInner":false,"elType":"column"}],"isInner":false,"elType":"section"},{"id":"4a8dd383","settings":{"structure":"30","padding":{"unit":"px","top":"46","right":"0","bottom":"63","left":"0","isLinked":false},"content_width":{"unit":"px","size":780,"sizes":[]},"stretch_section":"section-stretched","background_background":"classic","background_color":"#ECF0F4","padding_mobile":{"unit":"px","top":"0","right":"0","bottom":"28","left":"0","isLinked":false}},"elements":[{"id":"6c816ef7","settings":{"_column_size":33,"_inline_size":null,"margin_mobile":{"unit":"px","top":"0","right":"0","bottom":"0","left":"63","isLinked":false},"padding_mobile":{"unit":"px","top":"16","right":"16","bottom":"16","left":"16","isLinked":true}},"elements":[{"id":"34eec8e","settings":{"icon":{"value":{"url":"https:\/\/motta.uix.store\/wp-content\/uploads\/2022\/09\/call-footer.svg","id":14156},"library":"svg"},"title":"Customer Service","description":"","button":"1-866-237-8289","position":"left","icon_spacing":{"unit":"px","size":15,"sizes":[]},"icon_size":{"unit":"px","size":24,"sizes":[]},"title_spacing":{"unit":"px","size":0,"sizes":[]},"position_tablet":"left","position_mobile":"left","title_size":"div","title_typography_typography":"custom","title_typography_font_size":{"unit":"px","size":14,"sizes":[]},"title_typography_font_weight":"500","button_underline":"show","title_typography_font_size_mobile":{"unit":"px","size":14,"sizes":[]},"button_typography_typography":"custom","button_typography_font_size_mobile":{"unit":"px","size":14,"sizes":[]},"button_typography_line_height_mobile":{"unit":"px","size":"","sizes":[]},"justify_content_mobile":"flex-start","image":{"id":8354,"url":"http:\/\/localhost\/dev\/motta\/wp-content\/uploads\/sites\/12\/2022\/07\/placeholder.png"},"primary_button_text":"1-866-237-8289","primary_button_link":{"url":"tel:1-866-237-8289","is_external":"","nofollow":"","custom_attributes":""}},"elements":[],"isInner":false,"widgetType":"motta-icon-box","elType":"widget"},{"id":"6f855b4f","settings":{"title":"Call us from 8am to 12am ET.","typography_typography":"custom","typography_font_size":{"unit":"px","size":12,"sizes":[]},"typography_font_weight":"normal","typography_line_height":{"unit":"px","size":20,"sizes":[]},"_padding":{"unit":"px","top":"5","right":"0","bottom":"0","left":"39","isLinked":false},"align_mobile":"left","title_color":"#858A94"},"elements":[],"isInner":false,"widgetType":"motta-heading","elType":"widget"}],"isInner":false,"elType":"column"},{"id":"3ea18602","settings":{"_column_size":33,"_inline_size":null,"margin_mobile":{"unit":"px","top":"0","right":"0","bottom":"0","left":"63","isLinked":false},"padding":{"unit":"px","top":"12","right":"12","bottom":"12","left":"36","isLinked":false},"padding_mobile":{"unit":"px","top":"16","right":"16","bottom":"16","left":"16","isLinked":true}},"elements":[{"id":"7a6594d6","settings":{"icon":{"value":{"url":"https:\/\/motta.uix.store\/wp-content\/uploads\/2022\/08\/chat.svg","id":13384},"library":"svg"},"title":"Chat with us here!","description":"","button":"Chat Now","position":"left","icon_spacing":{"unit":"px","size":15,"sizes":[]},"icon_size":{"unit":"px","size":23,"sizes":[]},"title_spacing":{"unit":"px","size":0,"sizes":[]},"position_tablet":"left","position_mobile":"left","title_size":"div","title_typography_typography":"custom","title_typography_font_size":{"unit":"px","size":14,"sizes":[]},"title_typography_font_weight":"500","button_underline":"show","title_typography_font_size_mobile":{"unit":"px","size":14,"sizes":[]},"button_typography_typography":"custom","button_typography_font_size_mobile":{"unit":"px","size":14,"sizes":[]},"justify_content_mobile":"flex-start","_padding_mobile":{"unit":"px","top":"5","right":"0","bottom":"0","left":"0","isLinked":false},"image":{"id":8355,"url":"http:\/\/localhost\/dev\/motta\/wp-content\/uploads\/sites\/12\/2022\/07\/placeholder-1.png"},"primary_button_text":"Chat Now","primary_button_link":{"url":"mailto:motta@uix.store.com","is_external":"","nofollow":"","custom_attributes":""}},"elements":[],"isInner":false,"widgetType":"motta-icon-box","elType":"widget"},{"id":"7e4b8b5e","settings":{"title":"Daily: 8 am to 11 pm CT","typography_typography":"custom","typography_font_size":{"unit":"px","size":12,"sizes":[]},"typography_font_weight":"normal","typography_line_height":{"unit":"px","size":20,"sizes":[]},"_padding":{"unit":"px","top":"5","right":"0","bottom":"0","left":"39","isLinked":false},"align_mobile":"left","title_color":"#858A94"},"elements":[],"isInner":false,"widgetType":"motta-heading","elType":"widget"}],"isInner":false,"elType":"column"},{"id":"6b4cd5f8","settings":{"_column_size":33,"_inline_size":null,"margin_mobile":{"unit":"px","top":"0","right":"0","bottom":"0","left":"63","isLinked":false},"padding":{"unit":"px","top":"12","right":"7","bottom":"12","left":"33","isLinked":false},"padding_mobile":{"unit":"px","top":"16","right":"16","bottom":"16","left":"16","isLinked":true}},"elements":[{"id":"197257a7","settings":{"icon":{"value":{"url":"https:\/\/motta.uix.store\/wp-content\/uploads\/2022\/09\/help-fv4.svg","id":14157},"library":"svg"},"title":"How can we help you today?","description":"","button":"Help Center","position":"left","icon_spacing":{"unit":"px","size":15,"sizes":[]},"icon_size":{"unit":"px","size":27,"sizes":[]},"title_spacing":{"unit":"px","size":0,"sizes":[]},"position_tablet":"left","position_mobile":"left","title_size":"div","title_typography_typography":"custom","title_typography_font_size":{"unit":"px","size":14,"sizes":[]},"title_typography_font_weight":"500","button_underline":"show","title_typography_font_size_mobile":{"unit":"px","size":14,"sizes":[]},"button_typography_typography":"custom","button_typography_font_size_mobile":{"unit":"px","size":14,"sizes":[]},"justify_content_mobile":"flex-start","_padding_mobile":{"unit":"px","top":"5","right":"0","bottom":"16","left":"0","isLinked":false},"image":{"id":8356,"url":"http:\/\/localhost\/dev\/motta\/wp-content\/uploads\/sites\/12\/2022\/07\/placeholder-2.png"},"primary_button_text":"Help Center","primary_button_link":{"url":"https:\/\/motta.uix.store\/help-center\/","is_external":"","nofollow":"","custom_attributes":""}},"elements":[],"isInner":false,"widgetType":"motta-icon-box","elType":"widget"}],"isInner":false,"elType":"column"}],"isInner":false,"elType":"section"},{"id":"3ed5498a","settings":{"content_width":{"unit":"px","size":780,"sizes":[]},"structure":"21","padding":{"unit":"px","top":"58","right":"0","bottom":"57","left":"0","isLinked":false},"padding_mobile":{"unit":"px","top":"44","right":"0","bottom":"20","left":"0","isLinked":false}},"elements":[{"id":"2213f2a4","settings":{"_column_size":33,"_inline_size":37.665,"margin_mobile":{"unit":"px","top":"0","right":"16","bottom":"0","left":"16","isLinked":false}},"elements":[{"id":"3e86beb3","settings":{"title":"Head Office","title_size":"h3","typography_typography":"custom","typography_font_weight":"500","typography_line_height_mobile":{"unit":"px","size":28,"sizes":[]},"typography_font_size_mobile":{"unit":"px","size":24,"sizes":[]}},"elements":[],"isInner":false,"widgetType":"motta-heading","elType":"widget"}],"isInner":false,"elType":"column"},{"id":"46c21459","settings":{"_column_size":66,"_inline_size":62,"space_between_widgets":0,"margin_mobile":{"unit":"px","top":"-10","right":"16","bottom":"0","left":"16","isLinked":false}},"elements":[{"id":"2d4d315b","settings":{"title":"345 Spear Street San Francisco, <br class=\"hidden-lg hidden-sm\" \/>CA 94105<br><span style=\"font-weight: 500;\">United States<\/span>","align_mobile":"left","title_color":"#1D2128","typography_typography":"custom","typography_font_size":{"unit":"px","size":21,"sizes":[]},"typography_font_size_mobile":{"unit":"px","size":18,"sizes":[]},"typography_font_weight":"normal","typography_line_height":{"unit":"px","size":32,"sizes":[]},"_margin":{"unit":"px","top":"0","right":"0","bottom":"11","left":"0","isLinked":false}},"elements":[],"isInner":false,"widgetType":"motta-heading","elType":"widget"},{"id":"6afc1c66","settings":{"title":"+1 415-736-0000","align_mobile":"left","typography_typography":"custom","typography_font_size":{"unit":"px","size":16,"sizes":[]},"typography_font_weight":"normal","typography_line_height":{"unit":"px","size":32,"sizes":[]},"_margin_mobile":{"unit":"px","top":"0","right":"0","bottom":"0","left":"0","isLinked":false}},"elements":[],"isInner":false,"widgetType":"motta-heading","elType":"widget"},{"id":"2edc5f7e","settings":{"title":"<a href=\"mailto:sanfrancisco@uix.store\" style=\"text-decoration: underline;\">sanfrancisco@uix.store<\/a><br>\n<a href=\"mailto:info@uix.store\"  style=\"text-decoration: underline;\">info@uix.store<\/a>","typography_typography":"custom","typography_font_size":{"unit":"px","size":16,"sizes":[]},"typography_font_weight":"normal","typography_line_height":{"unit":"px","size":24,"sizes":[]},"_padding":{"unit":"px","top":"13","right":"0","bottom":"0","left":"0","isLinked":false}},"elements":[],"isInner":false,"widgetType":"motta-heading","elType":"widget"}],"isInner":false,"elType":"column"}],"isInner":false,"elType":"section"},{"id":"789f0d73","settings":{"content_width":{"unit":"px","size":780,"sizes":[]},"structure":"21","padding":{"unit":"px","top":"0","right":"0","bottom":"48","left":"0","isLinked":false},"padding_mobile":{"unit":"px","top":"0","right":"0","bottom":"0","left":"0","isLinked":false}},"elements":[{"id":"1ca7fcb3","settings":{"_column_size":33,"_inline_size":37.665,"margin_mobile":{"unit":"px","top":"0","right":"16","bottom":"0","left":"16","isLinked":false}},"elements":[{"id":"2e131355","settings":{"title":"Store","title_size":"h3","typography_typography":"custom","typography_font_weight":"500","typography_line_height_mobile":{"unit":"px","size":28,"sizes":[]},"typography_font_size_mobile":{"unit":"px","size":24,"sizes":[]}},"elements":[],"isInner":false,"widgetType":"motta-heading","elType":"widget"}],"isInner":false,"elType":"column"},{"id":"6324df89","settings":{"_column_size":66,"_inline_size":62,"space_between_widgets":0,"margin_mobile":{"unit":"px","top":"-10","right":"8","bottom":"0","left":"16","isLinked":false}},"elements":[{"id":"19fcb9d2","settings":{"title":"111 8th Avenue New York, NY 10011<br>\n<span style=\"font-weight: 500;\">United States<\/span>","typography_typography":"custom","typography_font_size":{"unit":"px","size":21,"sizes":[]},"typography_font_size_mobile":{"unit":"px","size":18,"sizes":[]},"typography_font_weight":"normal","typography_line_height":{"unit":"px","size":32,"sizes":[]},"_margin":{"unit":"px","top":"0","right":"0","bottom":"11","left":"0","isLinked":false},"_margin_mobile":{"unit":"px","top":"0","right":"0","bottom":"11","left":"0","isLinked":false}},"elements":[],"isInner":false,"widgetType":"motta-heading","elType":"widget"},{"id":"6060508f","settings":{"title":"+1 415-736-0000","typography_typography":"custom","typography_font_size":{"unit":"px","size":16,"sizes":[]},"typography_font_weight":"normal","typography_line_height":{"unit":"px","size":32,"sizes":[]},"_margin_mobile":{"unit":"px","top":"0","right":"0","bottom":"0","left":"0","isLinked":false}},"elements":[],"isInner":false,"widgetType":"motta-heading","elType":"widget"},{"id":"6e1d44e5","settings":{"title":"<a href=\"mailto:newyork@uix.store\" style=\"text-decoration: underline;\">newyork@uix.store<\/a><br>\n<a href=\"mailto:info@uix.store\" style=\"text-decoration: underline;\">info@uix.store<\/a>","typography_typography":"custom","typography_font_size":{"unit":"px","size":16,"sizes":[]},"typography_font_weight":"normal","typography_line_height":{"unit":"px","size":24,"sizes":[]},"_padding":{"unit":"px","top":"13","right":"0","bottom":"0","left":"0","isLinked":false}},"elements":[],"isInner":false,"widgetType":"motta-heading","elType":"widget"}],"isInner":false,"elType":"column"}],"isInner":false,"elType":"section"},{"id":"114f4a3b","settings":{"content_width":{"unit":"px","size":780,"sizes":[]},"structure":"21","padding":{"unit":"px","top":"0","right":"0","bottom":"57","left":"0","isLinked":false},"padding_mobile":{"unit":"px","top":"20","right":"0","bottom":"22","left":"0","isLinked":false}},"elements":[{"id":"59dcf7e","settings":{"_column_size":33,"_inline_size":37.665,"margin_mobile":{"unit":"px","top":"0","right":"16","bottom":"0","left":"16","isLinked":false}},"elements":[{"id":"178e2905","settings":{"title":"Connect","title_size":"h3","typography_typography":"custom","typography_font_weight":"500","typography_line_height_mobile":{"unit":"px","size":28,"sizes":[]},"typography_font_size_mobile":{"unit":"px","size":24,"sizes":[]}},"elements":[],"isInner":false,"widgetType":"motta-heading","elType":"widget"}],"isInner":false,"elType":"column"},{"id":"415ed86d","settings":{"_column_size":66,"_inline_size":62,"space_between_widgets":0,"margin_mobile":{"unit":"px","top":"-32","right":"16","bottom":"0","left":"16","isLinked":false}},"elements":[{"id":"e074c1e","settings":{"icon":{"value":"fab fa-instagram","library":"fa-brands"},"title":"<a href=\"https:\/\/www.instagram.com\/motta.uix.store\/\">Instagram<\/a>","description":"","position":"left","icon_size":{"unit":"px","size":20,"sizes":[]},"title_typography_typography":"custom","title_typography_font_size":{"unit":"px","size":21,"sizes":[]},"title_typography_font_weight":"400","_padding":{"unit":"px","top":"19","right":"0","bottom":"2","left":"0","isLinked":false},"image":{"id":8357,"url":"http:\/\/localhost\/dev\/motta\/wp-content\/uploads\/sites\/12\/2022\/07\/placeholder-3.png"},"primary_button_link":{"url":"https:\/\/www.instagram.com\/motta.uix.store\/","is_external":"","nofollow":"","custom_attributes":""},"icon_spacing_top":{"unit":"px","size":4,"sizes":[]}},"elements":[],"isInner":false,"widgetType":"motta-icon-box","elType":"widget"},{"id":"254daa5a","settings":{"icon":{"value":"fab fa-facebook","library":"fa-brands"},"title":"<a href=\"https:\/\/www.facebook.com\/motta.uix.store\">Facebook<\/a>","description":"","position":"left","icon_size":{"unit":"px","size":20,"sizes":[]},"title_typography_typography":"custom","title_typography_font_size":{"unit":"px","size":21,"sizes":[]},"title_typography_font_weight":"normal","_padding":{"unit":"px","top":"0","right":"0","bottom":"7","left":"0","isLinked":false},"image":{"id":8358,"url":"http:\/\/localhost\/dev\/motta\/wp-content\/uploads\/sites\/12\/2022\/07\/placeholder-4.png"},"primary_button_link":{"url":"https:\/\/www.facebook.com\/motta.uix.store","is_external":"","nofollow":"","custom_attributes":""},"icon_spacing_top":{"unit":"px","size":4,"sizes":[]}},"elements":[],"isInner":false,"widgetType":"motta-icon-box","elType":"widget"},{"id":"4e4a21b3","settings":{"icon":{"value":"fab fa-twitter","library":"fa-brands"},"title":"<a href=\"https:\/\/twitter.com\/motta.uix.store\">Twitter<\/a>","description":"","position":"left","icon_size":{"unit":"px","size":20,"sizes":[]},"title_typography_typography":"custom","title_typography_font_size":{"unit":"px","size":21,"sizes":[]},"title_typography_font_weight":"normal","_padding":{"unit":"px","top":"0","right":"0","bottom":"7","left":"0","isLinked":false},"image":{"id":8359,"url":"http:\/\/localhost\/dev\/motta\/wp-content\/uploads\/sites\/12\/2022\/07\/placeholder-5.png"},"primary_button_link":{"url":"https:\/\/twitter.com\/motta.uix.store","is_external":"","nofollow":"","custom_attributes":""},"icon_spacing_top":{"unit":"px","size":4,"sizes":[]}},"elements":[],"isInner":false,"widgetType":"motta-icon-box","elType":"widget"},{"id":"20f6abb0","settings":{"icon":{"value":"fab fa-pinterest","library":"fa-brands"},"title":"<a href=\"https:\/\/www.pinterest.com\/motta.uix.store\">Pinterest<\/a>","description":"","position":"left","icon_size":{"unit":"px","size":20,"sizes":[]},"title_typography_typography":"custom","title_typography_font_size":{"unit":"px","size":21,"sizes":[]},"title_typography_font_weight":"normal","image":{"id":8360,"url":"http:\/\/localhost\/dev\/motta\/wp-content\/uploads\/sites\/12\/2022\/07\/placeholder-6.png"},"primary_button_link":{"url":"https:\/\/www.pinterest.com\/motta.uix.store","is_external":"","nofollow":"","custom_attributes":""},"_padding":{"unit":"px","top":"0","right":"0","bottom":"7","left":"0","isLinked":false},"title_spacing":{"unit":"px","size":0,"sizes":[]},"icon_spacing_top":{"unit":"px","size":4,"sizes":[]}},"elements":[],"isInner":false,"widgetType":"motta-icon-box","elType":"widget"}],"isInner":false,"elType":"column"}],"isInner":false,"elType":"section"},{"id":"344e6c2b","settings":{"background_background":"classic","background_color":"#C6F5EF","padding":{"unit":"px","top":"107","right":"0","bottom":"55","left":"0","isLinked":false},"margin":{"unit":"px","top":"","right":0,"bottom":"","left":0,"isLinked":true},"margin_mobile":{"unit":"px","top":"","right":0,"bottom":"","left":0,"isLinked":true},"padding_mobile":{"unit":"px","top":"43","right":"0","bottom":"4","left":"0","isLinked":false}},"elements":[{"id":"545bdcf9","settings":{"_column_size":100,"_inline_size":null},"elements":[{"id":"43015dbe","settings":{"before_title":"Get in touch","title":"Get In touch","align":"center","before_title_spacing":{"unit":"px","size":34,"sizes":[]},"typography_typography":"custom","typography_line_height_mobile":{"unit":"px","size":"","sizes":[]},"before_title_spacing_mobile":{"unit":"px","size":24,"sizes":[]},"typography_font_weight":"500","spacing_mobile":{"unit":"px","size":0,"sizes":[]},"typography_font_size":{"unit":"px","size":18,"sizes":[]},"spacing":{"unit":"px","size":30,"sizes":[]}},"elements":[],"isInner":false,"widgetType":"motta-heading","elType":"widget"},{"id":"4c47abfc","settings":{"before_title":"Get in touch","title":"We look forward to<br class=\"hidden-xs\"\/>\nhearing from you","align":"center","before_title_spacing":{"unit":"px","size":34,"sizes":[]},"typography_typography":"custom","typography_font_size_mobile":{"unit":"px","size":28,"sizes":[]},"typography_line_height_mobile":{"unit":"px","size":40,"sizes":[]},"before_title_spacing_mobile":{"unit":"px","size":24,"sizes":[]},"typography_font_weight":"500","spacing_mobile":{"unit":"px","size":0,"sizes":[]},"typography_line_height":{"unit":"px","size":64,"sizes":[]},"_padding":{"unit":"px","top":"0","right":"0","bottom":"20","left":"0","isLinked":false},"_padding_mobile":{"unit":"px","top":"0","right":"0","bottom":"47","left":"0","isLinked":false}},"elements":[],"isInner":false,"widgetType":"motta-heading","elType":"widget"},{"id":"2a49fb5","settings":{"structure":"30"},"elements":[{"id":"154b5d3b","settings":{"_column_size":33,"_inline_size":24.646},"elements":[],"isInner":true,"elType":"column"},{"id":"455d252","settings":{"_column_size":33,"_inline_size":50.983,"padding_mobile":{"unit":"px","top":"0","right":"0","bottom":"0","left":"0","isLinked":true}},"elements":[{"id":"1d7c9868","settings":{"form_shortcode":"[contact-form-7 id=\"6676\" title=\"Contact form v1\"]","form_shape":"sharp","button_box_shadow_color":"#02010100","_padding":{"unit":"%","top":"","right":"","bottom":"","left":"","isLinked":true},"_padding_tablet":{"unit":"px","top":"0","right":"15","bottom":"0","left":"15","isLinked":false},"_padding_mobile":{"unit":"px","top":"0","right":"0","bottom":"0","left":"0","isLinked":false},"form_skin":"base"},"elements":[],"isInner":false,"widgetType":"motta-contact-form","elType":"widget"}],"isInner":true,"elType":"column"},{"id":"10c9a669","settings":{"_column_size":33,"_inline_size":24.035},"elements":[],"isInner":true,"elType":"column"}],"isInner":true,"elType":"section"}],"isInner":false,"elType":"column"}],"isInner":false,"elType":"section"},{"id":"6bbabe83","settings":{"padding":{"unit":"px","top":"107","right":"0","bottom":"0","left":"0","isLinked":false},"padding_mobile":{"unit":"px","top":"63","right":"0","bottom":"0","left":"0","isLinked":false}},"elements":[{"id":"3d2fec43","settings":{"_column_size":100,"_inline_size":null},"elements":[{"id":"7c330b9b","settings":{"before_title":"Get in touch","title":"Newsletter","align":"center","before_title_spacing":{"unit":"px","size":34,"sizes":[]},"typography_typography":"custom","typography_line_height_mobile":{"unit":"px","size":"","sizes":[]},"before_title_spacing_mobile":{"unit":"px","size":24,"sizes":[]},"typography_font_weight":"500","spacing_mobile":{"unit":"px","size":0,"sizes":[]},"typography_font_size":{"unit":"px","size":18,"sizes":[]},"spacing":{"unit":"px","size":30,"sizes":[]}},"elements":[],"isInner":false,"widgetType":"motta-heading","elType":"widget"},{"id":"6efb381a","settings":{"before_title":"Newsletter","title":"Get recommendations, tips,<br class=\"hidden-xs\"\/> updates and more","align":"center","before_title_spacing":{"unit":"px","size":35,"sizes":[]},"spacing":{"unit":"px","size":13,"sizes":[]},"typography_typography":"custom","typography_line_height":{"unit":"px","size":64,"sizes":[]},"typography_font_size_mobile":{"unit":"px","size":28,"sizes":[]},"typography_line_height_mobile":{"unit":"px","size":40,"sizes":[]},"before_title_spacing_mobile":{"unit":"px","size":25,"sizes":[]},"typography_font_weight":"500","spacing_mobile":{"unit":"px","size":0,"sizes":[]}},"elements":[],"isInner":false,"widgetType":"motta-heading","elType":"widget"}],"isInner":false,"elType":"column"}],"isInner":false,"elType":"section"},{"id":"42334139","settings":{"content_width":{"unit":"px","size":570,"sizes":[]},"margin":{"unit":"px","top":"","right":0,"bottom":"","left":0,"isLinked":true},"padding":{"unit":"px","top":"0","right":"0","bottom":"80","left":"0","isLinked":false},"margin_mobile":{"unit":"px","top":"-10","right":0,"bottom":"0","left":0,"isLinked":false},"padding_mobile":{"unit":"px","top":"0","right":"0","bottom":"50","left":"0","isLinked":false}},"elements":[{"id":"445ca645","settings":{"_column_size":100,"_inline_size":null},"elements":[{"id":"765733f6","settings":{"form_id":"192","button_mobile":"inside","form_shortcode":"[mc4wp_form id=\"192\"]","form_skin":"raised","form_shape":"sharp","button_box_shadow_color":"#02010100","button_mobile_position":"inside","button_mobile_skin":"text","button_background_color":"#1D2128"},"elements":[],"isInner":false,"widgetType":"motta-subscribe-box","elType":"widget"},{"id":"1fbcac1d","settings":{"title":"We care about your data in our <a href=\"https:\/\/motta.uix.store\/privacy-policy-2\/\" style=\"color: #1d2128; font-weight: 500; text-decoration: underline;\" href=\"#\">privacy policy<\/a>","align":"center","typography_typography":"custom","typography_font_size":{"unit":"px","size":14,"sizes":[]},"typography_font_weight":"normal","_padding":{"unit":"px","top":"22","right":"0","bottom":"0","left":"0","isLinked":false}},"elements":[],"isInner":false,"widgetType":"motta-heading","elType":"widget"}],"isInner":false,"elType":"column"}],"isInner":false,"elType":"section"}],"page_settings":{"header_layout":"page","header_category_menu_display":"default","header_logo_type":"default","header_logo_image":{"id":"default","url":null},"header_logo_text":"default","header_logo_svg":"default","header_logo_width":"default","header_logo_height":"default","motta_header_background":"transparent","motta_header_text_color":"default","motta_hide_header_section":"default","motta_hide_topbar":"1","motta_hide_campain_bar":"1","motta_hide_header_border":"default","motta_hide_page_header":"1","motta_hide_title":"default","motta_hide_breadcrumb":"default","motta_content_top_spacing":"no","motta_content_top_padding":"63","motta_content_bottom_spacing":"no","motta_content_bottom_padding":"63","motta_hide_footer_section":"default","footer_layout":"8616","footer_mobile_layout":"17121","page_primary_menu":"default"},"version":"0.4","title":"Contact v1","type":"page"}