{"content":[{"id":"19cb5ea9","settings":{"gap":"no"},"elements":[{"id":"2446dd06","settings":{"_column_size":100,"_inline_size":null},"elements":[{"id":"474bb542","settings":{"columns":8,"image_box":[{"_id":"d6d7f02","image":{"id":20128,"url":"https:\/\/motta.uix.store\/electronic\/wp-content\/uploads\/sites\/6\/2023\/02\/homev9-dailydeals.jpg","alt":"","source":"library"},"title":"Daily Deals","link":{"url":"https:\/\/motta.uix.store\/electronic\/product-deals-of-the-day\/","is_external":"","nofollow":"","custom_attributes":""}},{"_id":"315b9e1","image":{"id":20121,"url":"https:\/\/motta.uix.store\/electronic\/wp-content\/uploads\/sites\/6\/2023\/02\/homev9-15off-Headphones.jpg","alt":"","source":"library"},"title":"15% off Headphone","link":{"url":"https:\/\/motta.uix.store\/electronic\/product-category\/headphones\/?products_group=sale","is_external":"","nofollow":"","custom_attributes":""}},{"_id":"426bd39","image":{"id":20122,"url":"https:\/\/motta.uix.store\/electronic\/wp-content\/uploads\/sites\/6\/2023\/02\/homev9-25-off-Tech-Accessories.jpg","alt":"","source":"library"},"title":"25% off Tech Accessories","link":{"url":"https:\/\/motta.uix.store\/electronic\/product-category\/laptops-computers\/accessories\/","is_external":"","nofollow":"","custom_attributes":""}},{"_id":"5238760","image":{"id":20138,"url":"https:\/\/motta.uix.store\/electronic\/wp-content\/uploads\/sites\/6\/2023\/02\/homev9-New-From-Apple.jpg","alt":"","source":"library"},"title":"New From Apple","link":{"url":"https:\/\/motta.uix.store\/electronic\/product-category\/cell-phones\/cell-phones-cell-phones\/","is_external":"","nofollow":"","custom_attributes":""}},{"image":{"id":20143,"url":"https:\/\/motta.uix.store\/electronic\/wp-content\/uploads\/sites\/6\/2023\/02\/homev9-think-outside-the-box.jpg","alt":"","source":"library"},"title":"Think Outside The Box","link":{"url":"https:\/\/motta.uix.store\/electronic\/product-category\/laptops-computers\/?products_group=sale","is_external":"","nofollow":"","custom_attributes":""},"_id":"b16cd59"},{"image":{"id":20129,"url":"https:\/\/motta.uix.store\/electronic\/wp-content\/uploads\/sites\/6\/2023\/02\/homev9-Galaxy-Buds-Pro.jpg","alt":"","source":"library"},"title":"Galaxy Buds Pro","link":{"url":"https:\/\/motta.uix.store\/electronic\/product-category\/headphones\/earbud-in-ear-headphones\/","is_external":"","nofollow":"","custom_attributes":""},"_id":"a83793d"},{"image":{"id":20127,"url":"https:\/\/motta.uix.store\/electronic\/wp-content\/uploads\/sites\/6\/2023\/02\/homev9-clearancesale.jpg","alt":"","source":"library"},"title":"Clearance Sale","link":{"url":"https:\/\/motta.uix.store\/electronic\/product-category\/wearable-technology\/?products_group=sale","is_external":"","nofollow":"","custom_attributes":""},"_id":"f62d944"},{"image":{"id":20132,"url":"https:\/\/motta.uix.store\/electronic\/wp-content\/uploads\/sites\/6\/2023\/02\/homev9-Geforce-Rtx-Series.jpg","alt":"","source":"library"},"title":"GeForce RTX Series","link":{"url":"https:\/\/motta.uix.store\/electronic\/product-category\/laptops-computers\/components\/","is_external":"","nofollow":"","custom_attributes":""},"_id":"6c10243"}],"image_border_radius":{"unit":"%","size":100,"sizes":[]},"image_border_radius_tablet":{"unit":"%","size":"","sizes":[]},"image_border_radius_mobile":{"unit":"%","size":"","sizes":[]},"image_spacing":{"unit":"px","size":13,"sizes":[]},"title_typography_typography":"custom","title_typography_font_size":{"unit":"px","size":14,"sizes":[]},"title_typography_font_weight":"500","title_ellipsis":"yes","horizontal_scrollable_tablet":"yes","columns_tablet":4.5,"horizontal_scrollable_mobile":"yes","columns_mobile":3.5,"item_spacing":{"unit":"px","top":"0","right":"20","bottom":"0","left":"20","isLinked":false},"item_spacing_mobile":{"unit":"px","top":"0","right":"14","bottom":"0","left":"14","isLinked":false},"image_custom_dimension":{"width":"107","height":"107"},"item_spacing_box":{"unit":"px","top":"12","right":"40","bottom":"6","left":"40","isLinked":false},"item_spacing_box_mobile":{"unit":"px","top":"16","right":"0","bottom":"0","left":"22","isLinked":false}},"elements":[],"isInner":false,"widgetType":"motta-image-box-grid","elType":"widget"}],"isInner":false,"elType":"column"}],"isInner":false,"elType":"section"},{"id":"de1b00f","settings":{"structure":"22"},"elements":[{"id":"320a83e1","settings":{"_column_size":66,"_inline_size":74.726,"_inline_size_tablet":100},"elements":[{"id":"7d28c406","settings":{"slides":[{"title":"Full Screen Ahead","description":"Always-On Retina display. <br \/>\nA brighter view of you","button_text":"Shop Now","_id":"6aac608","subtitle_type":"svg","subtitle_icon":{"value":{"url":"https:\/\/motta.uix.store\/electronic\/wp-content\/uploads\/sites\/6\/2022\/10\/homev9-fullscreenahead.svg","id":18634},"library":"svg"},"image":{"url":"https:\/\/motta.uix.store\/electronic\/wp-content\/uploads\/sites\/6\/2023\/02\/homev9-slider01.jpg","id":20140,"alt":"","source":"library"},"banner_background_img":{"id":"","url":""},"background_size":"contain","background_position":"right center","background_repeat":"no-repeat","background_color":"#F4EFEF","custom_style":"yes","subtitle_custom_typography_typography":"custom","subtitle_custom_typography_font_size":{"unit":"px","size":128,"sizes":[]},"subtitle_custom_typography_line_height":{"unit":"px","size":1,"sizes":[]},"sliders_dots_bgcolor":"#C1BEBF","sliders_dots_active_bgcolor":"#1D2128","subtitle_image":{"id":12140,"url":"http:\/\/localhost\/dev\/motta\/wp-content\/uploads\/sites\/12\/2022\/08\/home9-slider01.png","alt":"","source":"library"},"background_position_mobile":"center top","subtitle_image_mobile":"yes","primary_button_text":"Shop Now","after_button":"<img alt=\"After Button\" width=\"74\" height=\"26\" src=\"https:\/\/motta.uix.store\/wp-content\/uploads\/2022\/08\/homev9-watchseries7.png\">","after_button_custom_typography_typography":"custom","after_button_mobile":"yes","subtitle_custom_size":{"unit":"px","size":130,"sizes":[]},"primary_button_link":{"url":"https:\/\/motta.uix.store\/electronic\/product-category\/wearable-technology\/","is_external":"","nofollow":"","custom_attributes":""}},{"title":"Style<br class=\"hidden-xs\"\/> and<br class=\"hidden-xs\" \/> speed","description":"Do it all with style, performance,<br \/>\nand speed","button_text":"Shop Now","_id":"6f8c039","banner_background_img":{"id":"","url":""},"background_size":"contain","background_position":"right center","background_repeat":"no-repeat","background_color":"#D7C9C5","custom_style":"yes","sliders_dots_bgcolor":"#ABA19F","sliders_dots_active_bgcolor":"#1D2128","subtitle_custom_typography_typography":"custom","subtitle_custom_typography_font_size":{"unit":"px","size":40,"sizes":[]},"subtitle_custom_typography_line_height":{"unit":"px","size":40,"sizes":[]},"subtitle_cus_spacing":{"unit":"px","size":0,"sizes":[]},"title_custom_typography_typography":"custom","title_custom_typography_font_size":{"unit":"px","size":40,"sizes":[]},"title_custom_typography_line_height":{"unit":"px","size":40,"sizes":[]},"title_cus_spacing":{"unit":"px","size":14,"sizes":[]},"background_position_mobile":"center top","title_custom_typography_font_size_mobile":{"unit":"px","size":24,"sizes":[]},"title_custom_typography_line_height_mobile":{"unit":"px","size":40,"sizes":[]},"title_cus_spacing_mobile":{"unit":"px","size":0,"sizes":[]},"primary_button_text":"Shop Now","custom_button_options":"yes","custom_button_background_color":"#1D2128","image":{"url":"https:\/\/motta.uix.store\/electronic\/wp-content\/uploads\/sites\/6\/2023\/02\/homev9-slider02.jpg","id":20141,"alt":"","source":"library"},"after_button":"<img alt=\"After Button\" width=\"81\" height=\"21\" src=\"https:\/\/motta.uix.store\/wp-content\/uploads\/2022\/08\/homev9-surface.png\">","subtitle_image_mobile":"yes","after_button_mobile":"yes","primary_button_link":{"url":"https:\/\/motta.uix.store\/electronic\/product-category\/laptops-computers","is_external":"","nofollow":"","custom_attributes":""},"subtitle":"Style <br class=\"hidden-xs\"> and<br class=\"hidden-xs\"> speed","subtitle_custom_typography_font_weight":"700","subtitle_custom_typography_text_transform":"none"},{"title":"RTX 30 Series Gamer PCs","button_text":"Shop Now","_id":"c65fb18","subtitle_type":"svg","subtitle_icon":{"value":{"url":"https:\/\/motta.uix.store\/electronic\/wp-content\/uploads\/sites\/6\/2022\/10\/homev9-rtx_30.svg","id":18635},"library":"svg"},"banner_background_img":{"id":"","url":""},"background_size":"contain","background_position":"right center","background_repeat":"no-repeat","background_color":"#020202","custom_style":"yes","subtitle_custom_color":"#B2E82F","subtitle_custom_typography_font_size":{"unit":"px","size":182,"sizes":[]},"subtitle_custom_typography_line_height":{"unit":"px","size":40,"sizes":[]},"sliders_dots_bgcolor":"#3F3F3F","sliders_dots_active_bgcolor":"#FFFFFF","title_custom_color":"#B2E82F","content_custom_color":"#B2E82F","btn_custom_bgcolor":"#B2E82F","before_description":"THE ULTIMATE PLAY","subtitle_cus_spacing":{"unit":"px","size":20,"sizes":[]},"before_desc_custom_color":"#B2E82F","before_desc_cus_spacing":{"unit":"px","size":12,"sizes":[]},"background_position_mobile":"center top","subtitle_image_mobile":"yes","subtitle_cus_spacing_mobile":{"unit":"px","size":0,"sizes":[]},"subtitle_image":{"id":12143,"url":"http:\/\/localhost\/dev\/motta\/wp-content\/uploads\/sites\/12\/2022\/08\/home9-slider02.png","alt":"","source":"library"},"primary_button_text":"Shop Now","subtitle_custom_typography_typography":"custom","btn_custom_color":"#000000","custom_button_options":"yes","custom_button_background_color":"#B2E82F","custom_button_color":"#000000","image":{"url":"https:\/\/motta.uix.store\/electronic\/wp-content\/uploads\/sites\/6\/2023\/02\/homev9-slider013.jpg","id":20142,"alt":"","source":"library"},"after_button":"<img alt=\"After Button\" width=\"80\" height=\"26\" src=\"https:\/\/motta.uix.store\/wp-content\/uploads\/2022\/08\/homev9-geforce.png\">","title_custom_typography_typography":"custom","title_custom_typography_font_size_mobile":{"unit":"px","size":20,"sizes":[]},"after_button_mobile":"yes","subtitle_custom_size":{"unit":"px","size":200,"sizes":[]},"primary_button_link":{"url":"https:\/\/motta.uix.store\/electronic\/product-category\/laptops-computers\/components\/","is_external":"","nofollow":"","custom_attributes":""}}],"navigation":"both","autoplay":"","subtitle_typography_typography":"custom","subtitle_typography_font_size":{"unit":"px","size":40,"sizes":[]},"subtitle_typography_font_weight":"700","subtitle_typography_line_height":{"unit":"px","size":40,"sizes":[]},"subtitle_spacing":{"unit":"px","size":18,"sizes":[]},"title_typography_typography":"custom","title_typography_font_size":{"unit":"px","size":0,"sizes":[]},"title_spacing":{"unit":"px","size":0,"sizes":[]},"description_typography_typography":"custom","description_typography_font_size":{"unit":"px","size":16,"sizes":[]},"description_typography_font_weight":"500","description_typography_line_height":{"unit":"px","size":24,"sizes":[]},"arrows_icon":"thin","sliders_arrow_style":"yes","sliders_arrows_size":{"unit":"px","size":20,"sizes":[]},"sliders_arrows_width":{"unit":"px","size":32,"sizes":[]},"sliders_arrows_height":{"unit":"px","size":60,"sizes":[]},"sliders_arrows_radius":{"unit":"px","top":"2","right":"2","bottom":"2","left":"2","isLinked":true},"sliders_arrows_horizontal_spacing":{"unit":"px","size":16,"sizes":[]},"slides_vertical_position":"middle","skin":"base","btn_bgcolor":"#000000","slides_height":{"unit":"px","size":400,"sizes":[]},"navigation_tablet":"both","slides_padding_tablet":{"unit":"px","top":"0","right":"0","bottom":"0","left":"70","isLinked":false},"slides_text_align":"center","title_typography_line_height":{"unit":"px","size":0,"sizes":[]},"before_desc_typography_typography":"custom","before_desc_typography_font_size":{"unit":"px","size":14,"sizes":[]},"before_desc_typography_font_weight":"500","before_desc_typography_text_transform":"uppercase","before_desc_typography_line_height":{"unit":"px","size":24,"sizes":[]},"slides_height_mobile":{"unit":"px","size":540,"sizes":[]},"slides_padding_mobile":{"unit":"px","top":"0","right":"0","bottom":"0","left":"0","isLinked":false},"slides_horizontal_position_mobile":"left","title_typography_font_size_mobile":{"unit":"px","size":28,"sizes":[]},"title_typography_line_height_mobile":{"unit":"px","size":40,"sizes":[]},"description_spacing_mobile":{"unit":"px","size":12,"sizes":[]},"navigation_mobile":"dots","slides_horizontal_position":"center","slides_vertical_position_mobile":"top","title_spacing_mobile":{"unit":"px","size":2,"sizes":[]},"description_typography_font_size_mobile":{"unit":"px","size":14,"sizes":[]},"description_typography_line_height_mobile":{"unit":"px","size":16,"sizes":[]},"primary_button_options":"yes","primary_button_width_mobile":{"unit":"px","size":85,"sizes":[]},"primary_button_height_mobile":{"unit":"px","size":32,"sizes":[]},"primary_button_background_color":"#111111","second_button_options":"yes","slides_content_width":{"unit":"px","size":350,"sizes":[]},"slides_content_width_tablet":{"unit":"px","size":250,"sizes":[]},"slides_content_width_mobile":{"unit":"%","size":100,"sizes":[]},"slides_content_padding":{"unit":"px","top":"0","right":"0","bottom":"0","left":"90","isLinked":false},"slides_content_padding_tablet":{"unit":"px","top":"0","right":"0","bottom":"0","left":"0","isLinked":true},"primary_button_typography_typography":"custom","image_custom_height_mobile":{"unit":"px","size":365,"sizes":[]},"primary_button_typography_font_size_mobile":{"unit":"px","size":12,"sizes":[]},"primary_button_typography_font_weight":"500","second_button_typography_typography":"custom","primary_button_color":"#FFFFFF"},"elements":[],"isInner":false,"widgetType":"motta-slides","elType":"widget"}],"isInner":false,"elType":"column"},{"id":"3c82385c","settings":{"_column_size":33,"_inline_size":24.939,"content_position":"space-between","background_background":"classic","background_color":"#CEDADA","border_radius":{"unit":"px","top":"2","right":"2","bottom":"2","left":"2","isLinked":true},"margin":{"unit":"px","top":"12","right":"12","bottom":"12","left":"12","isLinked":true},"padding":{"unit":"px","top":"25","right":"0","bottom":"21","left":"0","isLinked":false},"_inline_size_tablet":100,"content_position_mobile":"center","align_mobile":"space-between","margin_mobile":{"unit":"px","top":"6","right":"16","bottom":"12","left":"16","isLinked":false},"padding_mobile":{"unit":"px","top":"12","right":"24","bottom":"11","left":"21","isLinked":false},"margin_tablet":{"unit":"px","top":"12","right":"16","bottom":"12","left":"16","isLinked":false}},"elements":[{"id":"361e62ad","settings":{"columns":1,"columns_tablet":2,"image_box":[{"_id":"aa6d584","image":{"id":13582,"url":"https:\/\/motta.uix.store\/wp-content\/uploads\/2022\/08\/home9-cb01.png","alt":"","source":"library"},"title":""},{"_id":"1743fec","image":{"id":13583,"url":"https:\/\/motta.uix.store\/wp-content\/uploads\/2022\/08\/home9-cb02.png","alt":"","source":"library"},"title":""}],"item_spacing_mobile":{"unit":"px","top":"2","right":"40","bottom":"2","left":"0","isLinked":false}},"elements":[],"isInner":false,"widgetType":"motta-image-box-grid","elType":"widget"},{"id":"57dde378","settings":{"title":"See Terms & Conditions.","link":{"url":"#","is_external":"","nofollow":"","custom_attributes":""},"skin":"subtle","size":"small","color":"#0E3F3B","hide_mobile":"hidden-mobile","primary_text":"Click Here","primary_skin":"subtle","primary_button_text":"See Terms & Conditions.","primary_button_skin":"subtle","primary_button_options":"yes","primary_button_color":"#0E3F3B","primary_button_link":{"url":"https:\/\/motta.uix.store\/electronic\/shop\/","is_external":"","nofollow":"","custom_attributes":""},"primary_button_typography_typography":"custom","primary_button_typography_font_size":{"unit":"px","size":12,"sizes":[]}},"elements":[],"isInner":false,"widgetType":"motta-button","elType":"widget"}],"isInner":false,"elType":"column"}],"isInner":false,"elType":"section"},{"id":"69bec307","settings":{"structure":"50","padding":{"unit":"px","top":"38","right":"0","bottom":"0","left":"0","isLinked":false},"padding_mobile":{"unit":"px","top":"19","right":"0","bottom":"26","left":"0","isLinked":false}},"elements":[{"id":"5830625a","settings":{"_column_size":20,"_inline_size":16.4,"_inline_size_tablet":100,"hide_tablet":"hidden-tablet","hide_mobile":"hidden-mobile"},"elements":[],"isInner":false,"elType":"column"},{"id":"7b75f125","settings":{"_column_size":20,"_inline_size":21.5,"_inline_size_tablet":33.333,"_inline_size_mobile":33.333,"border_border":"solid","border_width":{"unit":"px","top":"0","right":"0","bottom":"0","left":"0","isLinked":false},"border_width_mobile":{"unit":"px","top":"0","right":"1","bottom":"0","left":"0","isLinked":false},"border_color":"#ECF0F4","padding_mobile":{"unit":"px","top":"0","right":"5","bottom":"0","left":"16","isLinked":false}},"elements":[{"id":"2f9fe3bf","settings":{"icon":{"value":{"url":"https:\/\/motta.uix.store\/electronic\/wp-content\/uploads\/sites\/6\/2022\/10\/freeshipping-b.svg","id":18582},"library":"svg"},"title":"Fast, Free Shipping","description":"On order over <br class=\"hidden-lg hidden-sm\">$50","position":"left","position_mobile":"top","alignment_mobile":"center","title_typography_typography":"custom","title_typography_font_size":{"unit":"px","size":14,"sizes":[]},"title_typography_font_size_mobile":{"unit":"px","size":11,"sizes":[]},"title_typography_font_weight":"500","title_spacing":{"unit":"px","size":5,"sizes":[]},"description_typography_typography":"custom","description_typography_font_size_mobile":{"unit":"px","size":11,"sizes":[]},"description_typography_line_height_mobile":{"unit":"px","size":13,"sizes":[]},"description_spacing":{"unit":"px","size":0,"sizes":[]},"icon_size":{"unit":"px","size":32,"sizes":[]},"_border_border":"solid","_border_width":{"unit":"px","top":"0","right":"1","bottom":"0","left":"0","isLinked":false},"_border_width_mobile":{"unit":"px","top":"0","right":"0","bottom":"0","left":"0","isLinked":false},"_border_color":"#ECF0F4","title_spacing_mobile":{"unit":"px","size":1,"sizes":[]},"icon_spacing_mobile":{"unit":"px","size":12,"sizes":[]},"description_typography_font_size":{"unit":"px","size":14,"sizes":[]},"icon_spacing_top_mobile":{"unit":"px","size":0,"sizes":[]},"icon_vertical_alignment":"middle"},"elements":[],"isInner":false,"widgetType":"motta-icon-box","elType":"widget"}],"isInner":false,"elType":"column"},{"id":"56ffe457","settings":{"_column_size":20,"_inline_size":25.6,"_inline_size_tablet":33.333,"_inline_size_mobile":33.333,"border_border":"solid","border_width":{"unit":"px","top":"0","right":"0","bottom":"0","left":"0","isLinked":false},"border_width_mobile":{"unit":"px","top":"0","right":"1","bottom":"0","left":"0","isLinked":false},"border_color":"#ECF0F4","padding_mobile":{"unit":"px","top":"0","right":"12","bottom":"0","left":"12","isLinked":false}},"elements":[{"id":"5a12d7f","settings":{"icon":{"value":{"url":"https:\/\/motta.uix.store\/electronic\/wp-content\/uploads\/sites\/6\/2022\/10\/nextdaydelivery-b.svg","id":18583},"library":"svg"},"title":"Next Day Delivery","description":"Free\u2013 spend over <br class=\"hidden-lg hidden-sm\">$99","position":"left","position_mobile":"top","alignment_mobile":"center","title_typography_typography":"custom","title_typography_font_size":{"unit":"px","size":14,"sizes":[]},"title_typography_font_size_mobile":{"unit":"px","size":11,"sizes":[]},"title_typography_font_weight":"500","title_spacing":{"unit":"px","size":5,"sizes":[]},"description_typography_typography":"custom","description_typography_font_size_mobile":{"unit":"px","size":11,"sizes":[]},"description_typography_line_height_mobile":{"unit":"px","size":13,"sizes":[]},"description_spacing":{"unit":"px","size":0,"sizes":[]},"icon_size":{"unit":"px","size":32,"sizes":[]},"_padding":{"unit":"px","top":"0","right":"0","bottom":"0","left":"35","isLinked":false},"_padding_tablet":{"unit":"px","top":"0","right":"0","bottom":"0","left":"0","isLinked":false},"_border_border":"solid","_border_width":{"unit":"px","top":"0","right":"1","bottom":"0","left":"0","isLinked":false},"_border_width_mobile":{"unit":"px","top":"0","right":"0","bottom":"0","left":"0","isLinked":false},"_border_color":"#ECF0F4","title_spacing_mobile":{"unit":"px","size":3,"sizes":[]},"icon_spacing_mobile":{"unit":"px","size":12,"sizes":[]},"description_typography_font_size":{"unit":"px","size":14,"sizes":[]},"icon_spacing_top_mobile":{"unit":"px","size":0,"sizes":[]},"icon_vertical_alignment":"middle"},"elements":[],"isInner":false,"widgetType":"motta-icon-box","elType":"widget"}],"isInner":false,"elType":"column"},{"id":"1e3386a7","settings":{"_column_size":20,"_inline_size":20.1,"_inline_size_tablet":33.333,"_inline_size_mobile":33.333,"padding_mobile":{"unit":"px","top":"0","right":"16","bottom":"0","left":"12","isLinked":false}},"elements":[{"id":"714cf0af","settings":{"icon":{"value":{"url":"https:\/\/motta.uix.store\/electronic\/wp-content\/uploads\/sites\/6\/2022\/10\/securepayment-b.svg","id":18584},"library":"svg"},"title":"Secure Payment","description":"100% safe <br class=\"hidden-lg hidden-sm\">checkout","position":"left","position_mobile":"top","alignment_mobile":"center","title_typography_typography":"custom","title_typography_font_size":{"unit":"px","size":14,"sizes":[]},"title_typography_font_size_mobile":{"unit":"px","size":11,"sizes":[]},"title_typography_font_weight":"500","title_spacing":{"unit":"px","size":5,"sizes":[]},"description_typography_typography":"custom","description_typography_font_size_mobile":{"unit":"px","size":11,"sizes":[]},"description_typography_line_height_mobile":{"unit":"px","size":13,"sizes":[]},"description_spacing":{"unit":"px","size":0,"sizes":[]},"icon_size":{"unit":"px","size":32,"sizes":[]},"_padding":{"unit":"px","top":"0","right":"0","bottom":"0","left":"36","isLinked":false},"_padding_tablet":{"unit":"px","top":"0","right":"0","bottom":"0","left":"0","isLinked":false},"title_spacing_mobile":{"unit":"px","size":2,"sizes":[]},"icon_spacing_mobile":{"unit":"px","size":12,"sizes":[]},"description_typography_font_size":{"unit":"px","size":14,"sizes":[]},"icon_spacing_top_mobile":{"unit":"px","size":0,"sizes":[]},"icon_vertical_alignment":"middle"},"elements":[],"isInner":false,"widgetType":"motta-icon-box","elType":"widget"}],"isInner":false,"elType":"column"},{"id":"61f51e0b","settings":{"_column_size":20,"_inline_size":16.4,"_inline_size_tablet":100,"hide_tablet":"hidden-tablet","hide_mobile":"hidden-mobile"},"elements":[],"isInner":false,"elType":"column"}],"isInner":false,"elType":"section"},{"id":"3cea6d90","settings":{"border_border":"solid","border_width":{"unit":"px","top":"0","right":"0","bottom":"0","left":"0","isLinked":false},"border_color":"#ECF0F4","margin":{"unit":"px","top":"","right":0,"bottom":"","left":0,"isLinked":true},"border_width_mobile":{"unit":"px","top":"4","right":"0","bottom":"0","left":"0","isLinked":false},"margin_mobile":{"unit":"px","top":"","right":0,"bottom":"","left":0,"isLinked":true},"padding_mobile":{"unit":"px","top":"7","right":"0","bottom":"9","left":"0","isLinked":false},"padding":{"unit":"px","top":"27","right":"0","bottom":"0","left":"0","isLinked":false}},"elements":[{"id":"75a12736","settings":{"_column_size":100,"_inline_size":null},"elements":[{"id":"41c18f04","settings":{"title":"Flash Deals","sale_text":"Ends in","button_text":"See All Products","button_text_mobile":"See All","slides_to_show":6,"slides_to_scroll":1,"title_typography_typography":"custom","title_typography_font_size":{"unit":"px","size":24,"sizes":[]},"title_typography_font_weight":"500","title_typography_line_height":{"unit":"px","size":20,"sizes":[]},"navigation_mobile":"scrollbar","title_typography_font_size_mobile":{"unit":"px","size":18,"sizes":[]},"primary_button_text":"See All Products","primary_mobile_button_text":"See All","slides_to_show_mobile":2,"slides_to_scroll_mobile":2,"hide_progress_bar":"yes","scrollbar_spacing_mobile":{"unit":"px","size":0,"sizes":[]},"sliders_arrow_style":"yes","arrows_spacing_vertical":{"unit":"%","size":35,"sizes":[]},"arrows_spacing_vertical_tablet":{"unit":"%","size":"","sizes":[]},"arrows_spacing_vertical_mobile":{"unit":"%","size":"","sizes":[]},"orderby":"date","type":"recent","slides_to_show_tablet":3,"slides_to_scroll_tablet":3,"primary_button_link":{"url":"https:\/\/motta.uix.store\/electronic\/flash-deals\/","is_external":"","nofollow":"","custom_attributes":""},"product_tag":""},"elements":[],"isInner":false,"widgetType":"motta-product-deals","elType":"widget"}],"isInner":false,"elType":"column"}],"isInner":false,"elType":"section"},{"id":"6c725c57","settings":{"border_border":"solid","border_width":{"unit":"px","top":"0","right":"0","bottom":"0","left":"0","isLinked":false},"border_width_mobile":{"unit":"px","top":"4","right":"0","bottom":"0","left":"0","isLinked":false},"border_color":"#ECF0F4","margin":{"unit":"px","top":"","right":0,"bottom":"","left":0,"isLinked":true},"margin_mobile":{"unit":"px","top":"","right":0,"bottom":"","left":0,"isLinked":true},"padding_mobile":{"unit":"px","top":"15","right":"0","bottom":"2","left":"0","isLinked":false},"padding":{"unit":"px","top":"22","right":"0","bottom":"0","left":"0","isLinked":false}},"elements":[{"id":"54075f50","settings":{"_column_size":100,"_inline_size":null},"elements":[{"id":"3ad6587b","settings":{"title":"Trending Deals","button_text":"See All Offers","link":{"url":"#","is_external":"","nofollow":"","custom_attributes":""},"title_size":"div","typography_typography":"custom","typography_font_size":{"unit":"px","size":24,"sizes":[]},"typography_font_size_mobile":{"unit":"px","size":18,"sizes":[]},"typography_font_weight":"500","primary_button_text":"See All Offers","primary_button_options":"yes","primary_button_color":"#1D2128","primary_mobile_button_options":"yes","primary_mobile_button_color":"#1D2128","primary_button_link":{"url":"https:\/\/motta.uix.store\/electronic\/flash-deals\/","is_external":"","nofollow":"","custom_attributes":""}},"elements":[],"isInner":false,"widgetType":"motta-heading","elType":"widget"}],"isInner":false,"elType":"column"}],"isInner":false,"elType":"section"},{"id":"7bf687c0","settings":{"structure":"50","tablet_column_alignment":"column_xxs","mobile_column_alignment":"column_sm","padding_mobile":{"unit":"px","top":"0","right":"0","bottom":"23","left":"0","isLinked":false}},"elements":[{"id":"3ab600ab","settings":{"_column_size":20,"_inline_size":null},"elements":[{"id":"3bf7d9cf","settings":{"before_title":"Limited Time Offer","title":"This is title","button_text":"Shop Now","height":{"unit":"px","size":320,"sizes":[]},"title_type":"svg","title_icon":{"value":{"url":"https:\/\/motta.uix.store\/electronic\/wp-content\/uploads\/sites\/6\/2022\/10\/homev9-gamerdays.svg","id":18586},"library":"svg"},"title_image":{"id":"","url":"","alt":"","source":"library"},"image":{"id":20130,"url":"https:\/\/motta.uix.store\/electronic\/wp-content\/uploads\/sites\/6\/2023\/02\/homev9-gamerdays.jpg","alt":"","source":"library"},"banner_text_align":"center","banner_spacing":{"unit":"px","top":"24","right":"0","bottom":"0","left":"0","isLinked":false},"border_radius_img":{"unit":"px","top":"2","right":"2","bottom":"2","left":"2","isLinked":true},"before_title_spacing":{"unit":"px","size":14,"sizes":[]},"before_title_typography_typography":"custom","before_title_typography_font_size":{"unit":"px","size":11,"sizes":[]},"before_title_typography_text_transform":"uppercase","before_title_typography_line_height":{"unit":"px","size":24,"sizes":[]},"before_title_color":"#36E318","title_spacing":{"unit":"px","size":3,"sizes":[]},"desc_spacing":{"unit":"px","size":0,"sizes":[]},"skin":"subtle","button_color":"#36E318","height_mobile":{"unit":"px","size":258,"sizes":[]},"banner_spacing_mobile":{"unit":"px","top":"16","right":"0","bottom":"0","left":"0","isLinked":false},"size":"medium","_margin":{"unit":"px","top":"0","right":"0","bottom":"12","left":"0","isLinked":false},"_margin_mobile":{"unit":"px","top":"0","right":"0","bottom":"10","left":"0","isLinked":false},"before_title_typography_font_weight":"700","primary_button_text":"Shop Now","primary_button_skin":"subtle","primary_button_options":"yes","primary_button_color":"#36E318","title_typography_typography":"custom","title_typography_font_size":{"unit":"px","size":111,"sizes":[]},"title_typography_line_height":{"unit":"px","size":1,"sizes":[]},"title_typography_line_height_tablet":{"unit":"px","size":"","sizes":[]},"title_typography_line_height_mobile":{"unit":"px","size":"","sizes":[]},"title_size":{"unit":"px","size":110,"sizes":[]},"primary_button_link":{"url":"https:\/\/motta.uix.store\/electronic\/product-category\/laptops-computers\/pc-gaming\/","is_external":"","nofollow":"","custom_attributes":""},"youtube_url":"https:\/\/www.youtube.com\/watch?v=XHOmBV4js_E","desc_typography_typography":"custom"},"elements":[],"isInner":false,"widgetType":"motta-banner","elType":"widget"},{"id":"41c206b4","settings":{"title":"Exclusive limited-time offers &<br class=\"hidden-xs\" \/>\nexperiences","title_size":"div","align":"center","typography_typography":"custom","typography_font_size":{"unit":"px","size":14,"sizes":[]},"typography_font_size_mobile":{"unit":"px","size":12,"sizes":[]},"typography_font_weight":"500","typography_line_height":{"unit":"px","size":20,"sizes":[]},"typography_line_height_mobile":{"unit":"px","size":16,"sizes":[]},"spacing_mobile":{"unit":"px","size":0,"sizes":[]},"primary_button_typography_typography":"custom"},"elements":[],"isInner":false,"widgetType":"motta-heading","elType":"widget"}],"isInner":false,"elType":"column"},{"id":"697c5b8b","settings":{"_column_size":20,"_inline_size":null},"elements":[{"id":"45a399c1","settings":{"before_title":"BEST TV DEALS","title":"This is title","button_text":"Shop Now","height":{"unit":"px","size":320,"sizes":[]},"title_type":"svg","title_icon":{"value":{"url":"https:\/\/motta.uix.store\/electronic\/wp-content\/uploads\/sites\/6\/2022\/10\/homev9-neoqled.svg","id":18588},"library":"svg"},"image":{"id":20137,"url":"https:\/\/motta.uix.store\/electronic\/wp-content\/uploads\/sites\/6\/2023\/02\/homev9-neoqled.jpg","alt":"","source":"library"},"banner_text_align":"center","banner_spacing":{"unit":"px","top":"24","right":"0","bottom":"0","left":"0","isLinked":false},"border_radius_img":{"unit":"px","top":"2","right":"2","bottom":"2","left":"2","isLinked":true},"before_title_spacing":{"unit":"px","size":14,"sizes":[]},"before_title_typography_typography":"custom","before_title_typography_font_size":{"unit":"px","size":11,"sizes":[]},"before_title_typography_text_transform":"uppercase","before_title_typography_line_height":{"unit":"px","size":24,"sizes":[]},"before_title_color":"#000000","title_spacing":{"unit":"px","size":3,"sizes":[]},"desc_spacing":{"unit":"px","size":0,"sizes":[]},"skin":"subtle","button_color":"#000000","height_mobile":{"unit":"px","size":258,"sizes":[]},"banner_spacing_mobile":{"unit":"px","top":"16","right":"0","bottom":"0","left":"0","isLinked":false},"size":"medium","_margin":{"unit":"px","top":"0","right":"0","bottom":"12","left":"0","isLinked":false},"_margin_mobile":{"unit":"px","top":"0","right":"0","bottom":"10","left":"0","isLinked":false},"before_title_typography_font_weight":"700","primary_button_text":"Shop Now","primary_button_skin":"subtle","primary_button_options":"yes","primary_button_color":"#000000","title_typography_typography":"custom","title_typography_font_size":{"unit":"px","size":110,"sizes":[]},"title_typography_line_height":{"unit":"px","size":1,"sizes":[]},"title_size":{"unit":"px","size":110,"sizes":[]},"primary_button_link":{"url":"https:\/\/motta.uix.store\/electronic\/product-category\/tvs-video\/tvs\/","is_external":"","nofollow":"","custom_attributes":""},"youtube_url":"https:\/\/www.youtube.com\/watch?v=XHOmBV4js_E"},"elements":[],"isInner":false,"widgetType":"motta-banner","elType":"widget"},{"id":"198aa714","settings":{"title":"Save up to $700 on select 4K<br class=\"hidden-xs\" \/>\nQLED Tvs","title_size":"div","align":"center","typography_typography":"custom","typography_font_size":{"unit":"px","size":14,"sizes":[]},"typography_font_size_mobile":{"unit":"px","size":12,"sizes":[]},"typography_font_weight":"500","typography_line_height":{"unit":"px","size":20,"sizes":[]},"typography_line_height_mobile":{"unit":"px","size":16,"sizes":[]},"spacing_mobile":{"unit":"px","size":0,"sizes":[]},"primary_button_typography_typography":"custom"},"elements":[],"isInner":false,"widgetType":"motta-heading","elType":"widget"}],"isInner":false,"elType":"column"},{"id":"6bc0c983","settings":{"_column_size":20,"_inline_size":null},"elements":[{"id":"327e68ab","settings":{"before_title":"New Arrivals","title":"This is title","button_text":"Shop Now","height":{"unit":"px","size":320,"sizes":[]},"title_type":"svg","title_icon":{"value":{"url":"https:\/\/motta.uix.store\/electronic\/wp-content\/uploads\/sites\/6\/2022\/10\/homev9-getinsprired.svg","id":18587},"library":"svg"},"image":{"id":20133,"url":"https:\/\/motta.uix.store\/electronic\/wp-content\/uploads\/sites\/6\/2023\/02\/homev9-getinspired.jpg","alt":"","source":"library"},"banner_text_align":"center","banner_spacing":{"unit":"px","top":"24","right":"0","bottom":"0","left":"0","isLinked":false},"border_radius_img":{"unit":"px","top":"2","right":"2","bottom":"2","left":"2","isLinked":true},"before_title_spacing":{"unit":"px","size":14,"sizes":[]},"before_title_typography_typography":"custom","before_title_typography_font_size":{"unit":"px","size":11,"sizes":[]},"before_title_typography_text_transform":"uppercase","before_title_typography_line_height":{"unit":"px","size":24,"sizes":[]},"before_title_color":"#1D2128","title_spacing":{"unit":"px","size":3,"sizes":[]},"desc_spacing":{"unit":"px","size":0,"sizes":[]},"skin":"subtle","button_color":"#1D2128","height_mobile":{"unit":"px","size":258,"sizes":[]},"banner_spacing_mobile":{"unit":"px","top":"16","right":"0","bottom":"0","left":"0","isLinked":false},"size":"medium","_margin":{"unit":"px","top":"0","right":"0","bottom":"12","left":"0","isLinked":false},"_margin_mobile":{"unit":"px","top":"0","right":"0","bottom":"10","left":"0","isLinked":false},"before_title_typography_font_weight":"700","primary_button_text":"Shop Now","primary_button_skin":"subtle","primary_button_options":"yes","primary_button_color":"#1D2128","title_typography_typography":"custom","title_typography_font_size":{"unit":"px","size":110,"sizes":[]},"title_typography_line_height":{"unit":"px","size":1,"sizes":[]},"title_size":{"unit":"px","size":110,"sizes":[]},"primary_button_link":{"url":"https:\/\/motta.uix.store\/electronic\/product-category\/laptops-computers\/","is_external":"","nofollow":"","custom_attributes":""},"youtube_url":"https:\/\/www.youtube.com\/watch?v=XHOmBV4js_E"},"elements":[],"isInner":false,"widgetType":"motta-banner","elType":"widget"},{"id":"3be69579","settings":{"title":"Low prices on computers to<br class=\"hidden-xs\" \/>\nsucceed in the office","title_size":"div","align":"center","typography_typography":"custom","typography_font_size":{"unit":"px","size":14,"sizes":[]},"typography_font_size_mobile":{"unit":"px","size":12,"sizes":[]},"typography_font_weight":"500","typography_line_height":{"unit":"px","size":20,"sizes":[]},"typography_line_height_mobile":{"unit":"px","size":16,"sizes":[]},"spacing_mobile":{"unit":"px","size":0,"sizes":[]},"primary_button_typography_typography":"custom"},"elements":[],"isInner":false,"widgetType":"motta-heading","elType":"widget"}],"isInner":false,"elType":"column"},{"id":"40185239","settings":{"_column_size":20,"_inline_size":null},"elements":[{"id":"215c1082","settings":{"before_title":"Black Friday","title":"This is title","button_text":"Shop Now","height":{"unit":"px","size":320,"sizes":[]},"title_type":"svg","title_icon":{"value":{"url":"https:\/\/motta.uix.store\/electronic\/wp-content\/uploads\/sites\/6\/2022\/10\/homev9-triphard.svg","id":18589},"library":"svg"},"image":{"id":20144,"url":"https:\/\/motta.uix.store\/electronic\/wp-content\/uploads\/sites\/6\/2023\/02\/homev9-triphard.jpg","alt":"","source":"library"},"banner_text_align":"center","banner_spacing":{"unit":"px","top":"24","right":"0","bottom":"0","left":"0","isLinked":false},"border_radius_img":{"unit":"px","top":"2","right":"2","bottom":"2","left":"2","isLinked":true},"before_title_spacing":{"unit":"px","size":14,"sizes":[]},"before_title_typography_typography":"custom","before_title_typography_font_size":{"unit":"px","size":11,"sizes":[]},"before_title_typography_text_transform":"uppercase","before_title_typography_line_height":{"unit":"px","size":24,"sizes":[]},"before_title_color":"#80F8FF","title_spacing":{"unit":"px","size":3,"sizes":[]},"desc_spacing":{"unit":"px","size":0,"sizes":[]},"skin":"subtle","button_color":"#80F8FF","height_mobile":{"unit":"px","size":258,"sizes":[]},"banner_spacing_mobile":{"unit":"px","top":"16","right":"0","bottom":"0","left":"0","isLinked":false},"size":"medium","_margin":{"unit":"px","top":"0","right":"0","bottom":"12","left":"0","isLinked":false},"_margin_mobile":{"unit":"px","top":"0","right":"0","bottom":"10","left":"0","isLinked":false},"before_title_typography_font_weight":"700","primary_button_text":"Shop Now","primary_button_skin":"subtle","primary_button_options":"yes","primary_button_color":"#80F8FF","title_typography_typography":"custom","title_typography_font_size":{"unit":"px","size":110,"sizes":[]},"title_typography_line_height":{"unit":"px","size":1,"sizes":[]},"title_color":"#F58C8C","title_size":{"unit":"px","size":110,"sizes":[]},"primary_button_link":{"url":"https:\/\/motta.uix.store\/electronic\/product-category\/cameras\/","is_external":"","nofollow":"","custom_attributes":""},"youtube_url":"https:\/\/www.youtube.com\/watch?v=XHOmBV4js_E"},"elements":[],"isInner":false,"widgetType":"motta-banner","elType":"widget"},{"id":"29990b7d","settings":{"title":"Save up to $80 on select<br class=\"hidden-xs\" \/>\ncamcorder models.","title_size":"div","align":"center","typography_typography":"custom","typography_font_size":{"unit":"px","size":14,"sizes":[]},"typography_font_size_mobile":{"unit":"px","size":12,"sizes":[]},"typography_font_weight":"500","typography_line_height":{"unit":"px","size":20,"sizes":[]},"typography_line_height_mobile":{"unit":"px","size":16,"sizes":[]},"spacing_mobile":{"unit":"px","size":0,"sizes":[]},"primary_button_typography_typography":"custom"},"elements":[],"isInner":false,"widgetType":"motta-heading","elType":"widget"}],"isInner":false,"elType":"column"},{"id":"3f54a8da","settings":{"_column_size":20,"_inline_size":null},"elements":[{"id":"5425bcd7","settings":{"before_title":"Back to School","title":"This is title","button_text":"Shop Now","height":{"unit":"px","size":320,"sizes":[]},"title_type":"svg","title_icon":{"value":{"url":"https:\/\/motta.uix.store\/electronic\/wp-content\/uploads\/sites\/6\/2022\/10\/homev9-bestinclass.svg","id":18585},"library":"svg"},"image":{"id":20124,"url":"https:\/\/motta.uix.store\/electronic\/wp-content\/uploads\/sites\/6\/2023\/02\/homev9-bestinclass.jpg","alt":"","source":"library"},"banner_text_align":"center","banner_spacing":{"unit":"px","top":"24","right":"0","bottom":"0","left":"0","isLinked":false},"border_radius_img":{"unit":"px","top":"2","right":"2","bottom":"2","left":"2","isLinked":true},"before_title_spacing":{"unit":"px","size":14,"sizes":[]},"before_title_typography_typography":"custom","before_title_typography_font_size":{"unit":"px","size":11,"sizes":[]},"before_title_typography_text_transform":"uppercase","before_title_typography_line_height":{"unit":"px","size":24,"sizes":[]},"before_title_color":"#FFFFFF","title_spacing":{"unit":"px","size":3,"sizes":[]},"desc_spacing":{"unit":"px","size":0,"sizes":[]},"skin":"subtle","button_color":"#FFFFFF","height_mobile":{"unit":"px","size":258,"sizes":[]},"banner_spacing_mobile":{"unit":"px","top":"16","right":"0","bottom":"0","left":"0","isLinked":false},"size":"medium","_margin":{"unit":"px","top":"0","right":"0","bottom":"12","left":"0","isLinked":false},"_margin_mobile":{"unit":"px","top":"0","right":"0","bottom":"10","left":"0","isLinked":false},"before_title_typography_font_weight":"700","primary_button_text":"Shop Now","primary_button_skin":"subtle","primary_button_options":"yes","primary_button_color":"#FFFFFF","title_typography_typography":"custom","title_typography_font_size":{"unit":"px","size":110,"sizes":[]},"title_typography_line_height":{"unit":"px","size":1,"sizes":[]},"title_size":{"unit":"px","size":110,"sizes":[]},"primary_button_link":{"url":"https:\/\/motta.uix.store\/electronic\/product-category\/laptops-computers\/components\/","is_external":"","nofollow":"","custom_attributes":""},"youtube_url":"https:\/\/www.youtube.com\/watch?v=XHOmBV4js_E"},"elements":[],"isInner":false,"widgetType":"motta-banner","elType":"widget"},{"id":"671271ab","settings":{"title":"Gear essentials for preschool","title_size":"div","align":"center","typography_typography":"custom","typography_font_size":{"unit":"px","size":14,"sizes":[]},"typography_font_size_mobile":{"unit":"px","size":12,"sizes":[]},"typography_font_weight":"500","typography_line_height":{"unit":"px","size":20,"sizes":[]},"typography_line_height_mobile":{"unit":"px","size":16,"sizes":[]},"spacing_mobile":{"unit":"px","size":0,"sizes":[]},"primary_button_typography_typography":"custom"},"elements":[],"isInner":false,"widgetType":"motta-heading","elType":"widget"}],"isInner":false,"elType":"column"}],"isInner":false,"elType":"section"},{"id":"7a27696f","settings":{"border_border":"solid","border_width":{"unit":"px","top":"0","right":"0","bottom":"0","left":"0","isLinked":false},"border_width_mobile":{"unit":"px","top":"4","right":"0","bottom":"0","left":"0","isLinked":false},"border_color":"#ECF0F4","margin":{"unit":"px","top":"","right":0,"bottom":"","left":0,"isLinked":true},"margin_mobile":{"unit":"px","top":"","right":0,"bottom":"","left":0,"isLinked":true},"padding_mobile":{"unit":"px","top":"9","right":"0","bottom":"0","left":"0","isLinked":false},"padding":{"unit":"px","top":"33","right":"0","bottom":"0","left":"0","isLinked":false}},"elements":[{"id":"65b18caf","settings":{"_column_size":100,"_inline_size":null},"elements":[{"id":"7cbd7911","settings":{"title":"Featured Products","button_text":"See All Products","button_text_mobile":"See All","link":{"url":"#","is_external":"","nofollow":"","custom_attributes":""},"title_size":"div","typography_typography":"custom","typography_font_size":{"unit":"px","size":24,"sizes":[]},"typography_font_size_mobile":{"unit":"px","size":18,"sizes":[]},"typography_font_weight":"500","typography_line_height":{"unit":"px","size":20,"sizes":[]},"primary_button_text":"See All Products","primary_mobile_button_text":"See All","primary_button_options":"yes","primary_button_color":"#1D2128","primary_mobile_button_options":"yes","primary_mobile_button_color":"#1D2128","primary_button_link":{"url":"https:\/\/motta.uix.store\/electronic\/shop\/","is_external":"","nofollow":"","custom_attributes":""}},"elements":[],"isInner":false,"widgetType":"motta-heading","elType":"widget"}],"isInner":false,"elType":"column"}],"isInner":false,"elType":"section"},{"id":"2f11143d","settings":{"padding_mobile":{"unit":"px","top":"0","right":"0","bottom":"9","left":"0","isLinked":false}},"elements":[{"id":"6b61c4fe","settings":{"_column_size":100,"_inline_size":null},"elements":[{"id":"140188c4","settings":{"hide_category":"none","hide_attributes":"none","slides_to_show":"6","navigation_mobile":"scrollbar","autoplay":"","scrollbar_spacing_mobile":{"unit":"px","size":0,"sizes":[]},"slides_to_show_mobile":"2","sliders_arrows_vertical_spacing":{"unit":"%","size":26,"sizes":[]},"sliders_arrows_vertical_spacing_tablet":{"unit":"%","size":"","sizes":[]},"sliders_arrows_vertical_spacing_mobile":{"unit":"%","size":"","sizes":[]},"tag":[""],"slides_to_show_tablet":"3","slides_to_scroll_tablet":3,"sliders_arrows_horizontal_spacing_tablet":{"unit":"px","size":0,"sizes":[]}},"elements":[],"isInner":false,"widgetType":"motta-products-carousel","elType":"widget"}],"isInner":false,"elType":"column"}],"isInner":false,"elType":"section"},{"id":"307e3576","settings":{"border_border":"solid","border_width":{"unit":"px","top":"0","right":"0","bottom":"0","left":"0","isLinked":false},"border_color":"#ECF0F4","margin":{"unit":"px","top":"","right":0,"bottom":"","left":0,"isLinked":true},"border_width_mobile":{"unit":"px","top":"4","right":"0","bottom":"0","left":"0","isLinked":false},"margin_mobile":{"unit":"px","top":"","right":0,"bottom":"","left":0,"isLinked":true},"padding_mobile":{"unit":"px","top":"20","right":"0","bottom":"0","left":"0","isLinked":false},"padding":{"unit":"px","top":"33","right":"0","bottom":"0","left":"0","isLinked":false}},"elements":[{"id":"58a627da","settings":{"_column_size":100,"_inline_size":null},"elements":[{"id":"715ca2","settings":{"before_title":"FLEX\u0131BLE PAYMENT","title_type":"svg","title":"This is title","button_text":"Learn More","image":{"url":"","id":""},"banner_background_color":"#B7FF1D","height":{"unit":"px","size":160,"sizes":[]},"height_mobile":{"unit":"px","size":120,"sizes":[]},"banner_horizontal_position":"center","banner_vertical_position":"middle","banner_text_align":"center","banner_spacing_mobile":{"unit":"px","top":"30","right":"24","bottom":"30","left":"24","isLinked":false},"border_radius_img":{"unit":"px","top":"2","right":"2","bottom":"2","left":"2","isLinked":true},"before_title_spacing_mobile":{"unit":"px","size":2,"sizes":[]},"before_title_typography_typography":"custom","before_title_typography_font_size":{"unit":"px","size":11,"sizes":[]},"before_title_typography_font_weight":"700","before_title_typography_text_transform":"uppercase","title_spacing":{"unit":"px","size":0,"sizes":[]},"title_spacing_mobile":{"unit":"px","size":0,"sizes":[]},"skin":"subtle","button_color":"#1D2128","_padding":{"unit":"px","top":"0","right":"0","bottom":"0","left":"0","isLinked":false},"primary_button_text":"Learn More","before_title_typography_font_size_mobile":{"unit":"px","size":11,"sizes":[]},"primary_button_skin":"subtle","primary_button_options":"yes","primary_button_color":"#1D2128","title_icon":{"value":{"url":"https:\/\/motta.uix.store\/electronic\/wp-content\/uploads\/sites\/6\/2022\/10\/homev9-shopnowpaylaternofees.svg","id":18593},"library":"svg"},"title_typography_typography":"custom","title_typography_font_size":{"unit":"px","size":565,"sizes":[]},"title_typography_line_height":{"unit":"px","size":1,"sizes":[]},"title_size":{"unit":"px","size":585,"sizes":[]},"title_size_mobile":{"unit":"px","size":290,"sizes":[]},"primary_button_link":{"url":"https:\/\/motta.uix.store\/electronic\/shop\/","is_external":"","nofollow":"","custom_attributes":""},"youtube_url":"https:\/\/www.youtube.com\/watch?v=XHOmBV4js_E","primary_button_typography_typography":"custom","primary_button_typography_font_size":{"unit":"px","size":12,"sizes":[]}},"elements":[],"isInner":false,"widgetType":"motta-banner","elType":"widget"}],"isInner":false,"elType":"column"}],"isInner":false,"elType":"section"},{"id":"6edb3279","settings":{"border_width":{"unit":"px","top":"0","right":"0","bottom":"0","left":"0","isLinked":false},"border_width_mobile":{"unit":"px","top":"4","right":"0","bottom":"0","left":"0","isLinked":false},"border_color":"#ECF0F4","margin":{"unit":"px","top":"","right":0,"bottom":"","left":0,"isLinked":true},"margin_mobile":{"unit":"px","top":"","right":0,"bottom":"","left":0,"isLinked":true},"gap":"no","padding":{"unit":"px","top":"51","right":"16","bottom":"17","left":"16","isLinked":false},"padding_mobile":{"unit":"px","top":"17","right":"16","bottom":"8","left":"16","isLinked":false}},"elements":[{"id":"3484b31a","settings":{"_column_size":100,"_inline_size":null},"elements":[{"id":"2930130e","settings":{"title":"Explore More Categories","button_text":"See All Categories","button_text_mobile":"See All","link":{"url":"#","is_external":"","nofollow":"","custom_attributes":""},"title_size":"div","typography_typography":"custom","typography_font_size":{"unit":"px","size":24,"sizes":[]},"typography_font_size_mobile":{"unit":"px","size":18,"sizes":[]},"typography_font_weight":"500","typography_line_height":{"unit":"px","size":20,"sizes":[]},"primary_button_text":"See All Categories","primary_mobile_button_text":"See All","primary_button_options":"yes","primary_button_color":"#1D2128","primary_mobile_button_options":"yes","primary_mobile_button_color":"#1D2128","primary_button_link":{"url":"https:\/\/motta.uix.store\/electronic\/shop\/","is_external":"","nofollow":"","custom_attributes":""}},"elements":[],"isInner":false,"widgetType":"motta-heading","elType":"widget"}],"isInner":false,"elType":"column"}],"isInner":false,"elType":"section"},{"id":"709795d9","settings":{"padding_mobile":{"unit":"px","top":"0","right":"0","bottom":"11","left":"0","isLinked":false}},"elements":[{"id":"51253e10","settings":{"_column_size":100,"_inline_size":null},"elements":[{"id":"74f782a5","settings":{"horizontal_scrollable_tablet":"yes","horizontal_scrollable_mobile":"yes","columns":7,"columns_tablet":4.5,"columns_mobile":2.5,"image_box":[{"_id":"d4e21bc","image":{"id":13601,"url":"https:\/\/motta.uix.store\/wp-content\/uploads\/2022\/08\/homev9-cellphones.jpg","alt":"","source":"library"},"title":"Cell Phones","link":{"url":"https:\/\/motta.uix.store\/electronic\/product-category\/cell-phones\/","is_external":"","nofollow":"","custom_attributes":""}},{"image":{"id":13603,"url":"https:\/\/motta.uix.store\/wp-content\/uploads\/2022\/08\/homev9-ipadtablets.jpg","alt":"","source":"library"},"title":"iPads & Tablets","link":{"url":"https:\/\/motta.uix.store\/electronic\/product-category\/ipads-tablets\/","is_external":"","nofollow":"","custom_attributes":""},"_id":"54d929c"},{"image":{"id":13604,"url":"https:\/\/motta.uix.store\/wp-content\/uploads\/2022\/08\/homev9-laptops.jpg","alt":"","source":"library"},"title":"Laptops","link":{"url":"https:\/\/motta.uix.store\/electronic\/product-category\/laptops-computers\/","is_external":"","nofollow":"","custom_attributes":""},"_id":"019a649"},{"image":{"id":13600,"url":"https:\/\/motta.uix.store\/wp-content\/uploads\/2022\/08\/homev9-cameras.jpg","alt":"","source":"library"},"title":"Cameras","link":{"url":"https:\/\/motta.uix.store\/electronic\/product-category\/cameras\/","is_external":"","nofollow":"","custom_attributes":""},"_id":"b1b791c"},{"image":{"id":13605,"url":"https:\/\/motta.uix.store\/wp-content\/uploads\/2022\/08\/homev9-wearabletech.jpg","alt":"","source":"library"},"title":"Wearable Tech","link":{"url":"https:\/\/motta.uix.store\/electronic\/product-category\/wearable-technology\/","is_external":"","nofollow":"","custom_attributes":""},"_id":"fcb7d11"},{"image":{"id":13602,"url":"https:\/\/motta.uix.store\/wp-content\/uploads\/2022\/08\/homev9-headphones.jpg","alt":"","source":"library"},"title":"Headphones","link":{"url":"https:\/\/motta.uix.store\/electronic\/product-category\/headphones\/","is_external":"","nofollow":"","custom_attributes":""},"_id":"ac2c312"},{"image":{"id":13599,"url":"https:\/\/motta.uix.store\/wp-content\/uploads\/2022\/08\/homev9-accessories.jpg","alt":"","source":"library"},"title":"Accessories","link":{"url":"https:\/\/motta.uix.store\/electronic\/product-category\/laptops-computers\/accessories\/","is_external":"","nofollow":"","custom_attributes":""},"_id":"d8872c9"}],"item_spacing":{"unit":"px","top":"0","right":"12","bottom":"0","left":"12","isLinked":false},"item_spacing_mobile":{"unit":"px","top":"0","right":"16","bottom":"0","left":"0","isLinked":false},"image_border_radius":{"unit":"%","size":100,"sizes":[]},"image_border_radius_tablet":{"unit":"%","size":"","sizes":[]},"image_border_radius_mobile":{"unit":"%","size":"","sizes":[]},"image_spacing":{"unit":"px","size":17,"sizes":[]},"image_spacing_mobile":{"unit":"px","size":12,"sizes":[]},"title_typography_typography":"custom","title_typography_font_size":{"unit":"px","size":18,"sizes":[]},"title_typography_font_size_mobile":{"unit":"px","size":14,"sizes":[]},"title_typography_font_weight":"500","title_typography_line_height":{"unit":"px","size":28,"sizes":[]},"title_spacing":{"unit":"px","size":0,"sizes":[]}},"elements":[],"isInner":false,"widgetType":"motta-image-box-grid","elType":"widget"}],"isInner":false,"elType":"column"}],"isInner":false,"elType":"section"},{"id":"1662d3b0","settings":{"border_border":"solid","border_width":{"unit":"px","top":"0","right":"0","bottom":"0","left":"0","isLinked":false},"border_width_mobile":{"unit":"px","top":"4","right":"0","bottom":"0","left":"0","isLinked":false},"border_color":"#ECF0F4","margin":{"unit":"px","top":"","right":0,"bottom":"","left":0,"isLinked":true},"margin_mobile":{"unit":"px","top":"","right":0,"bottom":"","left":0,"isLinked":true},"padding_mobile":{"unit":"px","top":"9","right":"0","bottom":"0","left":"0","isLinked":false},"padding":{"unit":"px","top":"32","right":"0","bottom":"0","left":"0","isLinked":false}},"elements":[{"id":"4b0c5df0","settings":{"_column_size":100,"_inline_size":null},"elements":[{"id":"507609ce","settings":{"title":"You May Also Like","button_text":"See All Products","button_text_mobile":"See All","link":{"url":"#","is_external":"","nofollow":"","custom_attributes":""},"title_size":"div","typography_typography":"custom","typography_font_size":{"unit":"px","size":24,"sizes":[]},"typography_font_size_mobile":{"unit":"px","size":18,"sizes":[]},"typography_font_weight":"500","typography_line_height":{"unit":"px","size":20,"sizes":[]},"primary_button_text":"See All Products","primary_mobile_button_text":"See All","primary_button_options":"yes","primary_button_color":"#1D2128","primary_mobile_button_options":"yes","primary_mobile_button_color":"#1D2128","primary_button_link":{"url":"https:\/\/motta.uix.store\/electronic\/shop\/","is_external":"","nofollow":"","custom_attributes":""}},"elements":[],"isInner":false,"widgetType":"motta-heading","elType":"widget"}],"isInner":false,"elType":"column"}],"isInner":false,"elType":"section"},{"id":"5a804b38","settings":{"padding_mobile":{"unit":"px","top":"0","right":"0","bottom":"9","left":"0","isLinked":false}},"elements":[{"id":"1064c093","settings":{"_column_size":100,"_inline_size":null},"elements":[{"id":"543c5be6","settings":{"hide_category":"none","hide_attributes":"none","slides_to_show":"6","navigation_mobile":"scrollbar","autoplay":"","scrollbar_spacing_mobile":{"unit":"px","size":0,"sizes":[]},"sliders_arrows_vertical_spacing":{"unit":"%","size":26,"sizes":[]},"sliders_arrows_vertical_spacing_tablet":{"unit":"%","size":"","sizes":[]},"sliders_arrows_vertical_spacing_mobile":{"unit":"%","size":"","sizes":[]},"tag":[""],"slides_to_show_tablet":"3","slides_to_scroll_tablet":3,"sliders_arrows_horizontal_spacing_tablet":{"unit":"px","size":0,"sizes":[]}},"elements":[],"isInner":false,"widgetType":"motta-products-carousel","elType":"widget"}],"isInner":false,"elType":"column"}],"isInner":false,"elType":"section"},{"id":"3335b26c","settings":{"background_image":{"url":"","id":"","alt":"","source":"library"},"background_position":"center center","background_repeat":"no-repeat","background_size":"cover","border_border":"solid","border_width":{"unit":"px","top":"0","right":"0","bottom":"0","left":"0","isLinked":false},"border_width_mobile":{"unit":"px","top":"4","right":"0","bottom":"0","left":"0","isLinked":false},"border_color":"#ECF0F4","margin":{"unit":"px","top":"","right":0,"bottom":"","left":0,"isLinked":true},"margin_mobile":{"unit":"px","top":"","right":0,"bottom":"","left":0,"isLinked":true},"padding_mobile":{"unit":"px","top":"20","right":"0","bottom":"0","left":"0","isLinked":false},"padding":{"unit":"px","top":"51","right":"0","bottom":"0","left":"0","isLinked":false}},"elements":[{"id":"371671aa","settings":{"_column_size":100,"_inline_size":null},"elements":[{"id":"2014e75","settings":{"gap":"no","structure":"20","background_background":"classic","background_image":{"id":20139,"url":"https:\/\/motta.uix.store\/electronic\/wp-content\/uploads\/sites\/6\/2023\/02\/homev9-newsletter-scaled-1.jpg","alt":"","source":"library"},"background_position":"center center","background_repeat":"no-repeat","background_size":"cover","border_radius":{"unit":"px","top":"2","right":"2","bottom":"2","left":"2","isLinked":true},"padding":{"unit":"px","top":"38","right":"51","bottom":"38","left":"48","isLinked":false},"padding_mobile":{"unit":"px","top":"33","right":"0","bottom":"36","left":"0","isLinked":false}},"elements":[{"id":"7b4cbb53","settings":{"_column_size":50,"_inline_size":null,"_inline_size_tablet":100},"elements":[{"id":"37d8310a","settings":{"before_title":"Become a member","title":"Become a member","title_size":"div","align_tablet":"center","before_title_color":"#B7FF1D","before_title_typography_typography":"custom","before_title_typography_font_size":{"unit":"px","size":24,"sizes":[]},"before_title_typography_font_weight":"500","before_title_typography_line_height":{"unit":"px","size":28,"sizes":[]},"before_title_spacing":{"unit":"px","size":17,"sizes":[]},"title_color":"#B7FF1D","typography_typography":"custom","typography_font_size":{"unit":"px","size":28,"sizes":[]},"typography_font_weight":"400","typography_line_height":{"unit":"px","size":26,"sizes":[]},"spacing":{"unit":"px","size":15,"sizes":[]}},"elements":[],"isInner":false,"widgetType":"motta-heading","elType":"widget"},{"id":"106701d5","settings":{"before_title":"Become a member","title":"Join now and get 10% off your next purchase!","title_size":"div","align_tablet":"center","before_title_color":"#B7FF1D","before_title_typography_typography":"custom","before_title_typography_font_size":{"unit":"px","size":24,"sizes":[]},"before_title_typography_font_weight":"500","before_title_typography_line_height":{"unit":"px","size":28,"sizes":[]},"before_title_spacing":{"unit":"px","size":17,"sizes":[]},"title_color":"#B7FF1D","typography_typography":"custom","typography_font_size":{"unit":"px","size":14,"sizes":[]},"typography_font_weight":"400","typography_line_height":{"unit":"px","size":12,"sizes":[]}},"elements":[],"isInner":false,"widgetType":"motta-heading","elType":"widget"}],"isInner":true,"elType":"column"},{"id":"289c435e","settings":{"_column_size":50,"_inline_size":null,"_inline_size_tablet":100,"padding_mobile":{"unit":"px","top":"16","right":"16","bottom":"12","left":"16","isLinked":false}},"elements":[{"id":"2a4ecfd1","settings":{"form_shortcode":"[mc4wp_form id=\"4172\"]","button_mobile_position":"inside","button_mobile_skin":"base","button_padding_mobile":{"unit":"px","top":"0","right":"20","bottom":"0","left":"20","isLinked":false},"button_options":"yes","field_border":"none"},"elements":[],"isInner":false,"widgetType":"motta-subscribe-box","elType":"widget"}],"isInner":true,"elType":"column"}],"isInner":true,"elType":"section"}],"isInner":false,"elType":"column"}],"isInner":false,"elType":"section"},{"id":"123af168","settings":{"border_width":{"unit":"px","top":"1","right":"0","bottom":"0","left":"0","isLinked":false},"border_width_mobile":{"unit":"px","top":"4","right":"0","bottom":"0","left":"0","isLinked":false},"border_color":"#ECF0F4","margin":{"unit":"px","top":"","right":0,"bottom":"","left":0,"isLinked":true},"margin_mobile":{"unit":"px","top":"","right":0,"bottom":"","left":0,"isLinked":true},"padding":{"unit":"px","top":"33","right":"0","bottom":"0","left":"0","isLinked":false},"padding_mobile":{"unit":"px","top":"1","right":"0","bottom":"0","left":"0","isLinked":false}},"elements":[{"id":"36ffc717","settings":{"_column_size":100,"_inline_size":null},"elements":[{"id":"2c42d11f","settings":{"title":"Trending Brands","button_text":"See All Brands","button_text_mobile":"See All","link":{"url":"#","is_external":"","nofollow":"","custom_attributes":""},"title_size":"div","typography_typography":"custom","typography_font_size":{"unit":"px","size":24,"sizes":[]},"typography_font_weight":"500","typography_line_height":{"unit":"px","size":32,"sizes":[]},"typography_font_size_mobile":{"unit":"px","size":18,"sizes":[]},"primary_button_text":"See All Brands","primary_mobile_button_text":"See All","primary_button_options":"yes","primary_button_color":"#1D2128","primary_mobile_button_options":"yes","primary_mobile_button_color":"#1D2128","primary_button_link":{"url":"https:\/\/motta.uix.store\/electronic\/shop\/","is_external":"","nofollow":"","custom_attributes":""}},"elements":[],"isInner":false,"widgetType":"motta-heading","elType":"widget"}],"isInner":false,"elType":"column"}],"isInner":false,"elType":"section"},{"id":"645e3b0d","settings":{"tablet_column_alignment":"column_xxs","mobile_column_alignment":"column_xs","structure":"60","margin":{"unit":"px","top":"0","right":0,"bottom":"20","left":0,"isLinked":false},"margin_mobile":{"unit":"px","top":"","right":0,"bottom":"","left":0,"isLinked":true}},"elements":[{"id":"18d961af","settings":{"_column_size":16,"_inline_size":null},"elements":[{"id":"4de7003e","settings":{"image_size":"full","image":{"id":13550,"url":"https:\/\/motta.uix.store\/wp-content\/uploads\/2022\/08\/home8-dyson.png","alt":"","source":"library"},"link_to":"custom","link":{"url":"https:\/\/motta.uix.store\/electronic\/product-brand\/dyson\/","is_external":"","nofollow":"","custom_attributes":""}},"elements":[],"isInner":false,"widgetType":"image","elType":"widget"},{"id":"26c5e8c1","settings":{"image_size":"full","image":{"id":13547,"url":"https:\/\/motta.uix.store\/wp-content\/uploads\/2022\/08\/home8-apple.png","alt":"","source":"library"},"_padding":{"unit":"px","top":"15","right":"0","bottom":"0","left":"0","isLinked":false},"link_to":"custom","link":{"url":"https:\/\/motta.uix.store\/electronic\/product-brand\/apple\/","is_external":"","nofollow":"","custom_attributes":""}},"elements":[],"isInner":false,"widgetType":"image","elType":"widget"}],"isInner":false,"elType":"column"},{"id":"727917ce","settings":{"_column_size":16,"_inline_size":null},"elements":[{"id":"7f49bd5b","settings":{"image_size":"full","image":{"id":13554,"url":"https:\/\/motta.uix.store\/wp-content\/uploads\/2022\/08\/home8-lenovo.png","alt":"","source":"library"},"link_to":"custom","link":{"url":"https:\/\/motta.uix.store\/electronic\/product-brand\/lenovo\/","is_external":"","nofollow":"","custom_attributes":""}},"elements":[],"isInner":false,"widgetType":"image","elType":"widget"},{"id":"57c5cae7","settings":{"image_size":"full","image":{"id":13552,"url":"https:\/\/motta.uix.store\/wp-content\/uploads\/2022\/08\/home8-google.png","alt":"","source":"library"},"_padding":{"unit":"px","top":"15","right":"0","bottom":"0","left":"0","isLinked":false},"link_to":"custom","link":{"url":"https:\/\/motta.uix.store\/electronic\/product-brand\/google\/","is_external":"","nofollow":"","custom_attributes":""}},"elements":[],"isInner":false,"widgetType":"image","elType":"widget"}],"isInner":false,"elType":"column"},{"id":"7ae3bc26","settings":{"_column_size":16,"_inline_size":null},"elements":[{"id":"acac3c6","settings":{"image_size":"full","image":{"id":13549,"url":"https:\/\/motta.uix.store\/wp-content\/uploads\/2022\/08\/home8-cisco.png","alt":"","source":"library"},"link_to":"custom","link":{"url":"https:\/\/motta.uix.store\/electronic\/product-brand\/cisco\/","is_external":"","nofollow":"","custom_attributes":""}},"elements":[],"isInner":false,"widgetType":"image","elType":"widget"},{"id":"77a414b4","settings":{"image_size":"full","image":{"id":13556,"url":"https:\/\/motta.uix.store\/wp-content\/uploads\/2022\/08\/home8-nvidia.png","alt":"","source":"library"},"_padding":{"unit":"px","top":"15","right":"0","bottom":"0","left":"0","isLinked":false},"link_to":"custom","link":{"url":"https:\/\/motta.uix.store\/electronic\/product-brand\/nvidia\/","is_external":"","nofollow":"","custom_attributes":""}},"elements":[],"isInner":false,"widgetType":"image","elType":"widget"}],"isInner":false,"elType":"column"},{"id":"33620c39","settings":{"_column_size":16,"_inline_size":null},"elements":[{"id":"afba46e","settings":{"image_size":"full","image":{"id":13557,"url":"https:\/\/motta.uix.store\/wp-content\/uploads\/2022\/08\/home8-samsung.png","alt":"","source":"library"},"link_to":"custom","link":{"url":"https:\/\/motta.uix.store\/electronic\/product-brand\/samsung\/","is_external":"","nofollow":"","custom_attributes":""}},"elements":[],"isInner":false,"widgetType":"image","elType":"widget"},{"id":"47ad612e","settings":{"image_size":"full","image":{"id":13551,"url":"https:\/\/motta.uix.store\/wp-content\/uploads\/2022\/08\/home8-electrolux.png","alt":"","source":"library"},"_padding":{"unit":"px","top":"15","right":"0","bottom":"0","left":"0","isLinked":false},"link_to":"custom","link":{"url":"https:\/\/motta.uix.store\/electronic\/product-brand\/electrolux\/","is_external":"","nofollow":"","custom_attributes":""}},"elements":[],"isInner":false,"widgetType":"image","elType":"widget"}],"isInner":false,"elType":"column"},{"id":"456198d2","settings":{"_column_size":16,"_inline_size":null},"elements":[{"id":"babadb4","settings":{"image_size":"full","image":{"id":13555,"url":"https:\/\/motta.uix.store\/wp-content\/uploads\/2022\/08\/home8-lg.png","alt":"","source":"library"},"link_to":"custom","link":{"url":"https:\/\/motta.uix.store\/electronic\/product-brand\/lg\/","is_external":"","nofollow":"","custom_attributes":""}},"elements":[],"isInner":false,"widgetType":"image","elType":"widget"},{"id":"42873bf2","settings":{"image_size":"full","image":{"id":13558,"url":"https:\/\/motta.uix.store\/wp-content\/uploads\/2022\/08\/home8-sony.png","alt":"","source":"library"},"_padding":{"unit":"px","top":"15","right":"0","bottom":"0","left":"0","isLinked":false},"link_to":"custom","link":{"url":"https:\/\/motta.uix.store\/electronic\/product-brand\/sony\/","is_external":"","nofollow":"","custom_attributes":""}},"elements":[],"isInner":false,"widgetType":"image","elType":"widget"}],"isInner":false,"elType":"column"},{"id":"7c390cd9","settings":{"_column_size":16,"_inline_size":null},"elements":[{"id":"501ef4f5","settings":{"image_size":"full","image":{"id":13548,"url":"https:\/\/motta.uix.store\/wp-content\/uploads\/2022\/08\/home8-bose.png","alt":"","source":"library"},"link_to":"custom","link":{"url":"https:\/\/motta.uix.store\/electronic\/product-brand\/bose\/","is_external":"","nofollow":"","custom_attributes":""}},"elements":[],"isInner":false,"widgetType":"image","elType":"widget"},{"id":"b7f11be","settings":{"image_size":"full","image":{"id":13553,"url":"https:\/\/motta.uix.store\/wp-content\/uploads\/2022\/08\/home8-intel.png","alt":"","source":"library"},"_padding":{"unit":"px","top":"15","right":"0","bottom":"0","left":"0","isLinked":false},"link_to":"custom","link":{"url":"https:\/\/motta.uix.store\/electronic\/product-brand\/intel\/","is_external":"","nofollow":"","custom_attributes":""}},"elements":[],"isInner":false,"widgetType":"image","elType":"widget"}],"isInner":false,"elType":"column"}],"isInner":false,"elType":"section"}],"page_settings":{"footer_mobile_layout":"4255","motta_hide_header_section":"default","motta_hide_topbar":"default","motta_hide_campain_bar":"default","motta_hide_page_header":"1","motta_hide_title":"default","motta_hide_breadcrumb":"default","motta_content_top_spacing":"no","motta_content_top_padding":{"unit":"px","size":"63","sizes":[]},"motta_content_bottom_spacing":"no","motta_content_bottom_padding":{"unit":"px","size":"63","sizes":[]},"motta_hide_footer_section":"default","header_layout":"v9","footer_layout":"4253"},"version":"0.4","title":"home-v9","type":"page"}