{"content":[{"id":"7f056619","settings":{"content_position":"middle","structure":"22","flex_direction":"row","flex_align_items":"stretch","flex_gap":{"size":0,"column":"0","row":"0","unit":"px"},"boxed_width":{"unit":"px","size":1172,"sizes":[]},"padding":{"unit":"px","top":"0","right":"0","bottom":"0","left":"0","isLinked":true},"hide_mobile":"hidden-mobile"},"elements":[{"id":"2c8042c4","settings":{"_column_size":66,"width":{"size":82.645,"unit":"%"},"content_width":"full","padding":{"unit":"px","top":"16","right":"16","bottom":"16","left":"16","isLinked":true}},"elements":[{"id":"53f1bd43","settings":{"icon":{"value":"","library":""},"text_typography_font_size":{"unit":"px","size":20,"sizes":[]},"text_color":"#080808"},"elements":[],"isInner":false,"widgetType":"motta-wc-breadcrumb","elType":"widget"}],"isInner":true,"elType":"container"},{"id":"45b8e7cc","settings":{"_column_size":33,"width":{"size":16.66,"unit":"%"},"align":"flex-end","content_width":"full","flex_direction":"row","flex_justify_content":"flex-end","padding":{"unit":"px","top":"16","right":"16","bottom":"16","left":"16","isLinked":true}},"elements":[{"id":"64a8062d","settings":{"social_icon_list":[{"title":"Facebook","_id":"461e5ed","social_icon":{"value":{"url":"http:\/\/localhost:3000:3000:3000:3000:3000:3000:3000:3000:3000:3000:3000:3000:3000:3000:3000:3000:3000:3000\/dev\/motta\/wp-content\/uploads\/sites\/12\/2023\/12\/close.svg","id":21912},"library":"svg"}},{"network":"twitter","title":"Twitter","_id":"f4eae34"},{"network":"pinterest","title":"Pinterest","_id":"71c0318"}],"shape":"circle","title":"Share","copy_link":"none","typography_typography":"custom","_element_width":"auto"},"elements":[],"isInner":false,"widgetType":"motta-wc-share-socials","elType":"widget"},{"id":"4ab60ca9","settings":{"title":"Print","_element_width":"auto","typography_typography":"custom"},"elements":[],"isInner":false,"widgetType":"motta-wc-share-print","elType":"widget"}],"isInner":true,"elType":"container"}],"isInner":false,"elType":"container"},{"id":"6f287bfc","settings":{"structure":"20","flex_direction":"row","flex_align_items":"stretch","flex_gap":{"size":0,"column":"0","row":"0","unit":"px"},"boxed_width":{"unit":"px","size":1172,"sizes":[]},"padding":{"unit":"px","top":"0","right":"0","bottom":"0","left":"0","isLinked":true}},"elements":[{"id":"33a200d5","settings":{"_column_size":50,"width":{"size":51.718,"unit":"%"},"content_width":"full","flex_gap":{"column":"0","row":"0","isLinked":true,"unit":"px","size":0},"padding":{"unit":"px","top":"16","right":"16","bottom":"16","left":"16","isLinked":true}},"elements":[{"id":"5efda360","settings":{"spacing_featured_icons_thumbs":{"unit":"px","size":133,"sizes":[]},"thumbnails_mobile":"label","thumbnails_position":"left","featured_icons_direction":"horizontal"},"elements":[],"isInner":false,"widgetType":"motta-wc-product-images","elType":"widget"}],"isInner":true,"elType":"container"},{"id":"c189bc2","settings":{"_column_size":50,"width":{"size":48.239,"unit":"%"},"padding_mobile":{"unit":"px","top":"16","right":"16","bottom":"0","left":"16","isLinked":false},"box_shadow_box_shadow_type":"yes","box_shadow_box_shadow":{"horizontal":0,"vertical":0,"blur":0,"spread":0,"color":"rgba(0, 0, 0, 0.08)"},"content_width":"full","flex_gap":{"column":"0","row":"0","isLinked":true,"unit":"px","size":0},"padding":{"unit":"px","top":"16","right":"16","bottom":"16","left":"16","isLinked":true},"background_background":"classic","background_color":"#FFFFFF"},"elements":[{"id":"4fab3704","settings":{"width_mobile":{"unit":"%","size":0,"sizes":[]},"text":"Divider","color":"#00000000","weight":{"unit":"px","size":15,"sizes":[]},"gap_mobile":{"unit":"px","size":0,"sizes":[]},"_margin_mobile":{"unit":"px","top":"0","right":"-16","bottom":"0","left":"-16","isLinked":false},"_border_radius_mobile":{"unit":"px","top":"16","right":"16","bottom":"0","left":"0","isLinked":false},"_box_shadow_box_shadow_type":"yes","_box_shadow_box_shadow":{"horizontal":0,"vertical":-4,"blur":4,"spread":0,"color":"rgba(0, 0, 0, 0.08)"},"hide_desktop":"hidden-desktop","hide_tablet":"hidden-tablet","gap":{"unit":"px","size":0,"sizes":[]}},"elements":[],"isInner":false,"widgetType":"divider","elType":"widget"},{"id":"401e8fda","settings":{"producy_deals_type":"countdown","product_deals_type":"countdown","product_deal_bg_image":{"url":"","id":"","size":"","alt":"","source":"library"},"_margin":{"unit":"px","top":"0","right":"0","bottom":"10","left":"0","isLinked":false}},"elements":[],"isInner":false,"widgetType":"motta-wc-product-badge","elType":"widget"},{"id":"2031c520","settings":{"typography_typography":"custom","_margin":{"unit":"px","top":"0","right":"0","bottom":"10","left":"0","isLinked":false}},"elements":[],"isInner":false,"widgetType":"motta-wc-product-title","elType":"widget"},{"id":"33bc0b9a","settings":{"content_position":"middle","margin":{"unit":"px","top":"0","right":0,"bottom":"25","left":0,"isLinked":false},"flex_align_items":"stretch","flex_gap":{"size":10,"column":"10","row":"10","unit":"px"},"content_width":"full","padding":{"unit":"px","top":"0","right":"0","bottom":"0","left":"0","isLinked":true}},"elements":[{"id":"5e177dd7","settings":{"_column_size":100,"width":{"size":null,"unit":"%"},"padding":{"unit":"px","top":"0","right":"0","bottom":"0","left":"0","isLinked":true},"content_width":"full","flex_direction":"row","flex_align_items":"center","flex_gap":{"column":"0","row":"0","isLinked":true,"unit":"px","size":0},"flex_gap_tablet":{"column":"0","row":"16","isLinked":false,"unit":"px","size":0},"flex_wrap_tablet":"wrap"},"elements":[{"id":"34c1f7e4","settings":{"category_caption":"in","product_taxonomy":"product_brand","category_typography_typography":"custom","caption_typography_typography":"custom","_element_width":"auto","category_color":"#1D2128","category_typography_font_size":{"unit":"px","size":14,"sizes":[]},"caption_color":"#7C818B","category_typography_line_height":{"unit":"em","size":1,"sizes":[]},"_margin":{"unit":"px","top":"0","right":"20","bottom":"0","left":"0","isLinked":false},"_padding":{"unit":"px","top":"0","right":"20","bottom":"0","left":"0","isLinked":false},"_border_border":"solid","_border_width":{"unit":"px","top":"0","right":"1","bottom":"0","left":"0","isLinked":false},"_border_color":"#ECF0F4"},"elements":[],"isInner":false,"widgetType":"motta-wc-product-category","elType":"widget"},{"id":"6dcf9af1","settings":{"_margin":{"unit":"px","top":"0","right":"20","bottom":"0","left":"0","isLinked":false},"_padding":{"unit":"px","top":"0","right":"20","bottom":"0","left":"0","isLinked":false},"_element_width":"auto","_border_border":"solid","_border_width":{"unit":"px","top":"0","right":"1","bottom":"0","left":"0","isLinked":false},"_border_color":"#ECF0F4","category_color":"#1D2128","category_typography_typography":"custom","category_typography_font_size":{"unit":"px","size":14,"sizes":[]},"category_typography_line_height":{"unit":"em","size":1,"sizes":[]},"caption_color":"#7C818B","caption_typography_typography":"custom","caption_typography_font_size":{"unit":"px","size":14,"sizes":[]}},"elements":[],"isInner":false,"widgetType":"motta-wc-product-sku","elType":"widget"},{"id":"f1f56b8","settings":{"_element_width":"auto","_border_width":{"unit":"px","top":"0","right":"0","bottom":"0","left":"1","isLinked":false},"_border_color":"#ECF0F4","text_typography_typography":"custom"},"elements":[],"isInner":false,"widgetType":"motta-wc-product-rating","elType":"widget"}],"isInner":true,"elType":"container"}],"isInner":true,"elType":"container"},{"id":"5bf0553e","settings":{"content_position":"space-between","padding":{"unit":"px","top":"20","right":"0","bottom":"15","left":"0","isLinked":false},"border_border":"solid","border_width":{"unit":"px","top":"0","right":"0","bottom":"1","left":"0","isLinked":false},"border_color":"#ECF0F4","margin":{"unit":"px","top":"0","right":0,"bottom":"15","left":0,"isLinked":false},"flex_direction":"row","flex_align_items":"stretch","flex_gap":{"size":10,"column":"10","row":"10","unit":"px"},"content_width":"full"},"elements":[{"id":"7c307858","settings":{"_column_size":100,"width":{"size":null,"unit":"%"},"padding":{"unit":"px","top":"0","right":"0","bottom":"0","left":"0","isLinked":true},"flex_justify_content":"space-between","align":"space-between","content_width":"full","flex_direction":"row","flex_align_items":"flex-end"},"elements":[{"id":"7667badb","settings":{"text_align":"left","typography_typography":"custom","sale_price_typography_typography":"custom","price_block":"yes","_element_width":"auto"},"elements":[],"isInner":false,"widgetType":"motta-wc-product-price","elType":"widget"},{"id":"4210f8ca","settings":{"_element_width":"auto","text_typography_typography":"custom"},"elements":[],"isInner":false,"widgetType":"motta-wc-product-stock","elType":"widget"}],"isInner":true,"elType":"container"}],"isInner":true,"elType":"container"},{"id":"21e13e8f","settings":{"buy_now_button_border_border":"solid","button_width":{"unit":"%","size":"","sizes":[]},"button_width_tablet":{"unit":"%","size":"","sizes":[]},"button_width_mobile":{"unit":"%","size":"","sizes":[]},"buy_now_button_width_tablet":{"unit":"%","size":"","sizes":[]},"buy_now_button_width_mobile":{"unit":"%","size":"","sizes":[]},"quantity_border_color_focus":"#686262","quantity_typography_typography":"custom","variations_width":{"unit":"%","size":100,"sizes":[]},"heading_variations_color_width":{"unit":"px","size":82,"sizes":[]},"heading_variations_color_height":{"unit":"px","size":80,"sizes":[]},"variations_spacing":{"unit":"px","size":10,"sizes":[]}},"elements":[],"isInner":false,"widgetType":"motta-wc-product-add-to-cart","elType":"widget"},{"id":"703a50c9","settings":{"structure":"20","content_position":"middle","padding":{"unit":"px","top":"25","right":"0","bottom":"0","left":"0","isLinked":false},"hide_mobile":"hidden-mobile","flex_direction":"row","flex_align_items":"stretch","flex_gap":{"size":10,"column":"10","row":"10","unit":"px"},"content_width":"full"},"elements":[{"id":"43ec704d","settings":{"_column_size":50,"width":{"size":null,"unit":"%"},"padding":{"unit":"px","top":"0","right":"0","bottom":"0","left":"0","isLinked":true},"content_width":"full"},"elements":[{"id":"2186a34f","settings":{"align":"center","text_typography_typography":"custom"},"elements":[],"isInner":false,"widgetType":"motta-wc-product-compare","elType":"widget"}],"isInner":true,"elType":"container"},{"id":"10d30afa","settings":{"_column_size":50,"width":{"size":null,"unit":"%"},"padding":{"unit":"px","top":"0","right":"0","bottom":"0","left":"0","isLinked":true},"content_width":"full"},"elements":[{"id":"2c0c3f3e","settings":{"product_add_to_wishlist":"Compare","text_typography_typography":"custom","align":"center"},"elements":[],"isInner":false,"widgetType":"motta-wc-product-wishlist","elType":"widget"}],"isInner":true,"elType":"container"}],"isInner":true,"elType":"container"},{"id":"5b9ffb52","settings":{"_margin":{"unit":"px","top":"20","right":"0","bottom":"0","left":"0","isLinked":false}},"elements":[],"isInner":false,"widgetType":"motta-wc-product-vendor-info","elType":"widget"},{"id":"162d8ed8","settings":{"icons":[{"title":"Free Shipping & Returns on this item","_id":"6cfc366","primary_button_text":"See More","primary_button_link":{"url":"#","is_external":"","nofollow":"","custom_attributes":""},"icon":{"value":{"url":"https:\/\/motta.uix.store\/wp-content\/uploads\/2024\/03\/truck.svg","id":22196},"library":"svg"},"button_text":"See More","button_link":{"url":"#","is_external":"","nofollow":"","custom_attributes":""},"image":{"url":"https:\/\/motta.uix.store\/wp-content\/uploads\/2024\/03\/homev3-motherkids.jpg","id":22113,"size":"","alt":"","source":"library"}},{"title":"Delivery within 3-5 working days","_id":"aef8e39","primary_button_text":"See Detail","primary_button_link":{"url":"#","is_external":"","nofollow":"","custom_attributes":""},"icon":{"value":{"url":"https:\/\/motta.uix.store\/wp-content\/uploads\/2024\/03\/box.svg","id":22197},"library":"svg"},"button_text":"See Details","button_link":{"url":"#","is_external":"","nofollow":"","custom_attributes":""}}],"primary_button_options":"yes","title_size":"h1","button_typography_font_size":{"unit":"px","size":1,"sizes":[]},"_margin_mobile":{"unit":"px","top":"24","right":"-16","bottom":"0","left":"-16","isLinked":false},"content_item_border_border":"solid","content_item_border_width_mobile":{"unit":"px","top":"4","right":"0","bottom":"4","left":"0","isLinked":false},"_margin":{"unit":"px","top":"24","right":"0","bottom":"0","left":"0","isLinked":false}},"elements":[],"isInner":false,"widgetType":"motta-icon-box-list","elType":"widget"}],"isInner":true,"elType":"container"}],"isInner":false,"elType":"container"},{"id":"4d4d6143","settings":{"margin":{"unit":"px","top":"","right":0,"bottom":"","left":0,"isLinked":true},"margin_mobile":{"unit":"px","top":"0","right":0,"bottom":"0","left":0,"isLinked":false},"flex_direction":"row","flex_align_items":"stretch","flex_gap":{"size":0,"column":"0","row":"0","unit":"px"},"boxed_width":{"unit":"px","size":1172,"sizes":[]},"padding":{"unit":"px","top":"0","right":"0","bottom":"0","left":"0","isLinked":true}},"elements":[{"id":"63e6ea6b","settings":{"_column_size":100,"width":{"size":null,"unit":"%"},"padding_mobile":{"unit":"px","top":"0","right":"16","bottom":"16","left":"16","isLinked":false},"content_width":"full","flex_gap":{"column":"0","row":"0","isLinked":true,"unit":"px","size":0},"padding":{"unit":"px","top":"16","right":"16","bottom":"16","left":"16","isLinked":true}},"elements":[{"id":"3c033db4","settings":{"posts_per_page":10,"autoplay":"","heading":"Similar Products","sliders_arrow_style":"yes","sliders_arrows_width":{"unit":"px","size":"","sizes":[]},"sliders_dots_style":"yes","slides_to_show_tablet":"3","navigation_tablet":"dots","navigation_mobile":"dots","_margin":{"unit":"px","top":"20","right":"0","bottom":"0","left":"0","isLinked":false},"_padding":{"unit":"px","top":"20","right":"0","bottom":"0","left":"0","isLinked":false},"_border_border":"solid","_border_width":{"unit":"px","top":"1","right":"0","bottom":"0","left":"0","isLinked":false},"_border_color":"#ECF0F4","_padding_mobile":{"unit":"px","top":"0","right":"0","bottom":"0","left":"0","isLinked":false},"_border_width_mobile":{"unit":"px","top":"0","right":"0","bottom":"0","left":"0","isLinked":true},"heading_typography_typography":"custom"},"elements":[],"isInner":false,"widgetType":"motta-wc-product-related","elType":"widget"}],"isInner":true,"elType":"container"}],"isInner":false,"elType":"container"},{"id":"2e0a0beb","settings":{"margin":{"unit":"px","top":"30","right":0,"bottom":"0","left":0,"isLinked":false},"margin_mobile":{"unit":"px","top":"0","right":0,"bottom":"0","left":0,"isLinked":true},"flex_direction":"row","flex_align_items":"stretch","flex_gap":{"size":0,"column":"0","row":"0","unit":"px"},"padding":{"unit":"px","top":"0","right":"0","bottom":"0","left":"0","isLinked":true}},"elements":[{"id":"6c560301","settings":{"_column_size":100,"width":{"size":null,"unit":"%"},"padding_mobile":{"unit":"px","top":"0","right":"16","bottom":"0","left":"16","isLinked":false},"content_width":"full","flex_gap":{"column":"0","row":"0","isLinked":true,"unit":"px","size":0},"padding":{"unit":"px","top":"16","right":"16","bottom":"16","left":"16","isLinked":true}},"elements":[{"id":"e3411bd","settings":{"tab_typography_typography":"custom","panel_border_width":{"unit":"px","top":"1","right":"1","bottom":"1","left":"1","isLinked":true},"panel_box_shadow_box_shadow":{"horizontal":-8,"vertical":0,"blur":10,"spread":0,"color":"rgba(0,0,0,0.5)"},"product_reviews":"","tab_padding_mobile":{"unit":"px","top":"20","right":"0","bottom":"16","left":"0","isLinked":false}},"elements":[],"isInner":false,"widgetType":"motta-wc-product-data-tabs","elType":"widget"},{"id":"73a58578","settings":{"content_padding_mobile":{"unit":"px","top":"30","right":"0","bottom":"0","left":"0","isLinked":false},"content_border_border":"solid","content_border_width":{"unit":"px","top":"1","right":"1","bottom":"1","left":"1","isLinked":true},"content_border_width_mobile":{"unit":"px","top":"0","right":"0","bottom":"0","left":"0","isLinked":true}},"elements":[],"isInner":false,"widgetType":"motta-wc-product-reviews","elType":"widget"},{"id":"37de0e34","settings":{"text":"Divider","color":"#ECF0F4","weight":{"unit":"px","size":4,"sizes":[]},"gap":{"unit":"px","size":35,"sizes":[]},"_margin":{"unit":"px","top":"0","right":"-16","bottom":"0","left":"-16","isLinked":false},"hide_desktop":"hidden-desktop","hide_tablet":"hidden-tablet"},"elements":[],"isInner":false,"widgetType":"divider","elType":"widget"},{"id":"15f2c667","settings":{"heading":"You Might Also Like","posts_per_page":10,"_margin":{"unit":"px","top":"40","right":"0","bottom":"60","left":"0","isLinked":false},"slides_to_show_tablet":"3","navigation_mobile":"dots","_margin_mobile":{"unit":"px","top":"0","right":"0","bottom":"30","left":"0","isLinked":false}},"elements":[],"isInner":false,"widgetType":"motta-wc-product-upsell","elType":"widget"}],"isInner":true,"elType":"container"}],"isInner":false,"elType":"container"}],"page_settings":{"builder_product_cats":"","enable_builder":"yes","hide_title":""},"version":"0.4","title":"Product v2","type":"page"}