{"content":[{"id":"3f99063e","settings":{"content_position":"middle","structure":"22","flex_direction":"row","flex_align_items":"stretch","flex_gap":{"size":0,"column":"0","row":"0","unit":"px"},"boxed_width":{"unit":"px","size":1172,"sizes":[]},"padding":{"unit":"px","top":"0","right":"0","bottom":"0","left":"0","isLinked":true},"hide_mobile":"hidden-mobile"},"elements":[{"id":"4b43b838","settings":{"_column_size":66,"width":{"size":82.645,"unit":"%"},"content_width":"full","padding":{"unit":"px","top":"16","right":"16","bottom":"16","left":"16","isLinked":true}},"elements":[{"id":"1947acd8","settings":{"icon":{"value":"","library":""},"text_typography_font_size":{"unit":"px","size":20,"sizes":[]},"text_color":"#080808"},"elements":[],"isInner":false,"widgetType":"motta-wc-breadcrumb","elType":"widget"}],"isInner":true,"elType":"container"},{"id":"7ca60be1","settings":{"_column_size":33,"width":{"size":16.66,"unit":"%"},"align":"flex-end","content_width":"full","flex_direction":"row","flex_justify_content":"flex-end","padding":{"unit":"px","top":"16","right":"16","bottom":"16","left":"16","isLinked":true}},"elements":[{"id":"1409adb4","settings":{"social_icon_list":[{"title":"Facebook","_id":"461e5ed","social_icon":{"value":{"url":"http:\/\/localhost:3000:3000:3000:3000:3000:3000:3000:3000:3000:3000:3000:3000:3000:3000:3000:3000:3000:3000:3000:3000:3000\/dev\/motta\/wp-content\/uploads\/sites\/12\/2023\/12\/close.svg","id":21912},"library":"svg"}},{"network":"twitter","title":"Twitter","_id":"f4eae34"},{"network":"pinterest","title":"Pinterest","_id":"71c0318"}],"shape":"circle","title":"Share","copy_link":"none","typography_typography":"custom","_element_width":"auto"},"elements":[],"isInner":false,"widgetType":"motta-wc-share-socials","elType":"widget"},{"id":"531a13db","settings":{"title":"Print","_element_width":"auto","typography_typography":"custom"},"elements":[],"isInner":false,"widgetType":"motta-wc-share-print","elType":"widget"}],"isInner":true,"elType":"container"}],"isInner":false,"elType":"container"},{"id":"254c24fb","settings":{"structure":"20","flex_direction":"row","flex_align_items":"stretch","flex_gap":{"size":0,"column":"0","row":"0","unit":"px"},"boxed_width":{"unit":"px","size":1172,"sizes":[]},"padding":{"unit":"px","top":"0","right":"0","bottom":"0","left":"0","isLinked":true}},"elements":[{"id":"7fb6b324","settings":{"_column_size":50,"width":{"size":57.457,"unit":"%"},"content_width":"full","flex_gap":{"column":"0","row":"0","isLinked":true,"unit":"px","size":0},"padding":{"unit":"px","top":"0","right":"16","bottom":"16","left":"16","isLinked":false}},"elements":[{"id":"bee8c00","settings":{"typography_typography":"custom","_margin":{"unit":"px","top":"0","right":"0","bottom":"10","left":"0","isLinked":false},"hide_mobile":"hidden-mobile"},"elements":[],"isInner":false,"widgetType":"motta-wc-product-title","elType":"widget"},{"id":"5353fb79","settings":{"content_position":"middle","margin":{"unit":"px","top":"0","right":0,"bottom":"25","left":0,"isLinked":false},"border_border":"solid","border_width":{"unit":"px","top":"0","right":"0","bottom":"1","left":"0","isLinked":false},"border_color":"#ECF0F4","padding":{"unit":"px","top":"0","right":"0","bottom":"20","left":"0","isLinked":false},"hide_mobile":"hidden-mobile","flex_direction":"row","flex_align_items":"stretch","flex_gap":{"size":10,"column":"10","row":"10","unit":"px"},"content_width":"full"},"elements":[{"id":"49792e39","settings":{"_column_size":100,"width":{"size":null,"unit":"%"},"padding":{"unit":"px","top":"0","right":"0","bottom":"0","left":"0","isLinked":true},"content_width":"full","flex_direction":"row","flex_align_items":"center","flex_gap":{"column":"0","row":"0","isLinked":true,"unit":"px","size":0}},"elements":[{"id":"43326f89","settings":{"category_caption":"in","product_taxonomy":"product_brand","category_typography_typography":"custom","caption_typography_typography":"custom","_element_width":"auto","category_color":"#1D2128","category_typography_font_size":{"unit":"px","size":14,"sizes":[]},"caption_color":"#7C818B","category_typography_line_height":{"unit":"em","size":1,"sizes":[]},"_margin":{"unit":"px","top":"0","right":"20","bottom":"0","left":"0","isLinked":false},"_padding":{"unit":"px","top":"0","right":"20","bottom":"0","left":"0","isLinked":false},"_border_border":"solid","_border_width":{"unit":"px","top":"0","right":"1","bottom":"0","left":"0","isLinked":false},"_border_color":"#ECF0F4"},"elements":[],"isInner":false,"widgetType":"motta-wc-product-category","elType":"widget"},{"id":"a1cf291","settings":{"_margin":{"unit":"px","top":"0","right":"20","bottom":"0","left":"0","isLinked":false},"_padding":{"unit":"px","top":"0","right":"20","bottom":"0","left":"0","isLinked":false},"_element_width":"auto","_border_border":"solid","_border_width":{"unit":"px","top":"0","right":"1","bottom":"0","left":"0","isLinked":false},"_border_color":"#ECF0F4","category_color":"#1D2128","category_typography_typography":"custom","category_typography_font_size":{"unit":"px","size":14,"sizes":[]},"category_typography_line_height":{"unit":"em","size":1,"sizes":[]},"caption_color":"#7C818B","caption_typography_typography":"custom","caption_typography_font_size":{"unit":"px","size":14,"sizes":[]}},"elements":[],"isInner":false,"widgetType":"motta-wc-product-sku","elType":"widget"},{"id":"4ad1e0e","settings":{"_element_width":"auto","_border_width":{"unit":"px","top":"0","right":"0","bottom":"0","left":"1","isLinked":false},"_border_color":"#ECF0F4","text_typography_typography":"custom"},"elements":[],"isInner":false,"widgetType":"motta-wc-product-rating","elType":"widget"}],"isInner":true,"elType":"container"}],"isInner":true,"elType":"container"},{"id":"30b7d267","settings":{"spacing_featured_icons_thumbs":{"unit":"px","size":133,"sizes":[]},"thumbnails_mobile":"label","thumbnails_position":"left","featured_icons_direction":"horizontal"},"elements":[],"isInner":false,"widgetType":"motta-wc-product-images","elType":"widget"}],"isInner":true,"elType":"container"},{"id":"2e543dee","settings":{"_column_size":50,"width":{"size":42.5,"unit":"%"},"padding_mobile":{"unit":"px","top":"16","right":"16","bottom":"0","left":"16","isLinked":false},"box_shadow_box_shadow":{"horizontal":0,"vertical":0,"blur":0,"spread":0,"color":"rgba(0, 0, 0, 0.08)"},"padding":{"unit":"px","top":"0","right":"16","bottom":"16","left":"56","isLinked":false},"padding_tablet":{"unit":"px","top":"16","right":"16","bottom":"16","left":"16","isLinked":true},"content_width":"full","flex_gap":{"column":"0","row":"0","isLinked":true,"unit":"px","size":0},"background_background":"classic","background_color":"#FFFFFF"},"elements":[{"id":"7be9c062","settings":{"space":{"unit":"px","size":16,"sizes":[]},"_margin_mobile":{"unit":"px","top":"0","right":"-16","bottom":"0","left":"-16","isLinked":false},"_border_radius_mobile":{"unit":"px","top":"16","right":"16","bottom":"0","left":"0","isLinked":false},"_box_shadow_box_shadow_type":"yes","_box_shadow_box_shadow":{"horizontal":0,"vertical":-4,"blur":4,"spread":0,"color":"rgba(0, 0, 0, 0.08)"},"hide_desktop":"hidden-desktop","hide_tablet":"hidden-tablet","_element_custom_width_mobile":{"unit":"custom","size":"cacl(100% + 32px)","sizes":[]},"custom_css":"@media (max-width: 767px)\n{\nselector .elementor-widget-container\n{\n    width: 100vw;\n}\n}"},"elements":[],"isInner":false,"widgetType":"spacer","elType":"widget"},{"id":"1bd4c2fe","settings":{"producy_deals_type":"countdown","product_deals_type":"countdown","product_deal_bg_image":{"url":"","id":"","size":"","alt":"","source":"library"},"_margin":{"unit":"px","top":"0","right":"0","bottom":"10","left":"0","isLinked":false},"product_deal_type":"countdown"},"elements":[],"isInner":false,"widgetType":"motta-wc-product-badge","elType":"widget"},{"id":"44cc4c77","settings":{"typography_typography":"custom","_margin":{"unit":"px","top":"0","right":"0","bottom":"10","left":"0","isLinked":false},"header_size":"h2","hide_desktop":"hidden-desktop","hide_tablet":"hidden-tablet"},"elements":[],"isInner":false,"widgetType":"motta-wc-product-title","elType":"widget"},{"id":"4680606c","settings":{"content_position":"middle","margin":{"unit":"px","top":"0","right":0,"bottom":"25","left":0,"isLinked":false},"flex_direction":"row","flex_align_items":"center","flex_gap":{"size":0,"column":"0","row":"0","unit":"px"},"content_width":"full","padding":{"unit":"px","top":"0","right":"0","bottom":"0","left":"0","isLinked":true},"hide_desktop":"hidden-desktop","hide_tablet":"hidden-tablet"},"elements":[{"id":"489b1ac0","settings":{"category_caption":"in","product_taxonomy":"product_brand","category_typography_typography":"custom","caption_typography_typography":"custom","_element_width":"auto","category_color":"#1D2128","category_typography_font_size":{"unit":"px","size":14,"sizes":[]},"caption_color":"#7C818B","category_typography_line_height":{"unit":"em","size":1,"sizes":[]},"_margin":{"unit":"px","top":"0","right":"20","bottom":"0","left":"0","isLinked":false},"_padding":{"unit":"px","top":"0","right":"20","bottom":"0","left":"0","isLinked":false},"_border_border":"solid","_border_width":{"unit":"px","top":"0","right":"1","bottom":"0","left":"0","isLinked":false},"_border_color":"#ECF0F4","_margin_mobile":{"unit":"px","top":"0","right":"20","bottom":"10","left":"0","isLinked":false}},"elements":[],"isInner":false,"widgetType":"motta-wc-product-category","elType":"widget"},{"id":"1bae7633","settings":{"_margin":{"unit":"px","top":"0","right":"20","bottom":"0","left":"0","isLinked":false},"_padding":{"unit":"px","top":"0","right":"20","bottom":"0","left":"0","isLinked":false},"_element_width":"auto","_border_border":"solid","_border_width":{"unit":"px","top":"0","right":"1","bottom":"0","left":"0","isLinked":false},"_border_color":"#ECF0F4","category_color":"#1D2128","category_typography_typography":"custom","category_typography_font_size":{"unit":"px","size":14,"sizes":[]},"category_typography_line_height":{"unit":"em","size":1,"sizes":[]},"caption_color":"#7C818B","caption_typography_typography":"custom","caption_typography_font_size":{"unit":"px","size":14,"sizes":[]},"_margin_mobile":{"unit":"px","top":"0","right":"20","bottom":"10","left":"0","isLinked":false}},"elements":[],"isInner":false,"widgetType":"motta-wc-product-sku","elType":"widget"},{"id":"3a4f304c","settings":{"_element_width":"auto","_border_width":{"unit":"px","top":"0","right":"0","bottom":"0","left":"1","isLinked":false},"_border_color":"#ECF0F4","text_typography_typography":"custom","_margin_mobile":{"unit":"px","top":"0","right":"0","bottom":"10","left":"0","isLinked":false}},"elements":[],"isInner":false,"widgetType":"motta-wc-product-rating","elType":"widget"}],"isInner":true,"elType":"container"},{"id":"6dab0c1c","settings":{"content_position":"space-between","padding":{"unit":"px","top":"0","right":"0","bottom":"15","left":"0","isLinked":false},"border_border":"solid","border_width":{"unit":"px","top":"0","right":"0","bottom":"1","left":"0","isLinked":false},"border_color":"#ECF0F4","margin":{"unit":"px","top":"0","right":0,"bottom":"15","left":0,"isLinked":false},"flex_direction":"row","flex_align_items":"stretch","flex_gap":{"size":10,"column":"10","row":"10","unit":"px"},"content_width":"full"},"elements":[{"id":"73e99eb7","settings":{"_column_size":100,"width":{"size":null,"unit":"%"},"padding":{"unit":"px","top":"0","right":"0","bottom":"0","left":"0","isLinked":true},"flex_justify_content":"flex-end","align":"space-between","content_width":"full"},"elements":[{"id":"1f4a275a","settings":{"text_align":"left","typography_typography":"custom","sale_price_typography_typography":"custom","price_block":"yes","_element_width":"auto"},"elements":[],"isInner":false,"widgetType":"motta-wc-product-price","elType":"widget"}],"isInner":true,"elType":"container"}],"isInner":true,"elType":"container"},{"id":"70dc895d","settings":{"buy_now_button_border_border":"solid","button_width":{"unit":"%","size":"","sizes":[]},"button_width_tablet":{"unit":"%","size":"","sizes":[]},"button_width_mobile":{"unit":"%","size":"","sizes":[]},"buy_now_button_width_tablet":{"unit":"%","size":"","sizes":[]},"buy_now_button_width_mobile":{"unit":"%","size":"","sizes":[]},"quantity_border_color_focus":"#686262","quantity_typography_typography":"custom","variations_width":{"unit":"%","size":100,"sizes":[]},"heading_variations_color_width":{"unit":"px","size":82,"sizes":[]},"heading_variations_color_height":{"unit":"px","size":80,"sizes":[]},"variations_spacing":{"unit":"px","size":2,"sizes":[]},"product_stock":"yes","quantity_height":{"unit":"px","size":44,"sizes":[]},"quantity_width":{"unit":"px","size":40,"sizes":[]},"quantity_icon_padding":{"unit":"px","top":"0","right":"8","bottom":"0","left":"8","isLinked":false},"enable_quantity_label":"yes","quantity_label_typography_typography":"custom"},"elements":[],"isInner":false,"widgetType":"motta-wc-product-add-to-cart","elType":"widget"},{"id":"141e6c99","settings":{"structure":"20","content_position":"middle","padding":{"unit":"px","top":"25","right":"0","bottom":"0","left":"0","isLinked":false},"hide_mobile":"hidden-mobile","flex_direction":"row","flex_align_items":"stretch","flex_gap":{"size":10,"column":"10","row":"10","unit":"px"},"content_width":"full"},"elements":[{"id":"64d1d057","settings":{"_column_size":50,"width":{"size":null,"unit":"%"},"padding":{"unit":"px","top":"0","right":"0","bottom":"0","left":"0","isLinked":true},"content_width":"full"},"elements":[{"id":"1aa5e0ea","settings":{"align":"center","text_typography_typography":"custom"},"elements":[],"isInner":false,"widgetType":"motta-wc-product-compare","elType":"widget"}],"isInner":true,"elType":"container"},{"id":"563fc525","settings":{"_column_size":50,"width":{"size":null,"unit":"%"},"padding":{"unit":"px","top":"0","right":"0","bottom":"0","left":"0","isLinked":true},"content_width":"full"},"elements":[{"id":"6dd3ace7","settings":{"product_add_to_wishlist":"Compare","text_typography_typography":"custom","align":"center"},"elements":[],"isInner":false,"widgetType":"motta-wc-product-wishlist","elType":"widget"}],"isInner":true,"elType":"container"}],"isInner":true,"elType":"container"},{"id":"627113e1","settings":{"vendor_info_spacing":{"unit":"px","size":0,"sizes":[]},"_margin":{"unit":"px","top":"20","right":"0","bottom":"0","left":"0","isLinked":false}},"elements":[],"isInner":false,"widgetType":"motta-wc-product-vendor-info","elType":"widget"},{"id":"3d7acc06","settings":{"icons":[{"title":"Free Shipping on this item","_id":"6cfc366","primary_button_text":"See More","primary_button_link":{"url":"#","is_external":"","nofollow":"","custom_attributes":""},"icon":{"value":{"url":"https:\/\/motta.uix.store\/wp-content\/uploads\/2024\/03\/truck.svg","id":22196},"library":"svg"},"image":{"url":"http:\/\/localhost:3000:3000:3000:3000:3000:3000:3000:3000\/dev\/motta\/wp-content\/uploads\/sites\/12\/2024\/01\/homev3-motherkids.jpg","id":22113,"size":"","alt":"","source":"library"}},{"title":"Delivery within 3-5 working days","_id":"aef8e39","primary_button_text":"See Detail","primary_button_link":{"url":"#","is_external":"","nofollow":"","custom_attributes":""},"icon":{"value":{"url":"https:\/\/motta.uix.store\/wp-content\/uploads\/2024\/03\/box.svg","id":22197},"library":"svg"}},{"title":"Money Back Guarantee","primary_button_text":"See Detail","primary_button_link":{"url":"#","is_external":"","nofollow":"","custom_attributes":""},"icon":{"value":{"url":"https:\/\/motta.uix.store\/wp-content\/uploads\/2024\/03\/money.svg","id":23176},"library":"svg"},"_id":"0fe6d87"}],"primary_button_options":"yes","title_size":"h1","button_typography_font_size":{"unit":"px","size":1,"sizes":[]},"_margin_mobile":{"unit":"px","top":"24","right":"-16","bottom":"0","left":"-16","isLinked":false},"content_item_border_border":"none","content_item_border_width_mobile":{"unit":"px","top":"4","right":"0","bottom":"4","left":"0","isLinked":false},"_margin":{"unit":"px","top":"24","right":"0","bottom":"0","left":"0","isLinked":false},"layout":"vertical","content_padding":{"unit":"px","top":"0","right":"30","bottom":"0","left":"30","isLinked":false},"icon_padding":{"unit":"px","top":"8","right":"8","bottom":"8","left":"8","isLinked":true},"icon_border_border":"solid","icon_border_width":{"unit":"px","top":"1","right":"1","bottom":"1","left":"1","isLinked":true},"icon_border_color":"#ECF0F4","icon_border_radius":{"unit":"%","top":"100","right":"100","bottom":"100","left":"100","isLinked":true},"_padding":{"unit":"px","top":"24","right":"0","bottom":"0","left":"0","isLinked":false},"_border_border":"solid","_border_width":{"unit":"px","top":"1","right":"0","bottom":"0","left":"0","isLinked":false},"_border_color":"#ECF0F4","_border_width_mobile":{"unit":"px","top":"4","right":"0","bottom":"4","left":"0","isLinked":false},"content_padding_mobile":{"unit":"px","top":"0","right":"16","bottom":"0","left":"16","isLinked":false},"item_space_between_mobile":{"unit":"px","size":16,"sizes":[]}},"elements":[],"isInner":false,"widgetType":"motta-icon-box-list","elType":"widget"}],"isInner":true,"elType":"container"}],"isInner":false,"elType":"container"},{"id":"406c0bdf","settings":{"flex_direction":"row","flex_align_items":"stretch","flex_gap":{"size":0,"column":"0","row":"0","unit":"px"},"boxed_width":{"unit":"px","size":1172,"sizes":[]},"padding":{"unit":"px","top":"0","right":"0","bottom":"0","left":"0","isLinked":true}},"elements":[{"id":"6c2dc179","settings":{"_column_size":100,"width":{"size":null,"unit":"%"},"content_width":"full","padding":{"unit":"px","top":"16","right":"16","bottom":"16","left":"16","isLinked":true}},"elements":[{"id":"14e34d8e","settings":{"heading_typography_typography":"custom","heading_text_align":"left","total_price_heading_typography_typography":"custom","total_price_sub_total_typography_typography":"custom","total_price_save_typography_typography":"custom","total_price_total_typography_typography":"custom","total_price_button_typography_typography":"custom","_margin":{"unit":"px","top":"10","right":"0","bottom":"0","left":"0","isLinked":false},"_padding":{"unit":"px","top":"30","right":"0","bottom":"0","left":"0","isLinked":false},"_border_border":"solid","_border_width":{"unit":"px","top":"1","right":"0","bottom":"0","left":"0","isLinked":false},"_border_color":"#ECF0F4","_border_width_mobile":{"unit":"px","top":"0","right":"0","bottom":"0","left":"0","isLinked":true}},"elements":[],"isInner":false,"widgetType":"motta-wc-product-fbt","elType":"widget"}],"isInner":true,"elType":"container"}],"isInner":false,"elType":"container"},{"id":"1e193112","settings":{"margin":{"unit":"px","top":"10","right":0,"bottom":"0","left":0,"isLinked":false},"margin_mobile":{"unit":"px","top":"0","right":"0","bottom":"0","left":"0","isLinked":true},"flex_direction":"row","flex_align_items":"stretch","flex_gap":{"size":0,"column":"0","row":"0","unit":"px"},"boxed_width":{"unit":"px","size":1172,"sizes":[]}},"elements":[{"id":"1396bb5c","settings":{"_column_size":100,"width":{"size":null,"unit":"%"},"padding_mobile":{"unit":"px","top":"6","right":"6","bottom":"6","left":"6","isLinked":true},"content_width":"full","flex_gap":{"column":"0","row":"0","isLinked":true,"unit":"px","size":0},"padding":{"unit":"px","top":"16","right":"16","bottom":"16","left":"16","isLinked":true}},"elements":[{"id":"208c90f5","settings":{"tab_typography_typography":"custom","panel_border_width":{"unit":"px","top":"1","right":"1","bottom":"1","left":"1","isLinked":true},"panel_box_shadow_box_shadow":{"horizontal":-8,"vertical":0,"blur":10,"spread":0,"color":"rgba(0,0,0,0.5)"},"tab_icon_border_radius":{"unit":"%","top":"100","right":"100","bottom":"100","left":"100","isLinked":true},"panel_text_color":"#D6C0C0","panel_bg_color":"#201C1C","panel_typography_typography":"custom","panel_typography_font_size":{"unit":"px","size":12,"sizes":[]},"layout":"toggle","tab_icon_color":"#7C818B","tab_icon_border_color":"#DADFE3","tab_icon_padding":{"unit":"px","top":"8","right":"8","bottom":"8","left":"8","isLinked":true},"tab_icon_size":{"unit":"px","size":11,"sizes":[]},"tab_padding_mobile":{"unit":"px","top":"16","right":"0","bottom":"16","left":"0","isLinked":false}},"elements":[],"isInner":false,"widgetType":"motta-wc-product-data-tabs","elType":"widget"}],"isInner":true,"elType":"container"}],"isInner":false,"elType":"container"},{"id":"5297ba4","settings":{"margin":{"unit":"px","top":"0","right":0,"bottom":"60","left":0,"isLinked":false},"margin_mobile":{"unit":"px","top":"30","right":0,"bottom":"0","left":0,"isLinked":false},"flex_direction":"row","flex_align_items":"stretch","flex_gap":{"size":10,"column":"10","row":"10","unit":"px"},"boxed_width":{"unit":"px","size":1172,"sizes":[]},"padding":{"unit":"px","top":"0","right":"0","bottom":"0","left":"0","isLinked":true}},"elements":[{"id":"e96e2fe","settings":{"_column_size":100,"width":{"size":null,"unit":"%"},"padding_mobile":{"unit":"px","top":"0","right":"16","bottom":"16","left":"16","isLinked":false},"content_width":"full","flex_gap":{"column":"0","row":"0","isLinked":true,"unit":"px","size":0},"padding":{"unit":"px","top":"0","right":"16","bottom":"16","left":"16","isLinked":false}},"elements":[{"id":"525bd7b5","settings":{"posts_per_page":10,"autoplay":"","heading":"Similar Products","sliders_arrow_style":"yes","sliders_arrows_width":{"unit":"px","size":"","sizes":[]},"sliders_dots_style":"yes","slides_to_show_tablet":"3","navigation_tablet":"dots","navigation_mobile":"dots","_border_width":{"unit":"px","top":"1","right":"0","bottom":"0","left":"0","isLinked":false},"_border_color":"#ECF0F4","_border_width_mobile":{"unit":"px","top":"0","right":"0","bottom":"0","left":"0","isLinked":true}},"elements":[],"isInner":false,"widgetType":"motta-wc-product-related","elType":"widget"}],"isInner":true,"elType":"container"}],"isInner":false,"elType":"container"}],"page_settings":{"enable_builder":""},"version":"0.4","title":"Product v3","type":"page"}