{"content":[{"id":"5c29a98a","settings":{"structure":"20","border_border":"solid","border_width":{"unit":"px","top":"4","right":"0","bottom":"0","left":"0","isLinked":false},"border_color":"#ECF0F4","margin":{"unit":"px","top":"","right":0,"bottom":"","left":0,"isLinked":true},"padding":{"unit":"px","top":"18","right":"0","bottom":"0","left":"0","isLinked":false},"margin_mobile":{"unit":"px","top":"","right":0,"bottom":"","left":0,"isLinked":true},"border_width_mobile":{"unit":"px","top":"4","right":"0","bottom":"0","left":"0","isLinked":false},"padding_mobile":{"unit":"px","top":"18","right":"0","bottom":"10","left":"0","isLinked":false}},"elements":[{"id":"f56d146","settings":{"_column_size":50,"_inline_size":null,"_inline_size_tablet":50,"_inline_size_mobile":50,"padding_mobile":{"unit":"px","top":"16","right":"10","bottom":"16","left":"10","isLinked":false}},"elements":[{"id":"72a12951","settings":{"title":"Worldwide Delivery","description":"200 countries and regions worldwide","icon":{"value":{"url":"https:\/\/motta.uix.store\/wp-content\/uploads\/2022\/08\/worldwide.svg","id":13428},"library":"svg"},"icon_color":"#7C818B","icon_size":{"unit":"px","size":47,"sizes":[]},"title_typography_font_weight":"500","title_spacing":{"unit":"px","size":3,"sizes":[]},"description_spacing":{"unit":"px","size":0,"sizes":[]},"position_mobile":"top","align_mobile":"center","position_tablet":"left","icon_spacing_mobile":{"unit":"px","size":13,"sizes":[]},"alignment_mobile":"center","description_typography_typography":"custom","alignment":"center","title_typography_typography":"custom","title_typography_font_size":{"unit":"px","size":16,"sizes":[]},"description_color":"#7C818B","description_typography_font_size":{"unit":"px","size":14,"sizes":[]}},"elements":[],"isInner":false,"widgetType":"motta-icon-box","elType":"widget"}],"isInner":false,"elType":"column"},{"id":"6823146f","settings":{"_column_size":50,"_inline_size":null,"_inline_size_tablet":50,"_inline_size_mobile":50,"padding_mobile":{"unit":"px","top":"16","right":"8","bottom":"16","left":"3","isLinked":false}},"elements":[{"id":"234aa74b","settings":{"title":"Secure Payment","description":"Pay with popular and secure payment methods","icon":{"value":{"url":"https:\/\/motta.uix.store\/wp-content\/uploads\/2022\/08\/secure-payment.svg","id":13429},"library":"svg"},"icon_color":"#7C818B","icon_size":{"unit":"px","size":47,"sizes":[]},"title_typography_font_weight":"500","title_spacing":{"unit":"px","size":3,"sizes":[]},"description_spacing":{"unit":"px","size":0,"sizes":[]},"position_mobile":"top","align_mobile":"center","position_tablet":"left","icon_spacing_mobile":{"unit":"px","size":13,"sizes":[]},"alignment_mobile":"center","description_typography_typography":"custom","alignment":"center","title_typography_typography":"custom","title_typography_font_size":{"unit":"px","size":16,"sizes":[]},"description_color":"#7C818B","description_typography_font_size":{"unit":"px","size":14,"sizes":[]}},"elements":[],"isInner":false,"widgetType":"motta-icon-box","elType":"widget"}],"isInner":false,"elType":"column"}],"isInner":false,"elType":"section"},{"id":"2d53508a","settings":{"structure":"20","border_width":{"unit":"px","top":"4","right":"0","bottom":"0","left":"0","isLinked":false},"border_color":"#ECF0F4","margin":{"unit":"px","top":"","right":0,"bottom":"","left":0,"isLinked":true},"margin_mobile":{"unit":"px","top":"","right":0,"bottom":"","left":0,"isLinked":true},"border_width_mobile":{"unit":"px","top":"4","right":"0","bottom":"0","left":"0","isLinked":false},"padding_mobile":{"unit":"px","top":"18","right":"0","bottom":"10","left":"0","isLinked":false}},"elements":[{"id":"377a2fef","settings":{"_column_size":50,"_inline_size":null,"_inline_size_tablet":50,"_inline_size_mobile":50,"padding_mobile":{"unit":"px","top":"7","right":"3","bottom":"16","left":"8","isLinked":false}},"elements":[{"id":"180a0d26","settings":{"title":"60-day Return Policy","description":"Merchandise must be returned within 60 days.","icon":{"value":{"url":"https:\/\/motta.uix.store\/wp-content\/uploads\/2022\/08\/return.svg","id":13432},"library":"svg"},"icon_color":"#7C818B","icon_size":{"unit":"px","size":47,"sizes":[]},"title_typography_font_weight":"500","title_spacing":{"unit":"px","size":3,"sizes":[]},"description_spacing":{"unit":"px","size":0,"sizes":[]},"position_mobile":"top","align_mobile":"center","position_tablet":"left","icon_spacing_mobile":{"unit":"px","size":13,"sizes":[]},"alignment_mobile":"center","description_typography_typography":"custom","alignment":"center","title_typography_typography":"custom","title_typography_font_size":{"unit":"px","size":16,"sizes":[]},"description_color":"#7C818B","description_typography_font_size":{"unit":"px","size":14,"sizes":[]}},"elements":[],"isInner":false,"widgetType":"motta-icon-box","elType":"widget"}],"isInner":false,"elType":"column"},{"id":"14b3aeaa","settings":{"_column_size":50,"_inline_size":null,"_inline_size_tablet":50,"_inline_size_mobile":50,"padding_mobile":{"unit":"px","top":"7","right":"10","bottom":"16","left":"10","isLinked":false}},"elements":[{"id":"28c18320","settings":{"title":"24\/7 Help Center","description":"We'll respond to you within  24 hours","icon":{"value":{"url":"https:\/\/motta.uix.store\/wp-content\/uploads\/2021\/12\/help-center.svg","id":14316},"library":"svg"},"icon_color":"#7C818B","icon_size":{"unit":"px","size":47,"sizes":[]},"title_typography_font_weight":"500","title_spacing":{"unit":"px","size":3,"sizes":[]},"description_spacing":{"unit":"px","size":0,"sizes":[]},"position_mobile":"top","align_mobile":"center","position_tablet":"left","icon_spacing_mobile":{"unit":"px","size":13,"sizes":[]},"alignment_mobile":"center","description_typography_typography":"custom","alignment":"center","title_typography_typography":"custom","title_typography_font_size":{"unit":"px","size":16,"sizes":[]},"description_color":"#7C818B","description_typography_font_size":{"unit":"px","size":14,"sizes":[]}},"elements":[],"isInner":false,"widgetType":"motta-icon-box","elType":"widget"}],"isInner":false,"elType":"column"}],"isInner":false,"elType":"section"},{"id":"575b2973","settings":{"border_border":"solid","border_width":{"unit":"px","top":"1","right":"0","bottom":"0","left":"0","isLinked":false},"border_color":"#ECF0F4","margin":{"unit":"px","top":"","right":0,"bottom":"","left":0,"isLinked":true},"border_width_mobile":{"unit":"px","top":"1","right":"0","bottom":"0","left":"0","isLinked":false}},"elements":[{"id":"56850664","settings":{"_column_size":100,"_inline_size":null,"padding":{"unit":"px","top":"16","right":"16","bottom":"0","left":"16","isLinked":false}},"elements":[{"id":"5bd8767c","settings":{"title":"Get to Know Us","list_menu":"footer-know-us","spacing":{"unit":"px","size":10,"sizes":[]},"menu_items":[{"title_menu":"Menu item 1","_id":"4c380bd"},{"title_menu":"Menu item 2","_id":"a5bef50"},{"title_menu":"Menu item 3","_id":"14bed9f"}],"toggle_menu_mobile":"yes","toggle_menu":"yes","toggle_menu_tablet":"yes","toggle_status":""},"elements":[],"isInner":false,"widgetType":"motta-navigation-menu","elType":"widget"},{"id":"3237d16d","settings":{"text":"Divider","color":"#ECF0F4","gap_mobile":{"unit":"px","size":19,"sizes":[]}},"elements":[],"isInner":false,"widgetType":"divider","elType":"widget"}],"isInner":false,"elType":"column"}],"isInner":false,"elType":"section"},{"id":"2f233e36","settings":{"border_width":{"unit":"px","top":"0","right":"0","bottom":"0","left":"0","isLinked":false},"border_color":"#ECF0F4","margin":{"unit":"px","top":"","right":0,"bottom":"","left":0,"isLinked":true},"border_width_mobile":{"unit":"px","top":"1","right":"0","bottom":"0","left":"0","isLinked":false}},"elements":[{"id":"1960e611","settings":{"_column_size":100,"_inline_size":null,"padding":{"unit":"px","top":"0","right":"16","bottom":"0","left":"16","isLinked":false}},"elements":[{"id":"452fc045","settings":{"title":"Customer Service","list_menu":"footer-service","spacing":{"unit":"px","size":10,"sizes":[]},"menu_items":[{"title_menu":"Menu item 1","_id":"1adc015"},{"title_menu":"Menu item 2","_id":"e33d5fd"},{"title_menu":"Menu item 3","_id":"3a282d8"}],"toggle_menu_mobile":"yes","toggle_menu":"yes","toggle_menu_tablet":"yes","toggle_status":""},"elements":[],"isInner":false,"widgetType":"motta-navigation-menu","elType":"widget"},{"id":"100abdce","settings":{"text":"Divider","color":"#ECF0F4","gap_mobile":{"unit":"px","size":19,"sizes":[]}},"elements":[],"isInner":false,"widgetType":"divider","elType":"widget"}],"isInner":false,"elType":"column"}],"isInner":false,"elType":"section"},{"id":"7a3c6877","settings":{"border_width":{"unit":"px","top":"0","right":"0","bottom":"0","left":"0","isLinked":false},"border_color":"#ECF0F4","margin":{"unit":"px","top":"","right":0,"bottom":"","left":0,"isLinked":true},"border_width_mobile":{"unit":"px","top":"1","right":"0","bottom":"0","left":"0","isLinked":false}},"elements":[{"id":"5b8c6d38","settings":{"_column_size":100,"_inline_size":null,"padding":{"unit":"px","top":"0","right":"16","bottom":"0","left":"16","isLinked":false}},"elements":[{"id":"22fba1ff","settings":{"title":"Orders & Returns","list_menu":"footer-orders-returns","spacing":{"unit":"px","size":10,"sizes":[]},"menu_items":[{"title_menu":"Menu item 1","_id":"89c522a"},{"title_menu":"Menu item 2","_id":"60a87da"},{"title_menu":"Menu item 3","_id":"4306d95"}],"toggle_menu_mobile":"yes","toggle_menu":"yes","toggle_menu_tablet":"yes","toggle_status":""},"elements":[],"isInner":false,"widgetType":"motta-navigation-menu","elType":"widget"},{"id":"486d0a65","settings":{"text":"Divider","color":"#ECF0F4","gap_mobile":{"unit":"px","size":19,"sizes":[]}},"elements":[],"isInner":false,"widgetType":"divider","elType":"widget"}],"isInner":false,"elType":"column"}],"isInner":false,"elType":"section"},{"id":"2d15de4a","settings":{"border_width":{"unit":"px","top":"0","right":"0","bottom":"0","left":"0","isLinked":false},"border_color":"#ECF0F4","margin":{"unit":"px","top":"","right":0,"bottom":"","left":0,"isLinked":true},"border_width_mobile":{"unit":"px","top":"1","right":"0","bottom":"0","left":"0","isLinked":false}},"elements":[{"id":"2ec8a","settings":{"_column_size":100,"_inline_size":null,"padding":{"unit":"px","top":"0","right":"16","bottom":"0","left":"16","isLinked":false}},"elements":[{"id":"4c1b29fe","settings":{"title":"Legal","list_menu":"footer-policy","spacing":{"unit":"px","size":10,"sizes":[]},"menu_items":[{"title_menu":"Menu item 1","_id":"40437ac"},{"title_menu":"Menu item 2","_id":"01c7f80"},{"title_menu":"Menu item 3","_id":"353b88e"}],"toggle_menu_mobile":"yes","toggle_menu":"yes","toggle_menu_tablet":"yes","toggle_status":""},"elements":[],"isInner":false,"widgetType":"motta-navigation-menu","elType":"widget"},{"id":"49a509cd","settings":{"text":"Divider","color":"#ECF0F4","gap_mobile":{"unit":"px","size":19,"sizes":[]}},"elements":[],"isInner":false,"widgetType":"divider","elType":"widget"}],"isInner":false,"elType":"column"}],"isInner":false,"elType":"section"},{"id":"5ce36db4","settings":{"border_width":{"unit":"px","top":"0","right":"0","bottom":"0","left":"0","isLinked":false},"border_color":"#ECF0F4","margin":{"unit":"px","top":"","right":0,"bottom":"","left":0,"isLinked":true},"padding":{"unit":"px","top":"10","right":"0","bottom":"0","left":"0","isLinked":false},"border_width_mobile":{"unit":"px","top":"1","right":"0","bottom":"0","left":"0","isLinked":false}},"elements":[{"id":"603bea16","settings":{"_column_size":100,"_inline_size":null,"padding":{"unit":"px","top":"0","right":"16","bottom":"18","left":"16","isLinked":false}},"elements":[{"id":"31547bb4","settings":{"title":"Let\u2019s keep in touch","title_size":"h6","typography_typography":"custom","typography_font_weight":"500","spacing":{"unit":"px","size":20,"sizes":[]}},"elements":[],"isInner":false,"widgetType":"motta-heading","elType":"widget"},{"id":"2117a1dd","settings":{"editor":"<div>Get recommendations, tips, updates and more.<\/div>","text_color":"#7C818B","typography_typography":"custom","typography_font_size":{"unit":"px","size":14,"sizes":[]},"typography_font_weight":"normal","_padding":{"unit":"px","top":"0","right":"0","bottom":"11","left":"0","isLinked":false}},"elements":[],"isInner":false,"widgetType":"text-editor","elType":"widget"},{"id":"74e5f5fc","settings":{"form_id":"192","style":"medium","_margin":{"unit":"px","top":"0","right":"0","bottom":"30","left":"0","isLinked":false},"form_shortcode":"[mc4wp_form id=\"192\"]","form_height":{"unit":"px","size":44,"sizes":[]},"form_shape":"circle","button_padding":{"unit":"px","top":"0","right":"20","bottom":"0","left":"20","isLinked":false},"button_options":"yes","button_width":{"unit":"px","size":100,"sizes":[]}},"elements":[],"isInner":false,"widgetType":"motta-subscribe-box","elType":"widget"},{"id":"1e9aced4","settings":{"title":"Stay Connected","title_size":"h6","typography_typography":"custom","typography_font_weight":"500","spacing":{"unit":"px","size":11,"sizes":[]}},"elements":[],"isInner":false,"widgetType":"motta-heading","elType":"widget"},{"id":"67726beb","settings":{"social_icon_list":[{"social_icon":{"value":"fab fa-twitter","library":"fa-brands"},"_id":"48272a2","link":{"url":"https:\/\/twitter.com\/motta.uix.store","is_external":"true","nofollow":"","custom_attributes":""}},{"social_icon":{"value":"fab fa-facebook-square","library":"fa-brands"},"_id":"4c9cfd4","link":{"url":"https:\/\/www.facebook.com\/motta.uix.store","is_external":"true","nofollow":"","custom_attributes":""}},{"social_icon":{"value":"fab fa-youtube","library":"fa-brands"},"_id":"c175218","link":{"url":"https:\/\/www.youtube.com\/motta.uix.store","is_external":"true","nofollow":"","custom_attributes":""}},{"_id":"cfb8721","social_icon":{"value":"fab fa-instagram","library":"fa-brands"},"link":{"url":"https:\/\/www.instagram.com\/motta.uix.store\/","is_external":"true","nofollow":"","custom_attributes":""}},{"_id":"65b6e37","social_icon":{"value":"fab fa-whatsapp","library":"fa-brands"},"link":{"url":"https:\/\/www.whatsapp.com\/motta.uix.store","is_external":"true","nofollow":"","custom_attributes":""}}],"icon_spacing":{"unit":"px","size":25,"sizes":[]},"_margin_mobile":{"unit":"px","top":"0","right":"0","bottom":"2","left":"0","isLinked":false},"align_mobile":"justify"},"elements":[],"isInner":false,"widgetType":"motta-social-icons","elType":"widget"}],"isInner":false,"elType":"column"}],"isInner":false,"elType":"section"},{"id":"563d6ecc","settings":{"border_border":"solid","border_width":{"unit":"px","top":"1","right":"0","bottom":"0","left":"0","isLinked":false},"border_color":"#ECF0F4","padding":{"unit":"px","top":"6","right":"0","bottom":"0","left":"0","isLinked":false}},"elements":[{"id":"40f1fe89","settings":{"_column_size":100,"_inline_size":null},"elements":[{"id":"3b67d546","settings":{"images":[{"_id":"3f444e9","image":{"url":"https:\/\/motta.uix.store\/wp-content\/uploads\/2021\/12\/footer-bank-transfer.png","id":14322,"alt":"","source":"library"}},{"image":{"url":"https:\/\/motta.uix.store\/wp-content\/uploads\/2021\/12\/footer-visa.png","id":14325,"alt":"","source":"library"},"_id":"ef81aaa"},{"image":{"url":"https:\/\/motta.uix.store\/wp-content\/uploads\/2021\/12\/footer-mastercard.png","id":14323,"alt":"","source":"library"},"_id":"98a9132"},{"image":{"url":"https:\/\/motta.uix.store\/wp-content\/uploads\/2021\/12\/footer-paypal.png","id":14324,"alt":"","source":"library"},"_id":"2435dc6"}],"slides_horizontal_position":"center","slides_horizontal_position_mobile":"justify","spacing_image_item":{"unit":"px","size":27,"sizes":[]},"_padding_mobile":{"unit":"px","top":"0","right":"0","bottom":"13","left":"0","isLinked":false},"spacing_image_item_mobile":{"unit":"px","size":11,"sizes":[]}},"elements":[],"isInner":false,"widgetType":"motta-image-grid","elType":"widget"},{"id":"122dd0d4","settings":{"text":"Divider","color":"#ECF0F4","gap":{"unit":"px","size":5,"sizes":[]}},"elements":[],"isInner":false,"widgetType":"divider","elType":"widget"}],"isInner":false,"elType":"column"}],"isInner":false,"elType":"section"},{"id":"6d3b3b77","settings":{"structure":"20","border_width":{"unit":"px","top":"0","right":"0","bottom":"0","left":"0","isLinked":true},"border_width_mobile":{"unit":"px","top":"1","right":"0","bottom":"0","left":"0","isLinked":false},"border_color":"#ECF0F4"},"elements":[{"id":"23ee1c66","settings":{"_column_size":50,"_inline_size":null,"_inline_size_mobile":50,"padding":{"unit":"px","top":"0","right":"16","bottom":"0","left":"16","isLinked":false}},"elements":[{"id":"6f3d0474","settings":{"editor":"<p>Copyright \u00a9 [motta_year] Motta, All rights reserved.<\/p>","text_color":"#1D2128","__globals__":{"typography_typography":""},"typography_typography":"custom","typography_font_size":{"unit":"px","size":14,"sizes":[]},"typography_font_weight":"normal","_margin":{"unit":"px","top":"4","right":"0","bottom":"0","left":"0","isLinked":false},"_margin_mobile":{"unit":"px","top":"4","right":"0","bottom":"18","left":"0","isLinked":false},"_border_width":{"unit":"px","top":"0","right":"0","bottom":"0","left":"0","isLinked":true},"_border_width_mobile":{"unit":"px","top":"0","right":"0","bottom":"1","left":"0","isLinked":false},"_border_color":"#ECF0F4"},"elements":[],"isInner":false,"widgetType":"text-editor","elType":"widget"}],"isInner":false,"elType":"column"},{"id":"302376c0","settings":{"_column_size":50,"_inline_size":null,"padding_mobile":{"unit":"px","top":"0","right":"16","bottom":"0","left":"16","isLinked":false},"_inline_size_mobile":50},"elements":[{"id":"4d3610f6","settings":{"currency":"","flag":"yes","_padding_mobile":{"unit":"px","top":"10","right":"0","bottom":"0","left":"0","isLinked":false},"align":"flex-end","language_color":"#7C818B"},"elements":[],"isInner":false,"widgetType":"motta-preferences","elType":"widget"}],"isInner":false,"elType":"column"}],"isInner":false,"elType":"section"}],"page_settings":[],"version":"0.4","title":"footer-mobile-v2","type":"page"}