{"content":[{"id":"111fb832","settings":{"gap":"no"},"elements":[{"id":"8ec1ec0","settings":{"_column_size":100,"_inline_size":null},"elements":[{"id":"1cc9eaf4","settings":{"slides":[{"title":"Chromebook","description":"Excepteur sint occaecat cupidatat non proident,\nsunt in culpa qui officia.","button_text":"Shop Now","_id":"cd797bd","banner_background_img":{"url":"","id":"","size":"","alt":"","source":"library"},"background_position":"right center","background_repeat":"no-repeat","background_color":"#064C53","before_title":"Furniture","before_heading_custom_color":"#A77B52","btn_custom_bgcolor":"#A77B52","image":{"id":8936,"url":"https:\/\/motta.uix.store\/wp-content\/uploads\/2022\/07\/Shop-page-v3_03.jpg","alt":"","source":"library","size":""},"before_description":"Secure, tough yet powerful","background_size_tablet":"contain","background_position_mobile":"center top","background_position_tablet":"center top","subtitle_image":{"id":20100,"url":"https:\/\/motta.uix.store\/wp-content\/uploads\/2023\/08\/placeholder.png"},"image_background_size_tablet":"cover","image_background_position_tablet":"left center","primary_button_text":"Shop Now","custom_button_options":"yes","custom_button_background_color":"#A77B52","primary_button_link":{"url":"#","is_external":"","nofollow":"","custom_attributes":""},"second_button_text":"Learn More","image_background_size":"cover"},{"title":"Lets Me Move  The Office Outside","button_text":"Shop Now","_id":"6e7684e","banner_background_img":{"url":"","id":"","size":"","alt":"","source":"library"},"background_size":"contain","background_position":"right center","background_repeat":"no-repeat","background_color":"#69157C","before_title":"Winter Sale","before_heading_custom_color":"#395172","btn_custom_bgcolor":"#395172","image":{"id":8937,"url":"https:\/\/motta.uix.store\/wp-content\/uploads\/2022\/07\/Shop-page-v3-2_03.jpg","alt":"","source":"library","size":""},"background_position_mobile":"center top","subtitle_image":{"id":"","url":"https:\/\/motta.uix.store\/wp-content\/plugins\/elementor\/assets\/images\/placeholder.png"},"image_background_size_tablet":"cover","image_background_position_tablet":"left center","image_mobile":{"url":"","id":"","alt":"","source":"library"},"primary_button_text":"Shop Now","after_desc_custom_typography_typography":"custom","custom_button_options":"yes","custom_button_background_color":"#395172","description":"Sed do eiusmod tempor incididunt ut labore et\ndolore magna aliqua.","primary_button_link":{"url":"#","is_external":"","nofollow":"","custom_attributes":""},"second_button_text":"Learn More","second_button_link":{"url":"#","is_external":"","nofollow":"","custom_attributes":""},"image_background_size":"cover"}],"slides_height":{"unit":"px","size":400,"sizes":[]},"slides_height_mobile":{"unit":"px","size":385,"sizes":[]},"navigation":"both","autoplay":"","slides_vertical_position":"middle","description_typography_typography":"custom","description_typography_font_size_mobile":{"unit":"px","size":12,"sizes":[]},"description_spacing":{"unit":"px","size":10,"sizes":[]},"button_show":"yes","skin":"base","shape":"round","btn_padding":{"unit":"px","top":"0","right":"33","bottom":"0","left":"33","isLinked":false},"sliders_dots_style":"yes","sliders_dot_item_active_color":"#FFFFFF","navigation_mobile":"dots","slides_vertical_position_mobile":"middle","subtitle_typography_typography":"custom","subtitle_typography_font_size":{"unit":"px","size":10,"sizes":[]},"subtitle_typography_font_weight":"700","title_typography_typography":"custom","title_typography_font_size":{"unit":"px","size":32,"sizes":[]},"title_typography_font_size_mobile":{"unit":"px","size":20,"sizes":[]},"title_typography_font_weight":"700","title_typography_line_height":{"unit":"px","size":38,"sizes":[]},"title_typography_line_height_mobile":{"unit":"px","size":26,"sizes":[]},"title_spacing":{"unit":"px","size":10,"sizes":[]},"before_desc_typography_typography":"custom","before_desc_typography_font_size":{"unit":"px","size":20,"sizes":[]},"before_desc_typography_font_size_mobile":{"unit":"px","size":14,"sizes":[]},"before_desc_typography_font_weight":"700","before_desc_spacing":{"unit":"px","size":10,"sizes":[]},"after_desc_typography_typography":"custom","after_desc_typography_font_size":{"unit":"px","size":16,"sizes":[]},"after_desc_typography_font_size_mobile":{"unit":"px","size":12,"sizes":[]},"after_desc_typography_font_weight":"700","after_desc_typography_line_height":{"unit":"px","size":32,"sizes":[]},"sliders_arrow_style":"yes","sliders_arrows_size":{"unit":"px","size":21,"sizes":[]},"sliders_arrows_width":{"unit":"px","size":32,"sizes":[]},"sliders_arrows_height":{"unit":"px","size":60,"sizes":[]},"sliders_arrows_horizontal_spacing":{"unit":"px","size":20,"sizes":[]},"_background_image_tablet":{"url":"","id":"","alt":"","source":"library"},"slides_radius":{"unit":"px","top":"8","right":"8","bottom":"8","left":"8","isLinked":true},"slides_vertical_position_tablet":"middle","subtitle_spacing_mobile":{"unit":"px","size":0,"sizes":[]},"before_desc_typography_line_height_mobile":{"unit":"px","size":16,"sizes":[]},"image_position_tablet":"top","image_custom_width":{"unit":"%","size":65,"sizes":[]},"image_custom_width_tablet":{"unit":"%","size":60,"sizes":[]},"image_custom_height_tablet":{"unit":"%","size":100,"sizes":[]},"image_custom_height_mobile":{"unit":"px","size":180,"sizes":[]},"sliders_dots_vertical_spacing_mobile":{"unit":"px","size":220,"sizes":[]},"navigation_tablet":"dots","arrows_icon":"thin","slides_content_width":{"unit":"px","size":455,"sizes":[]},"slides_content_width_tablet":{"unit":"px","size":290,"sizes":[]},"slides_content_padding":{"unit":"px","top":"0","right":"40","bottom":"0","left":"100","isLinked":false},"slides_content_padding_tablet":{"unit":"px","top":"20","right":"30","bottom":"20","left":"30","isLinked":false},"slides_content_padding_mobile":{"unit":"px","top":"24","right":"24","bottom":"13","left":"24","isLinked":false},"hide_button_mobile":"","slides_content_width_mobile":{"unit":"%","size":100,"sizes":[]},"title_color":"#FFFFFF","before_desc_color":"#FFFFFF","description_color":"#FFFFFF","primary_button_options":"yes","primary_button_background_color":"#FFFFFF","primary_button_color":"#000000","second_button_options":"yes","second_button_color":"#FFFFFF","sliders_dots_bg_overlay":"yes","slides_text_align":""},"elements":[],"isInner":false,"widgetType":"motta-slides","elType":"widget"}],"isInner":false,"elType":"column"}],"isInner":false,"elType":"section"}],"page_settings":{"footer_mobile_layout":"4179","motta_hide_header_section":"default","motta_hide_topbar":"default","motta_hide_campain_bar":"default","motta_hide_page_header":"1","motta_hide_title":"default","motta_hide_breadcrumb":"default","motta_content_top_spacing":"no","motta_content_top_padding":{"unit":"px","size":"63","sizes":[]},"motta_content_bottom_spacing":"no","motta_content_bottom_padding":{"unit":"px","size":"63","sizes":[]},"motta_hide_footer_section":"default","header_layout":"v4","footer_layout":"3651","hide_title":"yes"},"version":"0.4","title":"shop-header","type":"section"}