{"content":[{"id":"508936ce","settings":{"structure":"30","border_border":"solid","border_width":{"unit":"px","top":"1","right":"0","bottom":"0","left":"0","isLinked":false},"border_color":"#ECF0F4","padding":{"unit":"px","top":"47","right":"0","bottom":"0","left":"0","isLinked":false},"margin":{"unit":"px","top":"","right":0,"bottom":"","left":0,"isLinked":true},"margin_mobile":{"unit":"px","top":"","right":0,"bottom":"","left":0,"isLinked":true},"padding_mobile":{"unit":"px","top":"28","right":"0","bottom":"0","left":"0","isLinked":false},"content_position":"space-between","border_width_mobile":{"unit":"px","top":"1","right":"0","bottom":"0","left":"0","isLinked":false}},"elements":[{"id":"4448e95f","settings":{"_column_size":33,"_inline_size":16,"_inline_size_tablet":22,"_inline_size_mobile":50,"border_width_mobile":{"unit":"px","top":"0","right":"0","bottom":"0","left":"0","isLinked":false},"border_color":"#ECF0F4","border_width":{"unit":"px","top":"0","right":"0","bottom":"0","left":"0","isLinked":true},"border_width_tablet":{"unit":"px","top":"0","right":"0","bottom":"0","left":"0","isLinked":true}},"elements":[{"id":"1843e4e9","settings":{"icon":{"value":{"url":"https:\/\/motta.uix.store\/wp-content\/uploads\/2022\/09\/call-footer.svg","id":14156},"library":"svg"},"title":"Call","description":"Call us from 8am to<br> 12am ET.","button":"1-866-237-8289","link":{"url":"tel:18662378289a","is_external":"","nofollow":"","custom_attributes":""},"_padding_mobile":{"unit":"%","top":"0","right":"0","bottom":"0","left":"0","isLinked":false},"_border_color":"#ECF0F4","icon_spacing":{"unit":"px","size":15,"sizes":[]},"title_spacing":{"unit":"px","size":15,"sizes":[]},"primary_button_text":"1-866-237-8289","primary_button_skin":"text","primary_button_link":{"url":"tel:1-866-237-8289","is_external":"","nofollow":"","custom_attributes":""},"title_typography_typography":"custom","description_typography_typography":"custom"},"elements":[],"isInner":false,"widgetType":"motta-icon-box","elType":"widget"}],"isInner":false,"elType":"column"},{"id":"6813d202","settings":{"_column_size":33,"_inline_size":32,"_inline_size_tablet":22,"_inline_size_mobile":50,"border_width_mobile":{"unit":"px","top":"0","right":"0","bottom":"0","left":"0","isLinked":false},"border_color":"#ECF0F4","border_width":{"unit":"px","top":"0","right":"0","bottom":"0","left":"0","isLinked":true},"border_width_tablet":{"unit":"px","top":"0","right":"0","bottom":"0","left":"0","isLinked":true}},"elements":[{"id":"5829abc0","settings":{"icon":{"value":{"url":"https:\/\/motta.uix.store\/wp-content\/uploads\/2022\/06\/email-footer.svg","id":14231},"library":"svg"},"title":"Email","description":"Our response time is<br> 1 to 3 business days.","button":"Send a Message","_padding_mobile":{"unit":"%","top":"","right":"","bottom":"","left":"","isLinked":true},"_border_color":"#ECF0F4","icon_spacing":{"unit":"px","size":15,"sizes":[]},"title_spacing":{"unit":"px","size":15,"sizes":[]},"primary_button_text":"Send a Message","primary_button_skin":"text","primary_button_link":{"url":"mailto:motta@uix.store.com","is_external":"","nofollow":"","custom_attributes":""}},"elements":[],"isInner":false,"widgetType":"motta-icon-box","elType":"widget"}],"isInner":false,"elType":"column"},{"id":"3fb46bd","settings":{"_column_size":33,"_inline_size":51.664,"_inline_size_tablet":56,"_inline_size_mobile":100,"border_width":{"unit":"px","top":"0","right":"0","bottom":"0","left":"0","isLinked":true}},"elements":[{"id":"4a8af13b","settings":{"title":"Let\u2019s keep in touch","title_size":"h4","typography_font_weight":"500","_margin":{"unit":"px","top":"0","right":"0","bottom":"10","left":"0","isLinked":false},"_padding_mobile":{"unit":"px","top":"35","right":"0","bottom":"0","left":"0","isLinked":false},"_border_border":"solid","_border_width_mobile":{"unit":"px","top":"1","right":"0","bottom":"0","left":"0","isLinked":false},"_border_color":"#ECF0F4","_border_width":{"unit":"px","top":"0","right":"0","bottom":"0","left":"0","isLinked":true},"typography_line_height":{"unit":"em","size":1,"sizes":[]},"_margin_mobile":{"unit":"px","top":"10","right":"0","bottom":"015","left":"0","isLinked":false},"size":"large"},"elements":[],"isInner":false,"widgetType":"motta-heading","elType":"widget"},{"id":"2a147b32","settings":{"editor":"<p>Get recommendations, tips, updates, promotions and more.<\/p>","text_color":"#1D2128","typography_typography":"custom","typography_font_size":{"unit":"px","size":14,"sizes":[]},"typography_font_weight":"400","_margin":{"unit":"px","top":"0","right":"0","bottom":"20","left":"0","isLinked":false},"_margin_mobile":{"unit":"px","top":"0","right":"0","bottom":"18","left":"0","isLinked":false},"_padding_mobile":{"unit":"%","top":"0","right":"20","bottom":"0","left":"0","isLinked":false}},"elements":[],"isInner":false,"widgetType":"text-editor","elType":"widget"},{"id":"6de7067","settings":{"form_id":"[mc4wp_form id=\"192\"]","shape":"default","button_tablet":"outside","button_mobile":"outside","form_shortcode":"[mc4wp_form id=\"192\"]","form_style":"medium"},"elements":[],"isInner":false,"widgetType":"motta-subscribe-box","elType":"widget"}],"isInner":false,"elType":"column"}],"isInner":false,"elType":"section"},{"id":"4e89be82","settings":[],"elements":[{"id":"53503a4e","settings":{"_column_size":100,"_inline_size":null},"elements":[{"id":"1863f334","settings":{"text":"Divider","color":"#ECF0F4","gap":{"unit":"px","size":11,"sizes":[]}},"elements":[],"isInner":false,"widgetType":"divider","elType":"widget"}],"isInner":false,"elType":"column"}],"isInner":false,"elType":"section"},{"id":"169b0a7a","settings":{"structure":"50","border_width":{"unit":"px","top":"0","right":"0","bottom":"1","left":"0","isLinked":false},"border_color":"#ECF0F4","margin":{"unit":"px","top":"","right":0,"bottom":"","left":0,"isLinked":true},"border_width_mobile":{"unit":"px","top":"0","right":"0","bottom":"0","left":"0","isLinked":true}},"elements":[{"id":"22d21b6a","settings":{"_column_size":20,"_inline_size":24,"space_between_widgets":0,"_inline_size_tablet":32,"padding_mobile":{"unit":"px","top":"0","right":"16","bottom":"0","left":"16","isLinked":false}},"elements":[{"id":"7057d700","settings":{"html":"<img class=\"alignnone size-full wp-image-3054\" src=\"http:\/\/demo3.drfuri.com\/motta\/wp-content\/uploads\/sites\/14\/2022\/05\/Logo-v1.png\" alt=\"\" width=\"114\" height=\"32\" \/>","_margin":{"unit":"px","top":"0","right":"0","bottom":"27","left":"0","isLinked":false}},"elements":[],"isInner":false,"widgetType":"html","elType":"widget"},{"id":"64d54858","settings":{"title":"Best For Shopping","title_size":"h5","title_color":"#1D2128","typography_typography":"custom","typography_font_weight":"500","spacing":{"unit":"px","size":10,"sizes":[]}},"elements":[],"isInner":false,"widgetType":"motta-heading","elType":"widget"},{"id":"1897c90f","settings":{"editor":"Sed do eiusmod tempor <br>incididuntut labore dolore magna.","text_color":"#7C818B","typography_typography":"custom","typography_font_size":{"unit":"px","size":14,"sizes":[]},"typography_font_weight":"normal","typography_line_height":{"unit":"px","size":20,"sizes":[]},"_margin":{"unit":"px","top":"0","right":"0","bottom":"38","left":"0","isLinked":false},"_margin_mobile":{"unit":"px","top":"0","right":"0","bottom":"18","left":"0","isLinked":false}},"elements":[],"isInner":false,"widgetType":"text-editor","elType":"widget"},{"id":"1c1bfce7","settings":{"social_icon_list":[{"social_icon":{"value":"fab fa-twitter","library":"fa-brands"},"_id":"48272a2","link":{"url":"https:\/\/twitter.com\/motta.uix.store","is_external":"true","nofollow":"","custom_attributes":""}},{"social_icon":{"value":"fab fa-facebook-square","library":"fa-brands"},"_id":"4c9cfd4","link":{"url":"https:\/\/www.facebook.com\/motta.uix.store","is_external":"true","nofollow":"","custom_attributes":""}},{"social_icon":{"value":"fab fa-youtube","library":"fa-brands"},"_id":"c175218","link":{"url":"https:\/\/www.youtube.com\/motta.uix.store","is_external":"true","nofollow":"","custom_attributes":""}},{"_id":"cfb8721","social_icon":{"value":"fab fa-instagram","library":"fa-brands"},"link":{"url":"https:\/\/www.instagram.com\/motta.uix.store\/","is_external":"true","nofollow":"","custom_attributes":""}},{"_id":"65b6e37","social_icon":{"value":"fab fa-whatsapp","library":"fa-brands"},"link":{"url":"https:\/\/www.whatsapp.com\/motta.uix.store","is_external":"true","nofollow":"","custom_attributes":""}}],"icon_spacing":{"unit":"px","size":"","sizes":[]}},"elements":[],"isInner":false,"widgetType":"motta-social-icons","elType":"widget"},{"id":"180829d6","settings":{"width_mobile":{"unit":"%","size":100,"sizes":[]},"text":"Divider","color":"#ECF0F4","gap":{"unit":"px","size":1,"sizes":[]},"_padding":{"unit":"px","top":"25","right":"0","bottom":"17","left":"0","isLinked":false},"hide_desktop":"hidden-desktop","hide_tablet":"hidden-tablet"},"elements":[],"isInner":false,"widgetType":"divider","elType":"widget"}],"isInner":false,"elType":"column"},{"id":"e43d134","settings":{"_column_size":20,"_inline_size":24,"hide_mobile":"hidden-mobile","_inline_size_tablet":2},"elements":[],"isInner":false,"elType":"column"},{"id":"412e7347","settings":{"_column_size":20,"_inline_size":18,"_inline_size_tablet":21,"_inline_size_mobile":100,"padding_mobile":{"unit":"px","top":"0","right":"16","bottom":"0","left":"16","isLinked":false}},"elements":[{"id":"79f52ea3","settings":{"title":"Get to Know Us","list_menu":"footer-know-us","toggle":"","mobile_toggle":"yes","menu_items":[{"title_menu":"Menu item 1","_id":"a8e7c16"},{"title_menu":"Menu item 2","_id":"9513bc8"},{"title_menu":"Menu item 3","_id":"9cdea54"}],"toggle_menu":"","toggle_menu_mobile":"yes","toggle_status":""},"elements":[],"isInner":false,"widgetType":"motta-navigation-menu","elType":"widget"},{"id":"35b84a42","settings":{"width_mobile":{"unit":"%","size":100,"sizes":[]},"text":"Divider","color":"#ECF0F4","gap":{"unit":"px","size":1,"sizes":[]},"_padding":{"unit":"px","top":"17","right":"0","bottom":"0","left":"0","isLinked":false},"hide_desktop":"hidden-desktop","hide_tablet":"hidden-tablet"},"elements":[],"isInner":false,"widgetType":"divider","elType":"widget"}],"isInner":false,"elType":"column"},{"id":"44f96545","settings":{"_column_size":20,"_inline_size":18.803,"_inline_size_tablet":20,"_inline_size_mobile":100,"padding_mobile":{"unit":"px","top":"16","right":"16","bottom":"0","left":"16","isLinked":false}},"elements":[{"id":"5163eee","settings":{"title":"Customer Service","list_menu":"footer-service","mobile_toggle":"yes","menu_items":[{"title_menu":"Menu item 1","_id":"637710d"},{"title_menu":"Menu item 2","_id":"6a49752"},{"title_menu":"Menu item 3","_id":"d249a3b"}],"toggle_menu_mobile":"yes"},"elements":[],"isInner":false,"widgetType":"motta-navigation-menu","elType":"widget"},{"id":"15882c6c","settings":{"width_mobile":{"unit":"%","size":100,"sizes":[]},"text":"Divider","color":"#ECF0F4","gap":{"unit":"px","size":1,"sizes":[]},"_padding":{"unit":"px","top":"17","right":"0","bottom":"0","left":"0","isLinked":false},"hide_desktop":"hidden-desktop","hide_tablet":"hidden-tablet"},"elements":[],"isInner":false,"widgetType":"divider","elType":"widget"}],"isInner":false,"elType":"column"},{"id":"216d663e","settings":{"_column_size":20,"_inline_size":15,"_inline_size_tablet":22},"elements":[{"id":"26099181","settings":{"title":"Orders & Returns","list_menu":"footer-orders-returns","mobile_toggle":"yes","menu_items":[{"title_menu":"Menu item 1","_id":"363a691"},{"title_menu":"Menu item 2","_id":"5ff8737"},{"title_menu":"Menu item 3","_id":"8f3f2fc"}],"toggle_menu_mobile":"yes"},"elements":[],"isInner":false,"widgetType":"motta-navigation-menu","elType":"widget"},{"id":"fe4adef","settings":{"width_mobile":{"unit":"%","size":100,"sizes":[]},"text":"Divider","color":"#ECF0F4","gap":{"unit":"px","size":1,"sizes":[]},"_padding":{"unit":"px","top":"17","right":"0","bottom":"0","left":"0","isLinked":false},"hide_desktop":"hidden-desktop","hide_tablet":"hidden-tablet"},"elements":[],"isInner":false,"widgetType":"divider","elType":"widget"}],"isInner":false,"elType":"column"}],"isInner":false,"elType":"section"},{"id":"146ad0af","settings":{"hide_mobile":"hidden-mobile","gap":"no","padding":{"unit":"px","top":"12","right":"12","bottom":"4","left":"12","isLinked":false}},"elements":[{"id":"2276f702","settings":{"_column_size":100,"_inline_size":null},"elements":[{"id":"55f23de6","settings":{"text":"Divider","color":"#ECF0F4","gap":{"unit":"px","size":"","sizes":[]}},"elements":[],"isInner":false,"widgetType":"divider","elType":"widget"}],"isInner":false,"elType":"column"}],"isInner":false,"elType":"section"},{"id":"1627b049","settings":{"structure":"20","margin":{"unit":"px","top":"","right":0,"bottom":"","left":0,"isLinked":true},"margin_mobile":{"unit":"px","top":"","right":0,"bottom":"","left":0,"isLinked":true},"content_position":"middle"},"elements":[{"id":"6c76286e","settings":{"_column_size":50,"_inline_size":null,"padding_mobile":{"unit":"px","top":"0","right":"16","bottom":"0","left":"16","isLinked":false}},"elements":[{"id":"1cafa016","settings":{"title":"","list_menu":"footer-policy","type":"row","typography_font_size":{"unit":"px","size":12,"sizes":[]},"typography_menu_typography":"custom","typography_menu_font_size":{"unit":"px","size":14,"sizes":[]},"spacing_menu":{"unit":"px","size":14,"sizes":[]},"mobile_toggle":"","style_align_mobile":"center","menu_items":[{"title_menu":"Menu item 1","_id":"5a97e51"},{"title_menu":"Menu item 2","_id":"a3cb4ae"},{"title_menu":"Menu item 3","_id":"bbf55e8"}],"menu_stype":"row","_padding":{"unit":"px","top":"0","right":"0","bottom":"5","left":"0","isLinked":false},"typography_typography":"custom"},"elements":[],"isInner":false,"widgetType":"motta-navigation-menu","elType":"widget"}],"isInner":false,"elType":"column"},{"id":"1b887d6f","settings":{"_column_size":50,"_inline_size":null},"elements":[{"id":"771cc753","settings":{"images":[{"image":{"url":"https:\/\/motta.uix.store\/wp-content\/uploads\/2021\/12\/footer-payment.png","id":19082,"alt":"","source":"library"},"_id":"fffe167","link":{"url":"#","is_external":"","nofollow":"","custom_attributes":""}}],"slides_horizontal_position":"right","spacing_image_item":{"unit":"px","size":0,"sizes":[]}},"elements":[],"isInner":false,"widgetType":"motta-image-grid","elType":"widget"}],"isInner":false,"elType":"column"}],"isInner":false,"elType":"section"}],"page_settings":[],"version":"0.4","title":"footer-v3","type":"page"}