{"content":[{"id":"4f4d9e20","settings":{"structure":"40","border_border":"solid","border_width":{"unit":"px","top":"1","right":"0","bottom":"0","left":"0","isLinked":false},"border_color":"#ECF0F4","margin":{"unit":"px","top":"","right":0,"bottom":"","left":0,"isLinked":true},"padding":{"unit":"px","top":"23","right":"0","bottom":"0","left":"0","isLinked":false},"margin_mobile":{"unit":"px","top":"","right":0,"bottom":"","left":0,"isLinked":true},"border_width_mobile":{"unit":"px","top":"4","right":"0","bottom":"0","left":"0","isLinked":false},"padding_mobile":{"unit":"px","top":"18","right":"0","bottom":"10","left":"0","isLinked":false}},"elements":[{"id":"4d9fded9","settings":{"_column_size":25,"_inline_size":null,"_inline_size_tablet":50,"_inline_size_mobile":50,"padding_mobile":{"unit":"px","top":"16","right":"10","bottom":"16","left":"10","isLinked":false}},"elements":[{"id":"36de89b","settings":{"title":"Worldwide Delivery","description":"200 countries and regions<br \/> worldwide","icon":{"value":{"url":"https:\/\/motta.uix.store\/electronic\/wp-content\/uploads\/sites\/6\/2021\/12\/worldwide.svg","id":18469},"library":"svg"},"position":"left","icon_size":{"unit":"px","size":47,"sizes":[]},"title_typography_font_weight":"500","title_spacing":{"unit":"px","size":3,"sizes":[]},"description_spacing":{"unit":"px","size":0,"sizes":[]},"position_mobile":"top","align_mobile":"center","position_tablet":"left","icon_spacing_mobile":{"unit":"px","size":13,"sizes":[]},"alignment_mobile":"center","description_typography_typography":"custom","description_typography_font_size_mobile":{"unit":"px","size":11,"sizes":[]},"icon_color":"#7C818B","title_typography_typography":"custom","title_typography_font_size":{"unit":"px","size":16,"sizes":[]},"description_color":"#7C818B","description_typography_font_size":{"unit":"px","size":14,"sizes":[]}},"elements":[],"isInner":false,"widgetType":"motta-icon-box","elType":"widget"}],"isInner":false,"elType":"column"},{"id":"6ddfb168","settings":{"_column_size":25,"_inline_size":null,"_inline_size_tablet":50,"_inline_size_mobile":50,"padding_mobile":{"unit":"px","top":"16","right":"8","bottom":"16","left":"3","isLinked":false}},"elements":[{"id":"37ccd6b2","settings":{"title":"Secure Payment","description":"Pay with popular and secure<br \/> payment methods","icon":{"value":{"url":"https:\/\/motta.uix.store\/electronic\/wp-content\/uploads\/sites\/6\/2021\/12\/secure-payment.svg","id":18470},"library":"svg"},"position":"left","icon_size":{"unit":"px","size":47,"sizes":[]},"title_typography_font_weight":"500","title_spacing":{"unit":"px","size":3,"sizes":[]},"description_spacing":{"unit":"px","size":0,"sizes":[]},"position_mobile":"top","align_mobile":"center","position_tablet":"left","icon_spacing_mobile":{"unit":"px","size":13,"sizes":[]},"alignment_mobile":"center","description_typography_typography":"custom","description_typography_font_size_mobile":{"unit":"px","size":11,"sizes":[]},"icon_color":"#7C818B","title_typography_typography":"custom","title_typography_font_size":{"unit":"px","size":16,"sizes":[]},"description_color":"#7C818B","description_typography_font_size":{"unit":"px","size":14,"sizes":[]}},"elements":[],"isInner":false,"widgetType":"motta-icon-box","elType":"widget"}],"isInner":false,"elType":"column"},{"id":"3e5c6866","settings":{"_column_size":25,"_inline_size":null,"_inline_size_tablet":50,"_inline_size_mobile":50,"padding_mobile":{"unit":"px","top":"7","right":"3","bottom":"16","left":"8","isLinked":false}},"elements":[{"id":"1ce650b9","settings":{"title":"60-day Return Policy","description":"Merchandise must be returned<br \/> within 60 days.","icon":{"value":{"url":"https:\/\/motta.uix.store\/electronic\/wp-content\/uploads\/sites\/6\/2021\/12\/return.svg","id":18473},"library":"svg"},"position":"left","icon_size":{"unit":"px","size":47,"sizes":[]},"title_typography_font_weight":"500","title_spacing":{"unit":"px","size":3,"sizes":[]},"description_spacing":{"unit":"px","size":0,"sizes":[]},"position_mobile":"top","align_mobile":"center","position_tablet":"left","icon_spacing_mobile":{"unit":"px","size":13,"sizes":[]},"alignment_mobile":"center","description_typography_typography":"custom","description_typography_font_size_mobile":{"unit":"px","size":11,"sizes":[]},"icon_color":"#7C818B","title_typography_typography":"custom","title_typography_font_size":{"unit":"px","size":16,"sizes":[]},"description_color":"#7C818B","description_typography_font_size":{"unit":"px","size":14,"sizes":[]}},"elements":[],"isInner":false,"widgetType":"motta-icon-box","elType":"widget"}],"isInner":false,"elType":"column"},{"id":"3e0bfb85","settings":{"_column_size":25,"_inline_size":null,"_inline_size_tablet":50,"_inline_size_mobile":50,"padding_mobile":{"unit":"px","top":"7","right":"10","bottom":"16","left":"10","isLinked":false}},"elements":[{"id":"32b39462","settings":{"title":"24\/7 Help Center","description":"We'll respond to you within<br \/> 24 hours","icon":{"value":{"url":"https:\/\/motta.uix.store\/electronic\/wp-content\/uploads\/sites\/6\/2021\/12\/help-center.svg","id":18478},"library":"svg"},"position":"left","icon_color":"#7C818B","icon_size":{"unit":"px","size":47,"sizes":[]},"title_typography_font_weight":"500","title_spacing":{"unit":"px","size":3,"sizes":[]},"description_spacing":{"unit":"px","size":0,"sizes":[]},"position_mobile":"top","align_mobile":"center","position_tablet":"left","icon_spacing_mobile":{"unit":"px","size":13,"sizes":[]},"alignment_mobile":"center","description_typography_typography":"custom","description_typography_font_size_mobile":{"unit":"px","size":11,"sizes":[]},"title_typography_typography":"custom","title_typography_font_size":{"unit":"px","size":16,"sizes":[]},"description_color":"#7C818B","description_typography_font_size":{"unit":"px","size":14,"sizes":[]}},"elements":[],"isInner":false,"widgetType":"motta-icon-box","elType":"widget"}],"isInner":false,"elType":"column"}],"isInner":false,"elType":"section"},{"id":"65908947","settings":{"hide_mobile":"hidden-mobile"},"elements":[{"id":"4de1ff4e","settings":{"_column_size":100,"_inline_size":null,"padding":{"unit":"px","top":"0","right":"16","bottom":"0","left":"16","isLinked":false}},"elements":[{"id":"25b29628","settings":{"text":"Divider","color":"#ECF0F4","gap":{"unit":"px","size":14,"sizes":[]}},"elements":[],"isInner":false,"widgetType":"divider","elType":"widget"}],"isInner":false,"elType":"column"}],"isInner":false,"elType":"section"},{"id":"f02f296","settings":{"structure":"50","border_border":"solid","border_width":{"unit":"px","top":"0","right":"0","bottom":"0","left":"0","isLinked":false},"border_color":"#ECF0F4","margin":{"unit":"px","top":"","right":0,"bottom":"","left":0,"isLinked":true},"padding":{"unit":"px","top":"18","right":"0","bottom":"0","left":"0","isLinked":false},"border_width_mobile":{"unit":"px","top":"1","right":"0","bottom":"0","left":"0","isLinked":false},"padding_mobile":{"unit":"px","top":"10","right":"0","bottom":"0","left":"0","isLinked":false}},"elements":[{"id":"244c8e22","settings":{"_column_size":20,"_inline_size":18,"_inline_size_tablet":25,"padding_mobile":{"unit":"px","top":"16","right":"16","bottom":"0","left":"16","isLinked":false}},"elements":[{"id":"28a045fb","settings":{"title":"Get to Know Us","list_menu":"footer-know-us","spacing":{"unit":"px","size":10,"sizes":[]},"menu_items":[{"title_menu":"Menu item 1","_id":"4c380bd"},{"title_menu":"Menu item 2","_id":"a5bef50"},{"title_menu":"Menu item 3","_id":"14bed9f"}],"toggle_menu_mobile":"yes","typography_typography":"custom"},"elements":[],"isInner":false,"widgetType":"motta-navigation-menu","elType":"widget"},{"id":"1362a087","settings":{"text":"Divider","color":"#ECF0F4","gap_mobile":{"unit":"px","size":19,"sizes":[]},"hide_desktop":"hidden-desktop","hide_tablet":"hidden-tablet"},"elements":[],"isInner":false,"widgetType":"divider","elType":"widget"}],"isInner":false,"elType":"column"},{"id":"4bcb8c11","settings":{"_column_size":20,"_inline_size":18,"_inline_size_tablet":25,"padding_mobile":{"unit":"px","top":"0","right":"16","bottom":"0","left":"16","isLinked":false}},"elements":[{"id":"4e5bc2dd","settings":{"title":"Customer Service","list_menu":"footer-service","spacing":{"unit":"px","size":10,"sizes":[]},"menu_items":[{"title_menu":"Menu item 1","_id":"1adc015"},{"title_menu":"Menu item 2","_id":"e33d5fd"},{"title_menu":"Menu item 3","_id":"3a282d8"}],"toggle_menu_mobile":"yes"},"elements":[],"isInner":false,"widgetType":"motta-navigation-menu","elType":"widget"},{"id":"489b319c","settings":{"text":"Divider","color":"#ECF0F4","gap_mobile":{"unit":"px","size":19,"sizes":[]},"hide_desktop":"hidden-desktop","hide_tablet":"hidden-tablet"},"elements":[],"isInner":false,"widgetType":"divider","elType":"widget"}],"isInner":false,"elType":"column"},{"id":"50733a44","settings":{"_column_size":20,"_inline_size":18,"_inline_size_tablet":25,"padding_mobile":{"unit":"px","top":"0","right":"16","bottom":"0","left":"16","isLinked":false}},"elements":[{"id":"43fcb259","settings":{"title":"Orders & Returns","list_menu":"footer-orders-returns","spacing":{"unit":"px","size":10,"sizes":[]},"menu_items":[{"title_menu":"Menu item 1","_id":"89c522a"},{"title_menu":"Menu item 2","_id":"60a87da"},{"title_menu":"Menu item 3","_id":"4306d95"}],"toggle_menu_mobile":"yes"},"elements":[],"isInner":false,"widgetType":"motta-navigation-menu","elType":"widget"},{"id":"65446973","settings":{"text":"Divider","color":"#ECF0F4","gap_mobile":{"unit":"px","size":19,"sizes":[]},"hide_desktop":"hidden-desktop","hide_tablet":"hidden-tablet"},"elements":[],"isInner":false,"widgetType":"divider","elType":"widget"}],"isInner":false,"elType":"column"},{"id":"4d3ffc7b","settings":{"_column_size":20,"_inline_size":16.5,"_inline_size_tablet":25,"padding_mobile":{"unit":"px","top":"0","right":"16","bottom":"0","left":"16","isLinked":false}},"elements":[{"id":"3a808f9c","settings":{"title":"Legal","list_menu":"footer-policy","spacing":{"unit":"px","size":10,"sizes":[]},"menu_items":[{"title_menu":"Menu item 1","_id":"40437ac"},{"title_menu":"Menu item 2","_id":"01c7f80"},{"title_menu":"Menu item 3","_id":"353b88e"}],"toggle_menu_mobile":"yes"},"elements":[],"isInner":false,"widgetType":"motta-navigation-menu","elType":"widget"},{"id":"725635d7","settings":{"text":"Divider","color":"#ECF0F4","gap_mobile":{"unit":"px","size":19,"sizes":[]},"hide_desktop":"hidden-desktop","hide_tablet":"hidden-tablet"},"elements":[],"isInner":false,"widgetType":"divider","elType":"widget"}],"isInner":false,"elType":"column"},{"id":"3d99022d","settings":{"_column_size":20,"_inline_size":29.5,"_inline_size_tablet":100,"space_between_widgets":0,"padding_mobile":{"unit":"px","top":"3","right":"16","bottom":"14","left":"16","isLinked":false}},"elements":[{"id":"25de03d7","settings":{"title":"Let\u2019s keep in touch","title_size":"h6","typography_typography":"custom","typography_font_weight":"500","spacing":{"unit":"px","size":20,"sizes":[]}},"elements":[],"isInner":false,"widgetType":"motta-heading","elType":"widget"},{"id":"616e18f4","settings":{"editor":"<div>Get recommendations, tips, updates and more.<\/div>","text_color":"#7C818B","typography_typography":"custom","typography_font_size":{"unit":"px","size":14,"sizes":[]},"typography_font_weight":"normal","_padding":{"unit":"px","top":"0","right":"0","bottom":"11","left":"0","isLinked":false}},"elements":[],"isInner":false,"widgetType":"text-editor","elType":"widget"},{"id":"15bbd125","settings":{"form_id":"192","style":"medium","_margin":{"unit":"px","top":"0","right":"0","bottom":"30","left":"0","isLinked":false},"form_shortcode":"[mc4wp_form id=\"192\"]","form_height":{"unit":"px","size":44,"sizes":[]},"button_padding":{"unit":"px","top":"0","right":"20","bottom":"0","left":"20","isLinked":false},"button_options":"yes","button_width":{"unit":"px","size":105,"sizes":[]}},"elements":[],"isInner":false,"widgetType":"motta-subscribe-box","elType":"widget"},{"id":"3a4a9bcd","settings":{"title":"Stay Connected","title_size":"h6","typography_typography":"custom","typography_font_weight":"500","spacing":{"unit":"px","size":11,"sizes":[]}},"elements":[],"isInner":false,"widgetType":"motta-heading","elType":"widget"},{"id":"55152887","settings":{"social_icon_list":[{"social_icon":{"value":"fab fa-twitter","library":"fa-brands"},"_id":"48272a2","link":{"url":"https:\/\/twitter.com\/motta.uix.store","is_external":"true","nofollow":"","custom_attributes":""}},{"social_icon":{"value":"fab fa-facebook-square","library":"fa-brands"},"_id":"4c9cfd4","link":{"url":"https:\/\/www.facebook.com\/motta.uix.store","is_external":"true","nofollow":"","custom_attributes":""}},{"social_icon":{"value":"fab fa-youtube","library":"fa-brands"},"_id":"c175218","link":{"url":"https:\/\/www.youtube.com\/motta.uix.store","is_external":"true","nofollow":"","custom_attributes":""}},{"_id":"cfb8721","social_icon":{"value":"fab fa-instagram","library":"fa-brands"},"link":{"url":"https:\/\/www.instagram.com\/motta.uix.store\/","is_external":"true","nofollow":"","custom_attributes":""}},{"_id":"65b6e37","social_icon":{"value":"fab fa-whatsapp","library":"fa-brands"},"link":{"url":"https:\/\/www.whatsapp.com\/motta.uix.store","is_external":"true","nofollow":"","custom_attributes":""}}],"icon_spacing":{"unit":"px","size":"","sizes":[]},"_margin_mobile":{"unit":"px","top":"0","right":"0","bottom":"2","left":"0","isLinked":false},"icon_spacing_mobile":{"unit":"px","size":27,"sizes":[]}},"elements":[],"isInner":false,"widgetType":"motta-social-icons","elType":"widget"}],"isInner":false,"elType":"column"}],"isInner":false,"elType":"section"},{"id":"4b0ea81f","settings":{"hide_mobile":"hidden-mobile"},"elements":[{"id":"44589838","settings":{"_column_size":100,"_inline_size":null,"padding":{"unit":"px","top":"0","right":"16","bottom":"0","left":"16","isLinked":false}},"elements":[{"id":"7110e39f","settings":{"text":"Divider","color":"#ECF0F4","gap":{"unit":"px","size":14,"sizes":[]}},"elements":[],"isInner":false,"widgetType":"divider","elType":"widget"}],"isInner":false,"elType":"column"}],"isInner":false,"elType":"section"},{"id":"22af8e07","settings":{"structure":"30","border_border":"solid","border_width":{"unit":"px","top":"0","right":"0","bottom":"0","left":"0","isLinked":true},"border_width_mobile":{"unit":"px","top":"1","right":"0","bottom":"0","left":"0","isLinked":false},"border_color":"#ECF0F4","padding":{"unit":"px","top":"0","right":"0","bottom":"10","left":"0","isLinked":false}},"elements":[{"id":"8efc277","settings":{"_column_size":33,"_inline_size":null,"padding_mobile":{"unit":"px","top":"16","right":"16","bottom":"0","left":"16","isLinked":false}},"elements":[{"id":"4cf399ac","settings":{"editor":"<span>Copyright \u00a9 [motta_year] Motta, All rights reserved.<\/span>","text_color":"#1D2128","__globals__":{"typography_typography":""},"typography_typography":"custom","typography_font_size":{"unit":"px","size":14,"sizes":[]},"typography_font_weight":"normal","align_mobile":"center","_margin_mobile":{"unit":"px","top":"4","right":"0","bottom":"18","left":"0","isLinked":false},"_border_border":"solid","_border_width":{"unit":"px","top":"0","right":"0","bottom":"0","left":"0","isLinked":true},"_border_width_mobile":{"unit":"px","top":"0","right":"0","bottom":"1","left":"0","isLinked":false},"_border_color":"#ECF0F4"},"elements":[],"isInner":false,"widgetType":"text-editor","elType":"widget"}],"isInner":false,"elType":"column"},{"id":"8b8a0b1","settings":{"_column_size":33,"_inline_size":56.957,"padding_mobile":{"unit":"px","top":"0","right":"16","bottom":"0","left":"16","isLinked":false}},"elements":[{"id":"457fe27f","settings":{"images":[{"_id":"f36779e","image":{"url":"https:\/\/motta.uix.store\/wp-content\/uploads\/2021\/12\/footer-bank-transfer.png","id":14322,"alt":"","source":"library"}},{"_id":"5bc4d8a","image":{"url":"https:\/\/motta.uix.store\/wp-content\/uploads\/2021\/12\/footer-visa.png","id":14325,"alt":"","source":"library"}},{"_id":"6ac4fd8","image":{"url":"https:\/\/motta.uix.store\/wp-content\/uploads\/2021\/12\/footer-mastercard.png","id":14323,"alt":"","source":"library"}},{"image":{"url":"https:\/\/motta.uix.store\/wp-content\/uploads\/2021\/12\/footer-paypal.png","id":14324,"alt":"","source":"library"},"_id":"1e45b65"}],"slides_horizontal_position":"right","spacing_image_item":{"unit":"px","size":23,"sizes":[]},"spacing_image_item_mobile":{"unit":"px","size":11,"sizes":[]},"_margin":{"unit":"px","top":"5","right":"0","bottom":"0","left":"0","isLinked":false}},"elements":[],"isInner":false,"widgetType":"motta-image-grid","elType":"widget"}],"isInner":false,"elType":"column"},{"id":"69a50233","settings":{"_column_size":33,"_inline_size":9.348,"content_position":"center"},"elements":[{"id":"79bfa23d","settings":{"align":"flex-end","flag":"yes","language_color":"#7C818B","currency":""},"elements":[],"isInner":false,"widgetType":"motta-preferences","elType":"widget"}],"isInner":false,"elType":"column"}],"isInner":false,"elType":"section"}],"page_settings":[],"version":"0.4","title":"footer-v6","type":"page"}