{"content":[{"id":"58f08bd6","settings":{"structure":"40","margin":{"unit":"px","top":"","right":0,"bottom":"","left":0,"isLinked":true},"margin_mobile":{"unit":"px","top":"","right":0,"bottom":"","left":0,"isLinked":true},"padding":{"unit":"px","top":"75","right":"0","bottom":"35","left":"0","isLinked":false},"padding_tablet":{"unit":"px","top":"80","right":"0","bottom":"80","left":"0","isLinked":false},"padding_mobile":{"unit":"px","top":"40","right":"20","bottom":"40","left":"36","isLinked":false}},"elements":[{"id":"617f0e46","settings":{"_column_size":25,"_inline_size":8.33,"_inline_size_tablet":100},"elements":[],"isInner":false,"elType":"column"},{"id":"342d762f","settings":{"_column_size":25,"_inline_size":32,"_inline_size_tablet":33},"elements":[{"id":"70c54457","settings":{"icon":{"value":{"url":"https:\/\/motta.uix.store\/wp-content\/uploads\/2022\/09\/help-fv4.svg","id":14157},"library":"svg"},"title":"How can we help you today?","description":"","button":"Help Center","position":"left","icon_spacing":{"unit":"px","size":12,"sizes":[]},"icon_size":{"unit":"px","size":30,"sizes":[]},"title_spacing":{"unit":"px","size":0,"sizes":[]},"position_tablet":"left","position_mobile":"left","title_size":"div","title_typography_typography":"custom","title_typography_font_size":{"unit":"px","size":14,"sizes":[]},"title_typography_font_weight":"500","button_underline":"show","image":{"id":7889,"url":"http:\/\/localhost:3000:3000\/dev\/motta\/wp-content\/uploads\/sites\/12\/2022\/07\/placeholder-1.png"},"primary_button_text":"Help Center","primary_button_link":{"url":"https:\/\/motta.uix.store\/faq-v1\/","is_external":"","nofollow":"","custom_attributes":""},"description_typography_typography":"custom","primary_button_typography_typography":"custom","primary_button_typography_font_weight":"400"},"elements":[],"isInner":false,"widgetType":"motta-icon-box","elType":"widget"}],"isInner":false,"elType":"column"},{"id":"518e053f","settings":{"_column_size":25,"_inline_size":27,"_inline_size_tablet":33},"elements":[{"id":"7f8ae777","settings":{"icon":{"value":{"url":"https:\/\/motta.uix.store\/wp-content\/uploads\/2022\/07\/contact-fv4.svg","id":14218},"library":"svg"},"title":"Didn't find what you were looking for?","description":"","button":"Contact Us","position":"left","icon_spacing":{"unit":"px","size":12,"sizes":[]},"icon_size":{"unit":"px","size":30,"sizes":[]},"title_spacing":{"unit":"px","size":0,"sizes":[]},"position_tablet":"left","position_mobile":"left","title_size":"div","title_typography_typography":"custom","title_typography_font_size":{"unit":"px","size":14,"sizes":[]},"title_typography_font_weight":"500","button_underline":"show","image":{"id":7888,"url":"http:\/\/localhost:3000:3000\/dev\/motta\/wp-content\/uploads\/sites\/12\/2022\/07\/placeholder.png"},"primary_button_text":"Contact Us","primary_button_link":{"url":"https:\/\/motta.uix.store\/contact-us-v1\/","is_external":"","nofollow":"","custom_attributes":""},"description_typography_typography":"custom","primary_button_typography_typography":"custom","primary_button_typography_font_weight":"400"},"elements":[],"isInner":false,"widgetType":"motta-icon-box","elType":"widget"}],"isInner":false,"elType":"column"},{"id":"5c423e55","settings":{"_column_size":25,"_inline_size":32.67,"_inline_size_tablet":33},"elements":[{"id":"3e5cacdc","settings":{"icon":{"value":{"url":"https:\/\/motta.uix.store\/wp-content\/uploads\/2022\/07\/feedback-fv4.svg","id":14219},"library":"svg"},"title":"We\u2019d love to hear what you think!","description":"","button":"Give Feedback","position":"left","icon_spacing":{"unit":"px","size":12,"sizes":[]},"icon_size":{"unit":"px","size":30,"sizes":[]},"title_spacing":{"unit":"px","size":0,"sizes":[]},"position_tablet":"left","position_mobile":"left","title_size":"div","title_typography_typography":"custom","title_typography_font_size":{"unit":"px","size":14,"sizes":[]},"title_typography_font_weight":"500","button_underline":"show","image":{"id":7890,"url":"http:\/\/localhost:3000:3000\/dev\/motta\/wp-content\/uploads\/sites\/12\/2022\/07\/placeholder-2.png"},"primary_button_text":"Give Feedback","primary_button_link":{"url":"https:\/\/motta.uix.store\/contact-us-v2\/","is_external":"","nofollow":"","custom_attributes":""},"description_typography_typography":"custom","primary_button_typography_typography":"custom","primary_button_typography_font_weight":"400"},"elements":[],"isInner":false,"widgetType":"motta-icon-box","elType":"widget"}],"isInner":false,"elType":"column"}],"isInner":false,"elType":"section"},{"id":"4d64db5d","settings":{"structure":"20","padding":{"unit":"px","top":"015","right":"0","bottom":"0","left":"0","isLinked":false},"padding_mobile":{"unit":"px","top":"0","right":"0","bottom":"0","left":"0","isLinked":true}},"elements":[{"id":"260a47a0","settings":{"_column_size":50,"_inline_size":null,"padding":{"unit":"px","top":"15","right":"12","bottom":"5","left":"12","isLinked":false}},"elements":[{"id":"30538dbe","settings":{"editor":"Copyright \u00a9 [motta_year] Motta, All rights reserved. <strong><a href=\"#\"><br class=\"hidden-lg hidden-md hidden-sm\" \/><span style=\"text-decoration: underline;\">Privacy Notice Terms of Use<\/span><\/a><\/strong>","text_color":"#1D2128","__globals__":{"typography_typography":""},"typography_typography":"custom","typography_font_size":{"unit":"px","size":12,"sizes":[]},"typography_font_weight":"normal","align_mobile":"center","_padding":{"unit":"px","top":"0","right":"0","bottom":"05","left":"0","isLinked":false},"typography_line_height_mobile":{"unit":"em","size":2,"sizes":[]}},"elements":[],"isInner":false,"widgetType":"text-editor","elType":"widget"}],"isInner":false,"elType":"column"},{"id":"52d19845","settings":{"_column_size":50,"_inline_size":null},"elements":[{"id":"27ee7379","settings":{"align":"flex-end","align_mobile":"center"},"elements":[],"isInner":false,"widgetType":"motta-preferences","elType":"widget"}],"isInner":false,"elType":"column"}],"isInner":false,"elType":"section"}],"page_settings":{"motta_content_top_spacing":"no","motta_content_bottom_spacing":"no","footer_layout":"7791","motta_hide_page_header":"1","motta_hide_topbar":"1","motta_hide_campain_bar":"1","header_layout":"v12"},"version":"0.4","title":"footer-for-404","type":"page"}