{"content":[{"id":"37a13752","settings":{"padding":{"unit":"px","top":"012","right":"0","bottom":"0","left":"0","isLinked":false}},"elements":[{"id":"41722290","settings":{"_column_size":100,"_inline_size":null,"padding_mobile":{"unit":"px","top":"8","right":"16","bottom":"8","left":"16","isLinked":false}},"elements":[{"id":"7fc84470","settings":{"structure":"40","background_background":"classic","background_image":{"id":9913,"url":"https:\/\/motta.uix.store\/wp-content\/uploads\/2022\/07\/homev5-banner01.jpg","alt":"","source":"library"},"gap":"no","content_position":"middle","padding":{"unit":"px","top":"36","right":"154","bottom":"36","left":"154","isLinked":false},"padding_tablet":{"unit":"px","top":"32","right":"0","bottom":"30","left":"0","isLinked":false},"border_radius":{"unit":"px","top":"8","right":"8","bottom":"8","left":"8","isLinked":true}},"elements":[{"id":"50cfaf6d","settings":{"_column_size":25,"_inline_size":29,"_inline_size_tablet":100,"padding":{"unit":"px","top":"0","right":"0","bottom":"0","left":"0","isLinked":true}},"elements":[{"id":"2376b264","settings":{"title":"It\u2019s Sale Time","title_size":"h3","align_tablet":"center","title_color":"#BA3C5F","typography_typography":"custom","typography_font_weight":"500","typography_line_height_tablet":{"unit":"px","size":28,"sizes":[]},"typography_line_height_mobile":{"unit":"px","size":"","sizes":[]},"spacing_tablet":{"unit":"px","size":15,"sizes":[]},"typography_font_size":{"unit":"px","size":32,"sizes":[]}},"elements":[],"isInner":false,"widgetType":"motta-heading","elType":"widget"}],"isInner":true,"elType":"column"},{"id":"2b5bc8d8","settings":{"_column_size":25,"_inline_size":28,"_inline_size_tablet":100,"padding":{"unit":"px","top":"0","right":"0","bottom":"0","left":"0","isLinked":true}},"elements":[{"id":"4ef9af1b","settings":{"title":"Up To 25% Off Everything<br class=\"hidden-xs hidden-sm\"\/>\n<span style=\"background: url(http:\/\/localhost\/dev\/motta\/wp-content\/uploads\/sites\/12\/2022\/07\/homev5-wave.png) no-repeat bottom center;\">Code : GET25<\/span>","title_size":"div","align_tablet":"center","before_title_color":"#BA3C5F","before_title_typography_typography":"custom","before_title_typography_font_size":{"unit":"px","size":14,"sizes":[]},"before_title_typography_font_weight":"500","before_title_typography_line_height":{"unit":"px","size":22,"sizes":[]},"title_color":"#BA3C5F","typography_typography":"custom","typography_font_size":{"unit":"px","size":16,"sizes":[]},"typography_font_weight":"500","typography_line_height":{"unit":"px","size":22,"sizes":[]}},"elements":[],"isInner":false,"widgetType":"motta-heading","elType":"widget"}],"isInner":true,"elType":"column"},{"id":"2ae3f9ac","settings":{"_column_size":25,"_inline_size":23.753,"_inline_size_tablet":50,"padding":{"unit":"px","top":"0","right":"0","bottom":"0","left":"0","isLinked":true},"hide_tablet":"hidden-tablet","hide_mobile":"hidden-mobile"},"elements":[{"id":"609113cc","settings":{"title":"Discover More","link":{"url":"#","is_external":"","nofollow":"","custom_attributes":""},"skin":"ghost","shape":"round","size":"medium","align":"","align_tablet":"center","color":"#BA3C5F","border_color":"#BA3C5F","hover_background_color":"#02010100","padding":{"unit":"px","top":"0","right":"34","bottom":"0","left":"34","isLinked":false},"primary_button_text":"Discover More","primary_button_link":{"url":"https:\/\/motta.uix.store\/shop\/","is_external":"","nofollow":"","custom_attributes":""},"primary_button_skin":"ghost","primary_button_typography_typography":"custom","primary_button_options":"yes","primary_button_width":{"unit":"px","size":155,"sizes":[]},"primary_button_background_color":"#02010100","primary_button_color":"#BA3C5F","primary_button_border_color":"#BA3C5F"},"elements":[],"isInner":false,"widgetType":"motta-button","elType":"widget"}],"isInner":true,"elType":"column"},{"id":"54bda58","settings":{"_column_size":25,"_inline_size":19,"_inline_size_tablet":50,"padding":{"unit":"px","top":"0","right":"0","bottom":"0","left":"0","isLinked":true},"hide_tablet":"hidden-tablet","hide_mobile":"hidden-mobile"},"elements":[{"id":"65da375","settings":{"before_title":"Limited time only.","title":"Limited time only.","title_size":"div","align_tablet":"center","before_title_color":"#BA3C5F","before_title_typography_typography":"custom","before_title_typography_font_size":{"unit":"px","size":12,"sizes":[]},"before_title_typography_font_weight":"400","before_title_typography_line_height":{"unit":"px","size":18,"sizes":[]},"title_color":"#BA3C5F","typography_typography":"custom","typography_font_size":{"unit":"px","size":14,"sizes":[]},"typography_font_weight":"400","typography_line_height":{"unit":"px","size":18,"sizes":[]}},"elements":[],"isInner":false,"widgetType":"motta-heading","elType":"widget"},{"id":"6f0fef4a","settings":{"before_title":"Limited time only.","title":"Excludes selected lines.","title_size":"div","align_tablet":"center","before_title_color":"#BA3C5F","before_title_typography_typography":"custom","before_title_typography_font_size":{"unit":"px","size":12,"sizes":[]},"before_title_typography_font_weight":"400","before_title_typography_line_height":{"unit":"px","size":18,"sizes":[]},"title_color":"#BA3C5F","typography_typography":"custom","typography_font_size":{"unit":"px","size":14,"sizes":[]},"typography_font_weight":"400","typography_line_height":{"unit":"px","size":18,"sizes":[]}},"elements":[],"isInner":false,"widgetType":"motta-heading","elType":"widget"}],"isInner":true,"elType":"column"}],"isInner":true,"elType":"section"}],"isInner":false,"elType":"column"}],"isInner":false,"elType":"section"},{"id":"44a392d9","settings":{"structure":"22"},"elements":[{"id":"bd517e4","settings":{"_column_size":66,"_inline_size":null,"padding_mobile":{"unit":"px","top":"8","right":"16","bottom":"8","left":"16","isLinked":false}},"elements":[{"id":"1dfc44d5","settings":{"slides":[{"title":"Felly Fan","description":"<p>The summer without wind has lost the whole world.<\/p>","button_text":"Shop Now","_id":"615c923","banner_background_img":{"id":9917,"url":"https:\/\/motta.uix.store\/wp-content\/uploads\/2022\/07\/homev5-slider-1.jpg","alt":"","source":"library"},"before_title":"Appliances","custom_style":"yes","before_heading_custom_color":"#FFFFFF","title_custom_color":"#FFFFFF","content_custom_color":"#FFFFFF","btn_custom_bgcolor":"#FFFFFF","btn_custom_color":"#AD6655","subtitle":"Appliances","subtitle_custom_color":"#FFFFFF","primary_button_text":"Shop Now","custom_button_options":"yes","custom_button_background_color":"#FFFFFF","custom_button_color":"#AD6655","primary_button_link":{"url":"https:\/\/motta.uix.store\/product-category\/homegarden\/appliances\/","is_external":"","nofollow":"","custom_attributes":""}},{"title":"Let's<br class=\"hidden-xs\"\/>\nDecorate","description":"Excellent quality and exclusive natural\nmaterials ","button_text":"Shop Now","_id":"e21837f","banner_background_img":{"id":9918,"url":"https:\/\/motta.uix.store\/wp-content\/uploads\/2022\/07\/homev5-slider-2.jpg","alt":"","source":"library"},"before_title":"introducing","subtitle":"Introducing","primary_button_text":"Shop Now","primary_button_link":{"url":"https:\/\/motta.uix.store\/product-category\/homegarden\/home-decor\/","is_external":"","nofollow":"","custom_attributes":""}},{"title":"Drawsher","description":"Washing machine with dehumidifier","button_text":"Shop Now","_id":"b544246","banner_background_img":{"id":9919,"url":"https:\/\/motta.uix.store\/wp-content\/uploads\/2022\/07\/homev5-slider3.jpg","alt":"","source":"library"},"before_title":"Electron\u0131cs","subtitle":"Electronics","primary_button_text":"Shop Now","primary_button_link":{"url":"https:\/\/motta.uix.store\/product-category\/electronics\/","is_external":"","nofollow":"","custom_attributes":""}}],"slides_height":{"unit":"px","size":480,"sizes":[]},"sliders_arrow_style":"yes","arrows_spacing":{"unit":"%","size":80.3,"sizes":[]},"arrows_spacing_tablet":{"unit":"%","size":69.3,"sizes":[]},"arrows_spacing_mobile":{"unit":"%","size":"","sizes":[]},"arrows_spacing_vertical":{"unit":"px","size":48,"sizes":[]},"arrows_spacing_vertical_tablet":{"unit":"%","size":"","sizes":[]},"arrows_spacing_vertical_mobile":{"unit":"%","size":"","sizes":[]},"shape":"round","btn_bgcolor":"#1D2128","autoplay":"","slides_radius":{"unit":"px","top":"6","right":"6","bottom":"6","left":"6","isLinked":true},"before_title_spacing":{"unit":"px","size":9,"sizes":[]},"title_typography_typography":"custom","title_typography_font_size":{"unit":"px","size":54,"sizes":[]},"title_typography_line_height":{"unit":"px","size":56,"sizes":[]},"description_typography_typography":"custom","description_typography_line_height":{"unit":"px","size":20,"sizes":[]},"btn_padding":{"unit":"px","top":"6","right":"39","bottom":"6","left":"39","isLinked":false},"slides_height_tablet":{"unit":"px","size":400,"sizes":[]},"slides_height_mobile":{"unit":"px","size":240,"sizes":[]},"navigation_mobile":"dots","before_title_typography_typography":"custom","before_title_typography_font_size_mobile":{"unit":"px","size":10,"sizes":[]},"before_title_typography_line_height_mobile":{"unit":"px","size":"","sizes":[]},"title_typography_font_size_mobile":{"unit":"px","size":32,"sizes":[]},"title_typography_line_height_mobile":{"unit":"px","size":32,"sizes":[]},"size":"small","btn_padding_mobile":{"unit":"px","top":"0","right":"20","bottom":"0","left":"20","isLinked":false},"sliders_dots_style":"yes","sliders_dots_bgcolor":"#00000033","sliders_dots_ac_bgcolor":"#FFFFFF","sliders_dots_spacing_mobile":{"unit":"px","size":17,"sizes":[]},"slides_layout":"center","description_spacing_mobile":{"unit":"px","size":10,"sizes":[]},"arrows_position":"left-bottom","sliders_arrows_horizontal_spacing":{"unit":"px","size":48,"sizes":[]},"sliders_dots_position":"left","sliders_dots_vertical_spacing_mobile":{"unit":"px","size":16,"sizes":[]},"sliders_dots_horizontal_spacing_mobile":{"unit":"px","size":20,"sizes":[]},"sliders_dot_item_color":"#FFFFFF57","sliders_dot_item_active_color":"#FFFFFF","slides_content_width":{"unit":"px","size":332,"sizes":[]},"slides_content_width_tablet":{"unit":"px","size":320,"sizes":[]},"slides_content_width_mobile":{"unit":"px","size":200,"sizes":[]},"sliders_arrows_horizontal_spacing_tablet":{"unit":"px","size":30,"sizes":[]},"slides_content_padding_tablet":{"unit":"px","top":"30","right":"30","bottom":"30","left":"30","isLinked":true},"slides_content_padding_mobile":{"unit":"px","top":"24","right":"0","bottom":"0","left":"24","isLinked":false},"primary_button_options":"yes","primary_button_width":{"unit":"px","size":136,"sizes":[]},"primary_button_background_color":"#1D2128","subtitle_spacing":{"unit":"px","size":10,"sizes":[]},"primary_button_typography_typography":"custom","primary_button_typography_font_size_mobile":{"unit":"px","size":11,"sizes":[]},"primary_button_width_mobile":{"unit":"px","size":100,"sizes":[]},"primary_button_height_mobile":{"unit":"px","size":32,"sizes":[]},"sliders_arrows_size":{"unit":"px","size":16,"sizes":[]},"slides_text_align":"","subtitle_typography_typography":"custom","subtitle_typography_font_size":{"unit":"px","size":11,"sizes":[]}},"elements":[],"isInner":false,"widgetType":"motta-slides","elType":"widget"}],"isInner":false,"elType":"column"},{"id":"3ce400b2","settings":{"_column_size":33,"_inline_size":null,"padding_mobile":{"unit":"px","top":"8","right":"16","bottom":"8","left":"16","isLinked":false}},"elements":[{"id":"6a34710b","settings":{"image":{"id":9958,"url":"https:\/\/motta.uix.store\/wp-content\/uploads\/2022\/07\/homev5-limited-time-offer.png","alt":"","source":"library"},"title":"Nite Jogger","description":"Up to 40% off Women Sneakers","button_text":"Shop Now","countdown_text":"Limited Time Offer","countdown_date":"2022-06-28 12:00","slides_horizontal_position":"center","slides_vertical_position":"bottom","slides_text_align":"center","border_radius_img":{"unit":"px","top":"6","right":"6","bottom":"6","left":"6","isLinked":true},"height":{"unit":"px","size":480,"sizes":[]},"countdown_position_x":{"unit":"%","size":34,"sizes":[]},"countdown_position_x_tablet":{"unit":"%","size":"","sizes":[]},"countdown_position_x_mobile":{"unit":"%","size":35,"sizes":[]},"countdown_position_y":{"unit":"px","size":39,"sizes":[]},"countdown_position_y_tablet":{"unit":"%","size":"","sizes":[]},"countdown_position_y_mobile":{"unit":"px","size":-42,"sizes":[]},"countdown_text_typography":"custom","countdown_text_font_size":{"unit":"px","size":14,"sizes":[]},"countdown_text_font_weight":"500","countdown_text_text_transform":"capitalize","countdown_text_color":"#7C3B31","countdown_bgcolor":"#FFFFFF","countdown_color":"#7C3B31","countdown_padding":{"unit":"px","top":"15","right":"0","bottom":"13","left":"0","isLinked":false},"countdown_digits_size_typography":"custom","countdown_digits_size_font_size":{"unit":"px","size":18,"sizes":[]},"countdown_digits_size_font_weight":"500","countdown_divider_size_typography":"custom","countdown_divider_size_font_size":{"unit":"px","size":16,"sizes":[]},"countdown_divider_size_font_weight":"500","countdown_divider_xy":{"unit":"px","top":"-2","right":"-3","bottom":0,"left":0,"isLinked":false},"countdown_radius":{"unit":"px","top":"6","right":"6","bottom":"6","left":"6","isLinked":true},"countdown_digits_size_line_height":{"unit":"px","size":16,"sizes":[]},"countdown_text_spacing":{"unit":"px","size":0,"sizes":[]},"countdown_text_line_height":{"unit":"px","size":32,"sizes":[]},"countdown_digits_spacing":{"unit":"px","size":16,"sizes":[]},"enable_time_text":"yes","time_text_size_typography":"custom","time_text_size_font_size":{"unit":"px","size":11,"sizes":[]},"time_text_size_font_weight":"500","time_text_size_text_transform":"capitalize","time_text_size_line_height":{"unit":"px","size":15,"sizes":[]},"time_text_color":"#7C3B31","before_title_typography_font_size":{"unit":"px","size":24,"sizes":[]},"before_title_typography_font_weight":"700","before_title_typography_line_height":{"unit":"px","size":32,"sizes":[]},"title_spacing":{"unit":"px","size":6,"sizes":[]},"title_typography_typography":"custom","title_typography_font_size":{"unit":"px","size":28,"sizes":[]},"title_typography_font_weight":"700","title_typography_line_height":{"unit":"px","size":32,"sizes":[]},"title_color":"#7C3B31","desc_color":"#7C3B31","skin":"subtle","button_color":"#7C3B31","countdown_box_shadow_color":"#8A735429","background_position":"center center","background_position_mobile":"left center","background_size_mobile":"contain","height_tablet":{"unit":"px","size":400,"sizes":[]},"height_mobile":{"unit":"px","size":140,"sizes":[]},"image_mobile":{"url":"","id":"","alt":"","source":"library"},"countdown_padding_mobile":{"unit":"px","top":"6","right":"10","bottom":"6","left":"10","isLinked":false},"countdown_digits_size_font_size_mobile":{"unit":"px","size":10,"sizes":[]},"countdown_digits_size_line_height_mobile":{"unit":"px","size":10,"sizes":[]},"countdown_digits_spacing_mobile":{"unit":"px","size":4,"sizes":[]},"countdown_divider_size_font_size_mobile":{"unit":"px","size":10,"sizes":[]},"countdown_divider_size_line_height_mobile":{"unit":"px","size":"","sizes":[]},"countdown_divider_xy_mobile":{"unit":"px","top":"-1","right":"0","bottom":0,"left":0,"isLinked":false},"content_spacing_mobile":{"unit":"%","top":"0","right":"0","bottom":"0","left":"49","isLinked":false},"title_spacing_mobile":{"unit":"px","size":0,"sizes":[]},"title_typography_font_size_mobile":{"unit":"px","size":18,"sizes":[]},"desc_spacing_mobile":{"unit":"px","size":0,"sizes":[]},"desc_typography_typography":"custom","desc_typography_font_size_mobile":{"unit":"px","size":14,"sizes":[]},"background_size":"contain","banner_background_color":"#EDE5DE","background_repeat_mobile":"no-repeat","banner_horizontal_position":"center","banner_horizontal_position_mobile":"center","banner_vertical_position_mobile":"top","banner_text_align":"center","banner_spacing":{"unit":"px","top":"20","right":"20","bottom":"20","left":"20","isLinked":false},"banner_spacing_mobile":{"unit":"px","top":"0","right":"17","bottom":"0","left":"20","isLinked":false},"content_text_align_mobile":"center","section_countdown_flexible_items_mobile":"row","section_countdown_background_color_mobile":"#FFFFFF","section_countdown_border_radius_mobile":{"unit":"px","top":"8","right":"8","bottom":"8","left":"8","isLinked":true},"section_countdown_padding_mobile":{"unit":"px","top":"0","right":"0","bottom":"0","left":"10","isLinked":false},"section_countdown_spacing":{"unit":"px","size":273,"sizes":[]},"section_countdown_spacing_tablet":{"unit":"px","size":175,"sizes":[]},"section_countdown_spacing_mobile":{"unit":"px","size":8,"sizes":[]},"countdown_text_spacing_mobile":{"unit":"px","size":4,"sizes":[]},"section_countdown_spacing_top_mobile":{"unit":"px","size":-5,"sizes":[]},"countdown_text_font_size_mobile":{"unit":"px","size":11,"sizes":[]},"countdown_text_line_height_mobile":{"unit":"em","size":1,"sizes":[]},"primary_button_text":"Shop Now","primary_button_skin":"subtle","primary_button_options":"yes","primary_button_color":"#7C3B31","primary_button_link":{"url":"https:\/\/motta.uix.store\/product-category\/fashion\/man\/shoes-man\/","is_external":"","nofollow":"","custom_attributes":""},"countdown_digits_width":{"unit":"px","size":26,"sizes":[]},"youtube_url":"https:\/\/www.youtube.com\/watch?v=XHOmBV4js_E","countdown_digits_width_mobile":{"unit":"px","size":15,"sizes":[]},"time_text_size_font_size_mobile":{"unit":"px","size":0,"sizes":[]}},"elements":[],"isInner":false,"widgetType":"motta-banner","elType":"widget"}],"isInner":false,"elType":"column"}],"isInner":false,"elType":"section"},{"id":"a54da25","settings":{"padding":{"unit":"px","top":"15","right":"0","bottom":"0","left":"0","isLinked":false},"padding_mobile":{"unit":"px","top":"8","right":"0","bottom":"0","left":"0","isLinked":false}},"elements":[{"id":"1c7dd83b","settings":{"_column_size":100,"_inline_size":null,"padding_mobile":{"unit":"px","top":"16","right":"16","bottom":"4","left":"16","isLinked":false}},"elements":[{"id":"4a97732f","settings":{"title":"Popular Products","button_text":"See All Products","link":{"url":"#","is_external":"","nofollow":"","custom_attributes":""},"title_size":"h4","typography_font_size_mobile":{"unit":"px","size":18,"sizes":[]},"typography_font_weight":"500","button_color":"#1D2128","_padding":{"unit":"px","top":"3","right":"0","bottom":"0015","left":"0","isLinked":false},"typography_line_height_mobile":{"unit":"px","size":16,"sizes":[]},"_padding_mobile":{"unit":"px","top":"0","right":"0","bottom":"0","left":"0","isLinked":false},"button_text_mobile":"See All","primary_button_text":"See All Products","primary_mobile_button_text":"See All ","primary_button_link":{"url":"https:\/\/motta.uix.store\/shop\/","is_external":"","nofollow":"","custom_attributes":""},"size":"large","typography_typography":"custom"},"elements":[],"isInner":false,"widgetType":"motta-heading","elType":"widget"}],"isInner":false,"elType":"column"}],"isInner":false,"elType":"section"},{"id":"5242f78b","settings":{"margin_mobile":{"unit":"px","top":"","right":0,"bottom":"","left":0,"isLinked":true},"padding_mobile":{"unit":"px","top":"0","right":"0","bottom":"0","left":"0","isLinked":false},"padding":{"unit":"px","top":"0","right":"0","bottom":"16","left":"0","isLinked":false}},"elements":[{"id":"13c80510","settings":{"_column_size":100,"_inline_size":null},"elements":[{"id":"6a3f6b1e","settings":{"navigation_tablet":"arrows","navigation_mobile":"dots","autoplay":"","_margin_mobile":{"unit":"px","top":"0","right":"0","bottom":"5","left":"0","isLinked":false},"_padding_mobile":{"unit":"px","top":"0","right":"0","bottom":"18","left":"0","isLinked":false},"_border_border":"solid","_border_width":{"unit":"px","top":"0","right":"0","bottom":"0","left":"0","isLinked":true},"_border_width_mobile":{"unit":"px","top":"0","right":"0","bottom":"1","left":"0","isLinked":false},"_border_color":"#ECF0F4","limit":8,"slides_to_show_tablet":3,"show_border":"yes","sliders_dots_style":"yes","sliders_dots_spacing_top_mobile":{"unit":"px","size":20,"sizes":[]},"sliders_arrow_style":"yes","arrows_spacing_vertical":{"unit":"%","size":34,"sizes":[]},"arrows_spacing_vertical_tablet":{"unit":"%","size":"","sizes":[]},"arrows_spacing_vertical_mobile":{"unit":"%","size":"","sizes":[]},"sliders_arrows_vertical_spacing":{"unit":"%","size":31,"sizes":[]},"sliders_arrows_vertical_spacing_tablet":{"unit":"%","size":"","sizes":[]},"sliders_arrows_vertical_spacing_mobile":{"unit":"%","size":"","sizes":[]},"tag":["accessories"],"sliders_arrows_horizontal_spacing_tablet":{"unit":"px","size":0,"sizes":[]},"sliders_dots_vertical_spacing_mobile":{"unit":"px","size":10,"sizes":[]},"product_item_padding_mobile":{"unit":"px","top":"0","right":"12","bottom":"0","left":"12","isLinked":false}},"elements":[],"isInner":false,"widgetType":"motta-products-carousel","elType":"widget"}],"isInner":false,"elType":"column"}],"isInner":false,"elType":"section"},{"id":"1e090059","settings":[],"elements":[{"id":"32bcc1f","settings":{"_column_size":100,"_inline_size":null},"elements":[{"id":"2d5886a3","settings":{"title":"Our Featured Offers","button_text":"See All Offers","link":{"url":"#","is_external":"","nofollow":"","custom_attributes":""},"title_size":"h4","typography_font_size_mobile":{"unit":"px","size":18,"sizes":[]},"typography_font_weight":"500","button_color":"#1D2128","_padding":{"unit":"px","top":"3","right":"0","bottom":"0","left":"0","isLinked":false},"typography_line_height_mobile":{"unit":"px","size":16,"sizes":[]},"_padding_mobile":{"unit":"px","top":"0","right":"0","bottom":"0","left":"0","isLinked":false},"button_text_mobile":"See All","primary_button_text":"See All Offers","primary_mobile_button_text":"See All ","primary_button_link":{"url":"https:\/\/motta.uix.store\/shop\/","is_external":"","nofollow":"","custom_attributes":""},"size":"large","typography_typography":"custom"},"elements":[],"isInner":false,"widgetType":"motta-heading","elType":"widget"}],"isInner":false,"elType":"column"}],"isInner":false,"elType":"section"},{"id":"7e69bdd0","settings":{"structure":"40","border_border":"solid","border_width":{"unit":"px","top":"0","right":"0","bottom":"1","left":"0","isLinked":false},"border_color":"#ECF0F4","margin":{"unit":"px","top":"0","right":0,"bottom":"30","left":0,"isLinked":false},"margin_mobile":{"unit":"px","top":"0","right":0,"bottom":"015","left":0,"isLinked":false},"padding":{"unit":"px","top":"0","right":"0","bottom":"34","left":"0","isLinked":false},"padding_mobile":{"unit":"px","top":"0","right":"0","bottom":"20","left":"0","isLinked":false}},"elements":[{"id":"7e5b7557","settings":{"_column_size":25,"_inline_size":null,"_inline_size_tablet":50,"_inline_size_mobile":50},"elements":[{"id":"4ee083c4","settings":{"image":{"id":9923,"url":"http:\/\/localhost\/dev\/motta\/wp-content\/uploads\/sites\/12\/2022\/07\/homev5-ipadtablets.png","alt":"","source":"library"},"title":"Save up to $50 on select<br\/>\nipads & tablets","button_text":"Shop Now","link":{"url":"#","is_external":"","nofollow":"","custom_attributes":""},"title_typography_typography":"custom","title_typography_font_size":{"unit":"px","size":24,"sizes":[]},"title_typography_font_size_mobile":{"unit":"px","size":14,"sizes":[]},"title_typography_font_weight":"500","title_typography_line_height_mobile":{"unit":"px","size":18,"sizes":[]},"button_color":"#1D2128","image_spacing":{"unit":"px","size":3,"sizes":[]},"image_spacing_mobile":{"unit":"px","size":7,"sizes":[]},"primary_button_text":"Shop Now","primary_button_link":{"url":"https:\/\/motta.uix.store\/product-category\/electronics\/cell-phones-accessories\/?products_group=sale","is_external":"","nofollow":"","custom_attributes":""}},"elements":[],"isInner":false,"widgetType":"motta-image-box","elType":"widget"}],"isInner":false,"elType":"column"},{"id":"4a27218f","settings":{"_column_size":25,"_inline_size":null,"_inline_size_tablet":50,"_inline_size_mobile":50},"elements":[{"id":"396f2932","settings":{"image":{"id":9924,"url":"http:\/\/localhost\/dev\/motta\/wp-content\/uploads\/sites\/12\/2022\/07\/homev5-home-furniture.png","alt":"","source":"library"},"title":"Save up to 35% on<br \/>\nfurniture items","button_text":"Shop Now","link":{"url":"#","is_external":"","nofollow":"","custom_attributes":""},"title_typography_typography":"custom","title_typography_font_size":{"unit":"px","size":24,"sizes":[]},"title_typography_font_size_mobile":{"unit":"px","size":14,"sizes":[]},"title_typography_font_weight":"500","title_typography_line_height_mobile":{"unit":"px","size":18,"sizes":[]},"button_color":"#1D2128","image_spacing":{"unit":"px","size":3,"sizes":[]},"image_spacing_mobile":{"unit":"px","size":7,"sizes":[]},"primary_button_text":"Shop Now","primary_button_link":{"url":"https:\/\/motta.uix.store\/product-category\/homegarden\/furniture\/?products_group=sale","is_external":"","nofollow":"","custom_attributes":""}},"elements":[],"isInner":false,"widgetType":"motta-image-box","elType":"widget"}],"isInner":false,"elType":"column"},{"id":"32691879","settings":{"_column_size":25,"_inline_size":null,"_inline_size_tablet":50,"_inline_size_mobile":50},"elements":[{"id":"6ca21e6","settings":{"image":{"id":9925,"url":"http:\/\/localhost\/dev\/motta\/wp-content\/uploads\/sites\/12\/2022\/07\/homev5-fragrances.png","alt":"","source":"library"},"title":"Save up to $50 on select<br \/>\nfragrances","button_text":"Shop Now","link":{"url":"#","is_external":"","nofollow":"","custom_attributes":""},"title_typography_typography":"custom","title_typography_font_size":{"unit":"px","size":24,"sizes":[]},"title_typography_font_size_mobile":{"unit":"px","size":14,"sizes":[]},"title_typography_font_weight":"500","title_typography_line_height_mobile":{"unit":"px","size":18,"sizes":[]},"button_color":"#1D2128","image_spacing":{"unit":"px","size":3,"sizes":[]},"image_spacing_mobile":{"unit":"px","size":7,"sizes":[]},"primary_button_text":"Shop Now","primary_button_link":{"url":"https:\/\/motta.uix.store\/product-category\/beauty-health\/","is_external":"","nofollow":"","custom_attributes":""}},"elements":[],"isInner":false,"widgetType":"motta-image-box","elType":"widget"}],"isInner":false,"elType":"column"},{"id":"974c99e","settings":{"_column_size":25,"_inline_size":null,"_inline_size_tablet":50,"_inline_size_mobile":50},"elements":[{"id":"7491ea43","settings":{"image":{"id":9926,"url":"http:\/\/localhost\/dev\/motta\/wp-content\/uploads\/sites\/12\/2022\/07\/homev5-footwear.png","alt":"","source":"library"},"title":"Save up to 20% on <br \/>\nfootwear","button_text":"Shop Now","link":{"url":"#","is_external":"","nofollow":"","custom_attributes":""},"title_typography_typography":"custom","title_typography_font_size":{"unit":"px","size":24,"sizes":[]},"title_typography_font_size_mobile":{"unit":"px","size":14,"sizes":[]},"title_typography_font_weight":"500","title_typography_line_height_mobile":{"unit":"px","size":18,"sizes":[]},"button_color":"#1D2128","image_spacing":{"unit":"px","size":3,"sizes":[]},"image_spacing_mobile":{"unit":"px","size":7,"sizes":[]},"primary_button_text":"Shop Now","primary_button_link":{"url":"https:\/\/motta.uix.store\/product-category\/fashion\/man\/shoes-man\/","is_external":"","nofollow":"","custom_attributes":""}},"elements":[],"isInner":false,"widgetType":"motta-image-box","elType":"widget"}],"isInner":false,"elType":"column"}],"isInner":false,"elType":"section"},{"id":"20e7809d","settings":[],"elements":[{"id":"56b8cb0a","settings":{"_column_size":100,"_inline_size":null},"elements":[{"id":"7eeae8d4","settings":{"title":"Explore Popular Categories","button_text":"See All Categories","link":{"url":"#","is_external":"","nofollow":"","custom_attributes":""},"title_size":"h4","typography_font_size_mobile":{"unit":"px","size":18,"sizes":[]},"typography_font_weight":"500","button_color":"#1D2128","_padding":{"unit":"px","top":"3","right":"0","bottom":"10","left":"0","isLinked":false},"button_text_mobile":"See All","primary_button_text":"See All Categories","primary_mobile_button_text":"See All","primary_button_link":{"url":"https:\/\/motta.uix.store\/shop\/","is_external":"","nofollow":"","custom_attributes":""},"size":"large","typography_typography":"custom"},"elements":[],"isInner":false,"widgetType":"motta-heading","elType":"widget"}],"isInner":false,"elType":"column"}],"isInner":false,"elType":"section"},{"id":"67326845","settings":{"padding_mobile":{"unit":"px","top":"0","right":"0","bottom":"20","left":"0","isLinked":false}},"elements":[{"id":"6da6912d","settings":{"_column_size":100,"_inline_size":null,"padding_mobile":{"unit":"px","top":"0","right":"16","bottom":"0","left":"16","isLinked":false}},"elements":[{"id":"64a5835d","settings":{"columns":7,"image_box":[{"_id":"2dab3f1","image":{"id":9930,"url":"http:\/\/localhost\/dev\/motta\/wp-content\/uploads\/sites\/12\/2022\/07\/homev5-watch.jpg","alt":"","source":"library"},"title":"Watch","link":{"url":"https:\/\/motta.uix.store\/product-category\/electronics\/accessories-supplies\/","is_external":"","nofollow":"","custom_attributes":""}},{"_id":"a0b5410","image":{"id":9935,"url":"http:\/\/localhost\/dev\/motta\/wp-content\/uploads\/sites\/12\/2022\/07\/homev5-shoes-bags.jpg","alt":"","source":"library"},"title":"Shoes & Bags","link":{"url":"https:\/\/motta.uix.store\/product-category\/fashion\/woman\/shoes\/","is_external":"","nofollow":"","custom_attributes":""}},{"_id":"925c567","image":{"id":9934,"url":"http:\/\/localhost\/dev\/motta\/wp-content\/uploads\/sites\/12\/2022\/07\/homev5-kitchen-dining.jpg","alt":"","source":"library"},"title":"Kitchen & Dining","link":{"url":"https:\/\/motta.uix.store\/product-category\/homegarden\/kitchen-dining\/","is_external":"","nofollow":"","custom_attributes":""}},{"_id":"07fdf59","image":{"id":9932,"url":"http:\/\/localhost\/dev\/motta\/wp-content\/uploads\/sites\/12\/2022\/07\/homev5-fashion.jpg","alt":"","source":"library"},"title":"Fashion","link":{"url":"https:\/\/motta.uix.store\/product-category\/fashion\/","is_external":"","nofollow":"","custom_attributes":""}},{"_id":"9aa0eed","image":{"id":9933,"url":"http:\/\/localhost\/dev\/motta\/wp-content\/uploads\/sites\/12\/2022\/07\/homev5-furniture.jpg","alt":"","source":"library"},"title":"Furniture","link":{"url":"https:\/\/motta.uix.store\/product-category\/homegarden\/furniture\/","is_external":"","nofollow":"","custom_attributes":""}},{"_id":"8d8a032","image":{"id":9931,"url":"http:\/\/localhost\/dev\/motta\/wp-content\/uploads\/sites\/12\/2022\/07\/homev5-electronics.jpg","alt":"","source":"library"},"title":"Electronics","link":{"url":"https:\/\/motta.uix.store\/product-category\/electronics\/","is_external":"","nofollow":"","custom_attributes":""}},{"_id":"463b193","image":{"id":9936,"url":"http:\/\/localhost\/dev\/motta\/wp-content\/uploads\/sites\/12\/2022\/07\/homev5-toys-games.jpg","alt":"","source":"library"},"title":"Toys & Games","link":{"url":"https:\/\/motta.uix.store\/product-category\/toysgames\/","is_external":"","nofollow":"","custom_attributes":""}}],"title_typography_typography":"custom","title_typography_font_size":{"unit":"px","size":16,"sizes":[]},"title_typography_font_weight":"500","columns_mobile":2.5,"image_spacing":{"unit":"px","size":30,"sizes":[]},"horizontal_scrollable_tablet":"yes","horizontal_scrollable_mobile":"yes","columns_tablet":4.5,"item_spacing":{"unit":"px","top":"10","right":"10","bottom":"10","left":"10","isLinked":true},"title_ellipsis":"yes","title_typography_font_size_mobile":{"unit":"px","size":14,"sizes":[]}},"elements":[],"isInner":false,"widgetType":"motta-image-box-grid","elType":"widget"}],"isInner":false,"elType":"column"}],"isInner":false,"elType":"section"},{"id":"44edb614","settings":[],"elements":[{"id":"b9cad87","settings":{"_column_size":100,"_inline_size":null,"padding_mobile":{"unit":"px","top":"0","right":"16","bottom":"0","left":"16","isLinked":false}},"elements":[{"id":"1a08e3f","settings":{"image":{"id":9937,"url":"https:\/\/motta.uix.store\/wp-content\/uploads\/2022\/07\/homev5-make-every.jpg","alt":"","source":"library"},"image_tablet":{"url":"https:\/\/motta.uix.store\/wp-content\/uploads\/2022\/07\/homev5-make-every-ca-1.jpg","id":9946,"alt":"","source":"library"},"before_title":"Kitchen & Dining","title":"Make Every Meal Special","description":"Give your table a fresh fall look.","button_text":"Explore Now","content_spacing":{"unit":"px","top":"0","right":"0","bottom":"0","left":"8","isLinked":false},"slides_vertical_position":"middle","border_radius_img":{"unit":"px","top":"8","right":"8","bottom":"8","left":"8","isLinked":true},"height":{"unit":"px","size":180,"sizes":[]},"before_title_spacing":{"unit":"px","size":10,"sizes":[]},"before_title_typography_typography":"custom","before_title_typography_font_size":{"unit":"px","size":11,"sizes":[]},"before_title_typography_font_weight":"700","before_title_typography_text_transform":"uppercase","before_title_color":"#DF316E","title_spacing":{"unit":"px","size":0,"sizes":[]},"title_typography_typography":"custom","title_typography_font_size":{"unit":"px","size":28,"sizes":[]},"title_typography_font_weight":"700","title_typography_line_height":{"unit":"px","size":32,"sizes":[]},"title_color":"#DF316E","desc_spacing":{"unit":"px","size":0,"sizes":[]},"desc_typography_typography":"custom","desc_typography_font_size":{"unit":"px","size":16,"sizes":[]},"desc_typography_line_height":{"unit":"px","size":22,"sizes":[]},"desc_color":"#DF316E","skin":"subtle","button_color":"#DF316E","content_spacing_tablet":{"unit":"px","top":"0","right":"0","bottom":"0","left":"0","isLinked":true},"slides_text_align_tablet":"center","slides_horizontal_position":"left","slides_horizontal_positions":"center","slides_horizontal_position_tablet":"center","slides_horizontal_position_mobile":"center","height_tablet":{"unit":"px","size":120,"sizes":[]},"height_mobile":{"unit":"px","size":"","sizes":[]},"title_spacing_tablet":{"unit":"px","size":8,"sizes":[]},"title_spacing_mobile":{"unit":"px","size":5,"sizes":[]},"title_typography_font_size_mobile":{"unit":"px","size":24,"sizes":[]},"title_typography_line_height_mobile":{"unit":"px","size":20,"sizes":[]},"desc_typography_font_size_tablet":{"unit":"px","size":0,"sizes":[]},"desc_typography_line_height_tablet":{"unit":"px","size":0,"sizes":[]},"desc_typography_line_height_mobile":{"unit":"px","size":"","sizes":[]},"image_mobile":{"url":"http:\/\/localhost\/dev\/motta\/wp-content\/uploads\/sites\/12\/2022\/07\/homev5-make-every-ca-1.jpg","id":9946,"alt":"","source":"library"},"image_hover_effect":"","banner_horizontal_position_tablet":"center","banner_vertical_position":"middle","banner_text_align_tablet":"center","primary_button_text":"Explore Now","primary_button_link":{"url":"https:\/\/motta.uix.store\/product-category\/homegarden\/kitchen-dining\/","is_external":"","nofollow":"","custom_attributes":""},"primary_button_skin":"subtle","primary_button_options":"yes","primary_button_color":"#DF316E","youtube_url":"https:\/\/www.youtube.com\/watch?v=XHOmBV4js_E"},"elements":[],"isInner":false,"widgetType":"motta-banner","elType":"widget"}],"isInner":false,"elType":"column"}],"isInner":false,"elType":"section"},{"id":"9ea2e52","settings":[],"elements":[{"id":"efd0007","settings":{"_column_size":100,"_inline_size":null,"padding_mobile":{"unit":"px","top":"16","right":"16","bottom":"4","left":"16","isLinked":false}},"elements":[{"id":"34df98b5","settings":{"title":"New Arrivals","button_text":"See All Products","link":{"url":"#","is_external":"","nofollow":"","custom_attributes":""},"title_size":"h4","typography_font_size_mobile":{"unit":"px","size":18,"sizes":[]},"typography_font_weight":"500","button_color":"#1D2128","_padding":{"unit":"px","top":"18","right":"0","bottom":"15","left":"0","isLinked":false},"typography_line_height_mobile":{"unit":"px","size":16,"sizes":[]},"_padding_mobile":{"unit":"px","top":"015","right":"0","bottom":"0","left":"0","isLinked":false},"button_text_mobile":"See All","primary_button_text":"See All Products","primary_mobile_button_text":"See All","primary_button_link":{"url":"https:\/\/motta.uix.store\/shop\/","is_external":"","nofollow":"","custom_attributes":""},"size":"large","typography_typography":"custom"},"elements":[],"isInner":false,"widgetType":"motta-heading","elType":"widget"}],"isInner":false,"elType":"column"}],"isInner":false,"elType":"section"},{"id":"51eab143","settings":{"padding_mobile":{"unit":"px","top":"0","right":"0","bottom":"0013","left":"0","isLinked":false},"margin_mobile":{"unit":"px","top":"","right":0,"bottom":"","left":0,"isLinked":true},"margin":{"unit":"px","top":"","right":0,"bottom":"","left":0,"isLinked":true},"padding":{"unit":"px","top":"0","right":"0","bottom":"24","left":"0","isLinked":false}},"elements":[{"id":"19319990","settings":{"_column_size":100,"_inline_size":null},"elements":[{"id":"117924f1","settings":{"limit":8,"slides_to_show_tablet":3,"navigation_tablet":"arrows","navigation_mobile":"dots","autoplay":"","show_border":"yes","sliders_dots_style":"yes","sliders_dots_spacing_top_mobile":{"unit":"px","size":20,"sizes":[]},"sliders_arrow_style":"yes","arrows_spacing_vertical":{"unit":"%","size":34,"sizes":[]},"arrows_spacing_vertical_tablet":{"unit":"%","size":"","sizes":[]},"arrows_spacing_vertical_mobile":{"unit":"%","size":"","sizes":[]},"tag":["comfortable"],"sliders_arrows_horizontal_spacing_tablet":{"unit":"px","size":0,"sizes":[]},"sliders_dots_vertical_spacing_mobile":{"unit":"px","size":10,"sizes":[]},"product_item_padding_mobile":{"unit":"px","top":"0","right":"12","bottom":"0","left":"12","isLinked":false}},"elements":[],"isInner":false,"widgetType":"motta-products-carousel","elType":"widget"}],"isInner":false,"elType":"column"}],"isInner":false,"elType":"section"},{"id":"3eb0b461","settings":{"margin":{"unit":"px","top":"0","right":0,"bottom":"20","left":0,"isLinked":false},"margin_tablet":{"unit":"px","top":"0","right":0,"bottom":"0","left":0,"isLinked":false}},"elements":[{"id":"350cfeca","settings":{"_column_size":100,"_inline_size":null,"padding_mobile":{"unit":"px","top":"0","right":"16","bottom":"0","left":"16","isLinked":false}},"elements":[{"id":"2a8f8a98","settings":{"image":{"id":9938,"url":"https:\/\/motta.uix.store\/wp-content\/uploads\/2022\/07\/homev5-gift.jpg","alt":"","source":"library"},"title":"Gift The Ones You Love","description":"Thoughtful gifts that everyone on your list will love. We guarantee smiles all around.","button_text":"Shop All Gifts","content_spacing":{"unit":"px","top":"0","right":"0","bottom":"0","left":"0","isLinked":true},"slides_horizontal_position":"center","slides_vertical_position":"middle","slides_text_align":"center","background_position":"center center","border_radius_img":{"unit":"px","top":"8","right":"8","bottom":"8","left":"8","isLinked":true},"height":{"unit":"px","size":180,"sizes":[]},"height_mobile":{"unit":"px","size":120,"sizes":[]},"title_typography_typography":"custom","title_typography_font_size":{"unit":"px","size":32,"sizes":[]},"title_typography_font_size_mobile":{"unit":"px","size":24,"sizes":[]},"title_typography_font_weight":"500","title_typography_line_height":{"unit":"px","size":32,"sizes":[]},"title_color":"#BA3C5F","desc_spacing":{"unit":"px","size":10,"sizes":[]},"desc_spacing_mobile":{"unit":"px","size":0,"sizes":[]},"desc_typography_typography":"custom","desc_typography_font_size":{"unit":"px","size":16,"sizes":[]},"desc_typography_font_size_mobile":{"unit":"px","size":0,"sizes":[]},"desc_typography_line_height":{"unit":"px","size":22,"sizes":[]},"desc_typography_line_height_mobile":{"unit":"px","size":0,"sizes":[]},"desc_color":"#BA3C5F","skin":"subtle","button_color":"#BA3C5F","title_type":"image","title_image":{"url":"https:\/\/motta.uix.store\/wp-content\/uploads\/2022\/08\/homev5-gift-text.png","id":13475,"alt":"","source":"library"},"image_hover_effect":"","banner_horizontal_position":"center","banner_vertical_position":"middle","banner_text_align":"center","title_spacing":{"unit":"px","size":15,"sizes":[]},"primary_button_text":"Shop All Gifts","primary_button_skin":"subtle","primary_button_options":"yes","primary_button_color":"#BA3C5F","primary_button_link":{"url":"#","is_external":"","nofollow":"","custom_attributes":""},"youtube_url":"https:\/\/www.youtube.com\/watch?v=XHOmBV4js_E"},"elements":[],"isInner":false,"widgetType":"motta-banner","elType":"widget"}],"isInner":false,"elType":"column"}],"isInner":false,"elType":"section"},{"id":"157844c9","settings":[],"elements":[{"id":"44d04957","settings":{"_column_size":100,"_inline_size":null},"elements":[{"id":"50e9f292","settings":{"products":[{"_id":"861d35f","title":"Featured Products","tag":"listing"},{"_id":"3f2ee2c","title":"Most-viewed Items","tag":"listing-2","type":"featured_products"},{"_id":"130dd95","title":"We Think You'll Love","tag":"listing-3","type":"best_selling_products"}],"image_size":"custom","image_custom_dimension":{"width":"112","height":"112"},"_margin":{"unit":"px","top":"0","right":"0","bottom":"19","left":"0","isLinked":false},"_margin_mobile":{"unit":"px","top":"0","right":"0","bottom":"0","left":"0","isLinked":false},"_padding":{"unit":"px","top":"0","right":"0","bottom":"48","left":"0","isLinked":false},"_padding_mobile":{"unit":"px","top":"05","right":"0","bottom":"11","left":"0","isLinked":false},"_border_border":"solid","_border_width":{"unit":"px","top":"0","right":"0","bottom":"1","left":"0","isLinked":false},"_border_color":"#ECF0F4"},"elements":[],"isInner":false,"widgetType":"motta-products-listing","elType":"widget"}],"isInner":false,"elType":"column"}],"isInner":false,"elType":"section"},{"id":"113b51d3","settings":{"structure":"30","padding":{"unit":"px","top":"0","right":"0","bottom":"36","left":"0","isLinked":false},"padding_mobile":{"unit":"px","top":"0","right":"0","bottom":"013","left":"0","isLinked":false}},"elements":[{"id":"11f39baf","settings":{"_column_size":33,"_inline_size":null,"padding_mobile":{"unit":"px","top":"16","right":"37","bottom":"6","left":"37","isLinked":false}},"elements":[{"id":"f3a303c","settings":{"icon":{"value":"","library":""},"title":"Money Back Guarantee","description":"Get the item you ordered or your money back","button":"Learn More","position_mobile":"left","icon_spacing":{"unit":"px","size":40,"sizes":[]},"icon_size":{"unit":"px","size":64,"sizes":[]},"align":"center","align_mobile":"left","title_typography_typography":"custom","title_typography_font_size":{"unit":"px","size":18,"sizes":[]},"title_spacing_mobile":{"unit":"px","size":8,"sizes":[]},"description_typography_typography":"custom","description_typography_font_size":{"unit":"px","size":14,"sizes":[]},"description_spacing":{"unit":"px","size":9,"sizes":[]},"description_spacing_mobile":{"unit":"px","size":0,"sizes":[]},"button_typography_typography":"custom","button_typography_font_size":{"unit":"px","size":12,"sizes":[]},"button_underline":"show","_padding_mobile":{"unit":"px","top":"0","right":"0","bottom":"19","left":"0","isLinked":false},"_border_border":"solid","_border_width":{"unit":"px","top":"0","right":"0","bottom":"0","left":"0","isLinked":true},"_border_width_mobile":{"unit":"px","top":"0","right":"0","bottom":"1","left":"0","isLinked":false},"_border_color":"#ECF0F4","icon_type":"external","image":{"id":6851,"url":"http:\/\/localhost\/dev\/motta\/wp-content\/uploads\/sites\/12\/2022\/06\/moneyback.jpg","alt":"","source":"library"},"image_spacing":{"unit":"px","size":45,"sizes":[]},"image_spacing_mobile":{"unit":"px","size":35,"sizes":[]},"alignment":"center","alignment_mobile":"left","icon_url":"https:\/\/motta.uix.store\/wp-content\/uploads\/2022\/08\/moneyback.svg","icon_spacing_mobile":{"unit":"px","size":30,"sizes":[]},"primary_button_text":"Learn More","primary_button_link":{"url":"https:\/\/motta.uix.store\/money-back-guarantee\/","is_external":"","nofollow":"","custom_attributes":""},"title_typography_font_size_mobile":{"unit":"px","size":18,"sizes":[]},"title_typography_font_weight":"500","description_color":"#676D77"},"elements":[],"isInner":false,"widgetType":"motta-icon-box","elType":"widget"}],"isInner":false,"elType":"column"},{"id":"389c587","settings":{"_column_size":33,"_inline_size":null,"padding_mobile":{"unit":"px","top":"16","right":"37","bottom":"6","left":"37","isLinked":false}},"elements":[{"id":"50aa5d12","settings":{"icon":{"value":"","library":""},"title":"Fast & Free Shipping","description":"Free Shipping on order over $100","button":"Details","position_mobile":"left","icon_spacing":{"unit":"px","size":40,"sizes":[]},"icon_size":{"unit":"px","size":64,"sizes":[]},"align":"center","align_mobile":"left","title_typography_typography":"custom","title_typography_font_size":{"unit":"px","size":18,"sizes":[]},"title_spacing_mobile":{"unit":"px","size":8,"sizes":[]},"description_typography_typography":"custom","description_typography_font_size":{"unit":"px","size":14,"sizes":[]},"description_spacing":{"unit":"px","size":9,"sizes":[]},"description_spacing_mobile":{"unit":"px","size":0,"sizes":[]},"button_typography_typography":"custom","button_typography_font_size":{"unit":"px","size":12,"sizes":[]},"button_underline":"show","_padding_mobile":{"unit":"px","top":"0","right":"0","bottom":"19","left":"0","isLinked":false},"_border_border":"solid","_border_width":{"unit":"px","top":"0","right":"0","bottom":"0","left":"0","isLinked":true},"_border_width_mobile":{"unit":"px","top":"0","right":"0","bottom":"1","left":"0","isLinked":false},"_border_color":"#ECF0F4","icon_type":"external","image":{"id":6855,"url":"http:\/\/localhost\/dev\/motta\/wp-content\/uploads\/sites\/12\/2022\/06\/freeshipping.jpg","alt":"","source":"library"},"image_spacing":{"unit":"px","size":45,"sizes":[]},"image_spacing_mobile":{"unit":"px","size":35,"sizes":[]},"alignment":"center","alignment_mobile":"left","icon_url":"https:\/\/motta.uix.store\/wp-content\/uploads\/2022\/08\/freeshipping.svg","icon_spacing_mobile":{"unit":"px","size":30,"sizes":[]},"primary_button_text":"Details","primary_button_link":{"url":"https:\/\/motta.uix.store\/free-shipping\/","is_external":"","nofollow":"","custom_attributes":""},"title_typography_font_size_mobile":{"unit":"px","size":18,"sizes":[]},"title_typography_font_weight":"500","description_color":"#676D77"},"elements":[],"isInner":false,"widgetType":"motta-icon-box","elType":"widget"}],"isInner":false,"elType":"column"},{"id":"6a2df981","settings":{"_column_size":33,"_inline_size":null,"padding_mobile":{"unit":"px","top":"16","right":"37","bottom":"16","left":"37","isLinked":false}},"elements":[{"id":"599449d9","settings":{"icon":{"value":"","library":""},"title":"24\/7 Customer Service","description":"Want to talk to a person? Choose chat or call us","button":"Get Support","position_mobile":"left","icon_spacing":{"unit":"px","size":40,"sizes":[]},"icon_size":{"unit":"px","size":64,"sizes":[]},"align":"center","align_mobile":"left","title_typography_typography":"custom","title_typography_font_size":{"unit":"px","size":18,"sizes":[]},"title_spacing_mobile":{"unit":"px","size":8,"sizes":[]},"description_typography_typography":"custom","description_typography_font_size":{"unit":"px","size":14,"sizes":[]},"description_spacing":{"unit":"px","size":9,"sizes":[]},"description_spacing_mobile":{"unit":"px","size":0,"sizes":[]},"button_typography_typography":"custom","button_typography_font_size":{"unit":"px","size":12,"sizes":[]},"button_underline":"show","image":{"id":6856,"url":"http:\/\/localhost\/dev\/motta\/wp-content\/uploads\/sites\/12\/2022\/06\/customer_service.jpg","alt":"","source":"library"},"image_spacing":{"unit":"px","size":45,"sizes":[]},"image_spacing_mobile":{"unit":"px","size":35,"sizes":[]},"alignment":"center","alignment_mobile":"left","_padding_mobile":{"unit":"px","top":"0","right":"0","bottom":"19","left":"0","isLinked":false},"_border_width":{"unit":"px","top":"0","right":"0","bottom":"0","left":"0","isLinked":true},"_border_width_mobile":{"unit":"px","top":"0","right":"0","bottom":"1","left":"0","isLinked":false},"_border_color":"#ECF0F4","icon_url":"https:\/\/motta.uix.store\/wp-content\/uploads\/2022\/08\/customerservice.svg","icon_spacing_mobile":{"unit":"px","size":30,"sizes":[]},"icon_type":"external","primary_button_text":"Get Support","primary_button_link":{"url":"https:\/\/motta.uix.store\/customer-service\/","is_external":"","nofollow":"","custom_attributes":""},"title_typography_font_size_mobile":{"unit":"px","size":18,"sizes":[]},"title_typography_font_weight":"500","description_color":"#676D77","_border_border":"solid"},"elements":[],"isInner":false,"widgetType":"motta-icon-box","elType":"widget"}],"isInner":false,"elType":"column"}],"isInner":false,"elType":"section"}],"page_settings":{"footer_mobile_layout":"11173","header_layout":"v5","motta_hide_page_header":"1","motta_content_top_spacing":"no","motta_content_bottom_spacing":"no","footer_layout":"11175"},"version":"0.4","title":"home-v5","type":"page"}